scenario,particle,side,tally_name,energy_low_eV,energy_high_eV,energy_mid_eV,energy_width_eV,dlog10_energy,raw_current_per_source,std_current_per_source,outward_current_per_source,leakage_rate_per_s,leakage_std_per_s,rel_unc_percent,source_strength_per_s,normal_flip_applied,leakage_rate_per_log10_energy,leakage_std_per_log10_energy,energy_group
full_geometry,neutron,x_min,neutron_energy_resolved_current_x_min,0.001,0.0012185218841302,0.0011038667873118568,0.0002185218841302,0.08583333333333343,0.0,0.0,0.0,0.0,0.0,,12000000.0,False,0.0,0.0,thermal
full_geometry,neutron,x_min,neutron_energy_resolved_current_x_min,0.0012185218841302,0.0014847955821042124,0.0013450858375039943,0.0002662736979740124,0.08583333333333343,0.0,0.0,0.0,0.0,0.0,,12000000.0,False,0.0,0.0,thermal
full_geometry,neutron,x_min,neutron_energy_resolved_current_x_min,0.0014847955821042124,0.001809255910253822,0.0016390165290322153,0.00032446032814960964,0.08583333333333343,0.0,0.0,0.0,0.0,0.0,,12000000.0,False,0.0,0.0,thermal
full_geometry,neutron,x_min,neutron_energy_resolved_current_x_min,0.001809255910253822,0.0022046179206361848,0.0019971775090768746,0.00039536201038236274,0.08583333333333298,0.0,0.0,0.0,0.0,0.0,,12000000.0,False,0.0,0.0,thermal
full_geometry,neutron,x_min,neutron_energy_resolved_current_x_min,0.0022046179206361848,0.0026863751824408076,0.002433604501302811,0.0004817572618046229,0.08583333333333343,0.0,0.0,0.0,0.0,0.0,,12000000.0,False,0.0,0.0,thermal
full_geometry,neutron,x_min,neutron_energy_resolved_current_x_min,0.0026863751824408076,0.003273406948788383,0.0029654003421552377,0.0005870317663475753,0.08583333333333343,0.0,0.0,0.0,0.0,0.0,,12000000.0,False,0.0,0.0,thermal
full_geometry,neutron,x_min,neutron_energy_resolved_current_x_min,0.003273406948788383,0.0039887180027625094,0.00361340521212334,0.0007153110539741265,0.08583333333333343,0.0,0.0,0.0,0.0,0.0,,12000000.0,False,0.0,0.0,thermal
full_geometry,neutron,x_min,neutron_energy_resolved_current_x_min,0.0039887180027625094,0.004860340175990216,0.004403013327202414,0.0008716221732277063,0.08583333333333298,0.0,0.0,0.0,0.0,0.0,,12000000.0,False,0.0,0.0,thermal
full_geometry,neutron,x_min,neutron_energy_resolved_current_x_min,0.004860340175990216,0.005922430868761305,0.005365168095313064,0.0010620906927710895,0.08583333333333343,-6.666666666666667e-08,4.70615558697011e-08,6.666666666666667e-08,0.8,0.5647386704364132,70.59233380455164,12000000.0,False,9.320388349514554,6.579479655569855,thermal
full_geometry,neutron,x_min,neutron_energy_resolved_current_x_min,0.005922430868761305,0.007216611620833884,0.006537574736176111,0.0012941807520725785,0.08583333333333343,0.0,0.0,0.0,0.0,0.0,,12000000.0,False,0.0,0.0,thermal
full_geometry,neutron,x_min,neutron_energy_resolved_current_x_min,0.007216611620833884,0.0087935991892544,0.00796617788516731,0.0015769875684205157,0.08583333333333343,0.0,0.0,0.0,0.0,0.0,,12000000.0,False,0.0,0.0,thermal
full_geometry,neutron,x_min,neutron_energy_resolved_current_x_min,0.0087935991892544,0.01071519305237607,0.009706962085950403,0.0019215938631216706,0.08583333333333343,-3.3333333333333334e-08,3.333333333333334e-08,3.3333333333333334e-08,0.4,0.4000000000000001,100.00000000000001,12000000.0,False,4.660194174757277,4.660194174757278,thermal
full_geometry,neutron,x_min,neutron_energy_resolved_current_x_min,0.01071519305237607,0.01305669722700011,0.011828145730152697,0.0023415041746240404,0.0858333333333332,-3.3333333333333334e-08,3.333333333333334e-08,3.3333333333333334e-08,0.4,0.4000000000000001,100.00000000000001,12000000.0,False,4.660194174757288,4.660194174757289,thermal
full_geometry,neutron,x_min,neutron_energy_resolved_current_x_min,0.01305669722700011,0.01590987130556173,0.01441285442087224,0.0028531740785616207,0.08583333333333343,-1.0000000000000001e-07,7.443581928658478e-08,1.0000000000000001e-07,1.2000000000000002,0.8932298314390174,74.43581928658477,12000000.0,False,13.980582524271831,10.406561142978832,thermal
full_geometry,neutron,x_min,neutron_energy_resolved_current_x_min,0.01590987130556173,0.019386526359522076,0.01756237852461552,0.0034766550539603452,0.0858333333333332,-3.3333333333333334e-08,3.333333333333334e-08,3.3333333333333334e-08,0.4,0.4000000000000001,100.00000000000001,12000000.0,False,4.660194174757288,4.660194174757289,thermal
full_geometry,neutron,x_min,neutron_energy_resolved_current_x_min,0.019386526359522076,0.023622906626344628,0.02140014256962226,0.0042363802668225516,0.08583333333333343,-2.3333333333333336e-07,8.730235947285765e-08,2.3333333333333336e-07,2.8000000000000003,1.0476283136742919,37.41529691693899,12000000.0,False,32.621359223300935,12.205378411739309,thermal
full_geometry,neutron,x_min,neutron_energy_resolved_current_x_min,0.023622906626344628,0.02878502869096524,0.026076542044591016,0.005162122064620613,0.08583333333333343,-1.6666666666666668e-07,8.781166292509644e-08,1.6666666666666668e-07,2.0,1.0537399551011573,52.68699775505786,12000000.0,False,23.300970873786383,12.276582001178518,thermal
full_geometry,neutron,x_min,neutron_energy_resolved_current_x_min,0.02878502869096524,0.035075187395256814,0.031774837143775415,0.0062901587042915735,0.0858333333333332,-4.0000000000000003e-07,1.3153751621375323e-07,4.0000000000000003e-07,4.800000000000001,1.5784501945650387,32.8843790534383,12000000.0,False,55.92233009708747,18.389711004641253,thermal
full_geometry,neutron,x_min,neutron_energy_resolved_current_x_min,0.035075187395256814,0.04273988343108817,0.038718334424363475,0.007664696035831357,0.08583333333333343,-9.333333333333336e-07,1.8705803851563955e-07,9.333333333333336e-07,11.200000000000003,2.2446964621876746,20.041932698104233,12000000.0,False,130.48543689320377,26.15180344296317,thermal
full_geometry,neutron,x_min,neutron_energy_resolved_current_x_min,0.04273988343108817,0.05207948328595465,0.04717913781315854,0.00933959985486648,0.0858333333333332,-9.333333333333334e-07,1.8705803851563955e-07,9.333333333333334e-07,11.200000000000001,2.2446964621876746,20.041932698104233,12000000.0,False,130.48543689320408,26.15180344296324,thermal
full_geometry,neutron,x_min,neutron_energy_resolved_current_x_min,0.05207948328595465,0.06345999009812872,0.0574888118997283,0.01138050681217407,0.08583333333333343,-1.6666666666666686e-06,2.4911586507612733e-07,1.6666666666666686e-06,20.00000000000002,2.989390380913528,14.946951904567625,12000000.0,False,233.00970873786406,34.827849098021645,thermal
full_geometry,neutron,x_min,neutron_energy_resolved_current_x_min,0.06345999009812872,0.07732738670125563,0.07005137539246359,0.013867396603126914,0.08583333333333343,-1.8333333333333352e-06,2.811757974289911e-07,1.8333333333333352e-06,22.00000000000002,3.374109569147893,15.336861677944954,12000000.0,False,256.31067961165047,39.31001439783949,thermal
full_geometry,neutron,x_min,neutron_energy_resolved_current_x_min,0.07732738670125563,0.09422511293807855,0.08535913392913663,0.01689772623682291,0.0858333333333332,-2.533333333333338e-06,3.073725577544257e-07,2.533333333333338e-06,30.400000000000055,3.6884706930531084,12.133127279779938,12000000.0,False,354.17475728155455,42.97247409382268,thermal
full_geometry,neutron,x_min,neutron_energy_resolved_current_x_min,0.09422511293807855,0.1148153621496884,0.10401197270305365,0.02059024921160986,0.08583333333333365,-3.400000000000005e-06,3.8840496513995967e-07,3.400000000000005e-06,40.80000000000006,4.660859581679516,11.423675445292915,12000000.0,False,475.3398058252417,54.30127667976116,thermal
full_geometry,neutron,x_min,neutron_energy_resolved_current_x_min,0.1148153621496884,0.13990503141372942,0.12674086495022382,0.02508966926404102,0.08583333333333298,-3.0333333333333383e-06,3.856348436374439e-07,3.0333333333333383e-06,36.40000000000006,4.627618123649326,12.713236603432193,12000000.0,False,424.0776699029151,53.91399755707975,thermal
full_geometry,neutron,x_min,neutron_energy_resolved_current_x_min,0.13990503141372942,0.1704773424775524,0.15443651755543789,0.030572311063822966,0.08583333333333343,-5.800000000000011e-06,4.7346536698545453e-07,5.800000000000011e-06,69.60000000000014,5.681584403825454,8.16319598250782,12000000.0,False,810.8737864077677,66.19321635524794,thermal
full_geometry,neutron,x_min,neutron_energy_resolved_current_x_min,0.1704773424775524,0.20773037255725652,0.18818427635015889,0.037253030079704125,0.08583333333333343,-7.333333333333348e-06,5.307350308619361e-07,7.333333333333348e-06,88.00000000000018,6.368820370343234,7.237295875390023,12000000.0,False,1025.242718446603,74.19984897487254,thermal
full_geometry,neutron,x_min,neutron_energy_resolved_current_x_min,0.20773037255725652,0.2531240049595366,0.22930665898187383,0.04539363240228006,0.08583333333333343,-7.600000000000015e-06,5.180359099651077e-07,7.600000000000015e-06,91.20000000000019,6.216430919581293,6.816261973225088,12000000.0,False,1062.5242718446611,72.4244378980344,thermal
full_geometry,neutron,x_min,neutron_energy_resolved_current_x_min,0.2531240049595366,0.3084371394418766,0.27941518214619415,0.05531313448234004,0.08583333333333343,-1.203333333333336e-05,6.896242224503578e-07,1.203333333333336e-05,144.40000000000032,8.275490669404293,5.730949217038972,12000000.0,False,1682.3300970873804,96.4134835270402,thermal
full_geometry,neutron,x_min,neutron_energy_resolved_current_x_min,0.3084371394418766,0.3758374042884443,0.3404735142033633,0.06740026484656769,0.08583333333333298,-1.3266666666666693e-05,7.284523894437839e-07,1.3266666666666693e-05,159.20000000000033,8.741428673325407,5.490847156611426,12000000.0,False,1854.7572815534095,101.84188745621874,thermal
full_geometry,neutron,x_min,neutron_energy_resolved_current_x_min,0.3758374042884443,0.45796610200015886,0.41487442802351243,0.08212869771171455,0.08583333333333343,-1.669999999999999e-05,7.832769969542304e-07,1.669999999999999e-05,200.39999999999986,9.399323963450765,4.6902814188876105,12000000.0,False,2334.757281553394,109.50668695282432,thermal
full_geometry,neutron,x_min,neutron_energy_resolved_current_x_min,0.45796610200015886,0.5580417174769969,0.5055335697126495,0.10007561547683808,0.08583333333333343,-2.0399999999999964e-05,9.250146884850249e-07,2.0399999999999964e-05,244.79999999999956,11.100176261820298,4.534385727867777,12000000.0,False,2852.038834951448,129.3224418852849,epithermal_intermediate
full_geometry,neutron,x_min,neutron_energy_resolved_current_x_min,0.5580417174769969,0.679986045003323,0.6160037178573234,0.12194432752632611,0.08583333333333343,-2.2699999999999962e-05,9.438706806344983e-07,2.2699999999999962e-05,272.3999999999995,11.32644816761398,4.158020619535242,12000000.0,False,3173.5922330096996,131.95861942851224,epithermal_intermediate
full_geometry,neutron,x_min,neutron_energy_resolved_current_x_min,0.679986045003323,0.8285778767396922,0.7506140109147139,0.14859183173636914,0.08583333333333344,-2.876666666666664e-05,9.907243539187847e-07,2.876666666666664e-05,345.1999999999997,11.888692247025416,3.44400123030864,12000000.0,False,4021.7475728155255,138.50903588767457,epithermal_intermediate
full_geometry,neutron,x_min,neutron_energy_resolved_current_x_min,0.8285778767396922,1.0096402755134493,0.9146395988343231,0.18106239877375707,0.08583333333333297,-3.279999999999995e-05,1.1872980670882497e-06,3.279999999999995e-05,393.5999999999994,14.247576805058998,3.6198111801471087,12000000.0,False,4585.631067961177,165.99118607835797,epithermal_intermediate
full_geometry,neutron,x_min,neutron_energy_resolved_current_x_min,1.0096402755134493,1.2302687708123823,1.1145083672716891,0.22062849529893303,0.08583333333333339,-3.90666666666666e-05,1.153438302747926e-06,3.90666666666666e-05,468.7999999999992,13.841259632975111,2.9524871230749006,12000000.0,False,5461.747572815521,161.2573937822342,epithermal_intermediate
full_geometry,neutron,x_min,neutron_energy_resolved_current_x_min,1.2302687708123823,1.4991094205968494,1.3580528355667716,0.2688406497844671,0.08583333333333347,-4.343333333333326e-05,1.2311620285496779e-06,4.343333333333326e-05,521.1999999999991,14.773944342596135,2.8346017541435455,12000000.0,False,6072.233009708718,172.12362340888674,epithermal_intermediate
full_geometry,neutron,x_min,neutron_energy_resolved_current_x_min,1.4991094205968494,1.8266976357030054,1.6548170999431833,0.327588215106156,0.08583333333333343,-4.999999999999995e-05,1.4267706439568628e-06,4.999999999999995e-05,599.9999999999994,17.121247727482352,2.8535412879137283,12000000.0,False,6990.291262135908,199.47084731047377,epithermal_intermediate
full_geometry,neutron,x_min,neutron_energy_resolved_current_x_min,1.8266976357030054,2.2258710447930077,2.016430850513641,0.3991734090900023,0.08583333333333343,-5.510000000000001e-05,1.4488568515014453e-06,5.510000000000001e-05,661.2000000000002,17.386282218017342,2.629504267697722,12000000.0,False,7703.30097087378,202.5586277827261,epithermal_intermediate
full_geometry,neutron,x_min,neutron_energy_resolved_current_x_min,2.2258710447930077,2.7122725793320295,2.457065119186142,0.4864015345390218,0.08583333333333298,-5.679999999999998e-05,1.4389392847958737e-06,5.679999999999998e-05,681.5999999999997,17.267271417550486,2.5333438112603424,12000000.0,False,7940.970873786437,201.17209418505502,epithermal_intermediate
full_geometry,neutron,x_min,neutron_energy_resolved_current_x_min,2.7122725793320295,3.304963493642342,2.993987618461291,0.5926909143103125,0.08583333333333343,-5.9966666666666595e-05,1.3835297573135142e-06,5.9966666666666595e-05,719.5999999999991,16.602357087762172,2.3071646870153133,12000000.0,False,8383.68932038833,193.42551946907363,epithermal_intermediate
full_geometry,neutron,x_min,neutron_energy_resolved_current_x_min,3.304963493642342,4.027170343254594,3.648239433909942,0.7222068496122525,0.08583333333333343,-6.58e-05,1.7423442991077336e-06,6.58e-05,789.6,20.908131589292804,2.6479396642974673,12000000.0,False,9199.223300970863,243.5898825937023,epithermal_intermediate
full_geometry,neutron,x_min,neutron_energy_resolved_current_x_min,4.027170343254594,4.907195194375853,4.445459588766036,0.8800248511212585,0.08583333333333343,-7.113333333333336e-05,1.612433112581476e-06,7.113333333333336e-05,853.6000000000004,19.34919735097771,2.2667756971623363,12000000.0,False,9944.854368932032,225.42754195313813,epithermal_intermediate
full_geometry,neutron,x_min,neutron_energy_resolved_current_x_min,4.907195194375853,5.979524734045527,5.416889793927855,1.0723295396696741,0.08583333333333343,-7.55666666666666e-05,1.6158484407811535e-06,7.55666666666666e-05,906.7999999999993,19.390181289373842,2.138308479198705,12000000.0,False,10564.660194174738,225.90502473056878,epithermal_intermediate
full_geometry,neutron,x_min,neutron_energy_resolved_current_x_min,5.979524734045527,7.286181745132289,6.60059875782262,1.3066570110867621,0.08583333333333343,-8.220000000000003e-05,1.7710290894489612e-06,8.220000000000003e-05,986.4000000000004,21.252349073387535,2.154536605169052,12000000.0,False,11492.038834951449,247.60018337927198,epithermal_intermediate
full_geometry,neutron,x_min,neutron_energy_resolved_current_x_min,7.286181745132289,8.878371908193657,8.042974034769474,1.5921901630613675,0.08583333333333298,-8.640000000000004e-05,1.8095251506688074e-06,8.640000000000004e-05,1036.8000000000004,21.714301808025688,2.094357813274082,12000000.0,False,12079.223300970927,252.98215698670808,epithermal_intermediate
full_geometry,neutron,x_min,neutron_energy_resolved_current_x_min,8.878371908193657,10.818490465580783,9.800539874857575,1.9401185573871267,0.08583333333333387,-8.729999999999998e-05,1.8382562868497706e-06,8.729999999999998e-05,1047.5999999999997,22.059075442197248,2.1056773045243657,12000000.0,False,12205.04854368924,256.99893719064596,epithermal_intermediate
full_geometry,neutron,x_min,neutron_energy_resolved_current_x_min,10.818490465580783,13.1825673855641,11.942172313804612,2.364076919983317,0.08583333333333343,-9.156666666666658e-05,1.8274619675004733e-06,9.156666666666658e-05,1098.799999999999,21.92954361000568,1.9957720795418366,12000000.0,False,12801.553398058228,255.48982846608533,epithermal_intermediate
full_geometry,neutron,x_min,neutron_energy_resolved_current_x_min,13.1825673855641,16.06324684833086,14.551798308424692,2.880679462766759,0.08583333333333254,-9.310000000000003e-05,1.9560870320990298e-06,9.310000000000003e-05,1117.2000000000003,23.473044385188356,2.1010601848539516,12000000.0,False,13015.922330097212,273.4723617691873,epithermal_intermediate
full_geometry,neutron,x_min,neutron_energy_resolved_current_x_min,16.06324684833086,19.573417814876617,17.731684692264295,3.5101709665457577,0.08583333333333343,-9.396666666666664e-05,1.9016500101373424e-06,9.396666666666664e-05,1127.5999999999997,22.81980012164811,2.0237495673685806,12000000.0,False,13137.08737864076,265.8617489900748,epithermal_intermediate
full_geometry,neutron,x_min,neutron_energy_resolved_current_x_min,19.573417814876617,23.850637954651077,21.606445840020513,4.27722013977446,0.08583333333333343,-9.700000000000005e-05,1.950045021348027e-06,9.700000000000005e-05,1164.0000000000007,23.400540256176324,2.010355692111367,12000000.0,False,13561.165048543682,272.6276534700151,epithermal_intermediate
full_geometry,neutron,x_min,neutron_energy_resolved_current_x_min,23.850637954651077,29.06252429820869,26.327927094338918,5.211886343557612,0.08583333333333343,-9.763333333333334e-05,2.0381524484679257e-06,9.763333333333334e-05,1171.6000000000001,24.45782938161511,2.087557987505557,12000000.0,False,13649.708737864064,284.9455850285252,epithermal_intermediate
full_geometry,neutron,x_min,neutron_energy_resolved_current_x_min,29.06252429820869,35.41332186543297,32.0811553282364,6.35079756722428,0.08583333333333343,-0.00010046666666666654,2.0098272128450295e-06,0.00010046666666666654,1205.5999999999985,24.117926554140354,2.000491585446283,12000000.0,False,14045.825242718414,280.98555208707177,epithermal_intermediate
full_geometry,neutron,x_min,neutron_energy_resolved_current_x_min,35.41332186543297,43.15190768277659,39.09158983563622,7.738585817343619,0.08583333333333343,-0.00010130000000000008,2.1248463778164953e-06,0.00010130000000000008,1215.6000000000008,25.498156533797943,2.0975778655641597,12000000.0,False,14162.330097087373,297.0659013646359,epithermal_intermediate
full_geometry,neutron,x_min,neutron_energy_resolved_current_x_min,43.15190768277659,52.58154385342938,47.63395770016442,9.429636170652792,0.08583333333333343,-0.00010193333333333335,1.7796028350349646e-06,0.00010193333333333335,1223.2000000000003,21.355234020419573,1.745849740060462,12000000.0,False,14250.873786407754,248.79884295634426,epithermal_intermediate
full_geometry,neutron,x_min,neutron_energy_resolved_current_x_min,52.58154385342938,64.07176188675551,58.043019885382606,11.49021803332613,0.08583333333333343,-0.00010236666666666674,2.1405978250668054e-06,0.00010236666666666674,1228.4000000000008,25.687173900801664,2.0911082628461126,12000000.0,False,14311.456310679605,299.26804544623263,epithermal_intermediate
full_geometry,neutron,x_min,neutron_energy_resolved_current_x_min,64.07176188675551,78.07284401379086,70.72668995134308,14.001082127035346,0.08583333333333343,-0.00010233333333333335,2.0898615665927073e-06,0.00010233333333333335,1228.0000000000002,25.078338799112487,2.0422099999277266,12000000.0,False,14306.796116504842,292.1748209605335,epithermal_intermediate
full_geometry,neutron,x_min,neutron_energy_resolved_current_x_min,78.07284401379086,95.13346898708764,86.18201949780304,17.060624973296783,0.08583333333333343,-0.00011000000000000007,2.0899504722812313e-06,0.00011000000000000007,1320.000000000001,25.079405667374775,1.8999549748011182,12000000.0,False,15378.640776699023,292.1872504936864,epithermal_intermediate
full_geometry,neutron,x_min,neutron_energy_resolved_current_x_min,95.13346898708764,115.92221387398774,105.01467677660848,20.788744886900105,0.08583333333333254,-0.00010570000000000001,2.045614173472414e-06,0.00010570000000000001,1268.4,24.54737008166897,1.9353019616579128,12000000.0,False,14777.475728155478,285.9887776505149,epithermal_intermediate
full_geometry,neutron,x_min,neutron_energy_resolved_current_x_min,115.92221387398774,141.25375446227554,127.96268180715678,25.331540588287794,0.08583333333333343,-0.00011036666666666674,2.0437240220030067e-06,0.00011036666666666674,1324.400000000001,24.52468826403608,1.8517584010900077,12000000.0,False,15429.902912621354,285.7245234644977,epithermal_intermediate
full_geometry,neutron,x_min,neutron_energy_resolved_current_x_min,141.25375446227554,172.12079102783665,155.92532813400996,30.867036565561108,0.08583333333333343,-0.00011346666657000003,2.1032296296416506e-06,0.00011346666657000003,1361.5999988400004,25.238755555699807,1.853610133460758,12000000.0,False,15863.30095735921,294.0437540469877,epithermal_intermediate
full_geometry,neutron,x_min,neutron_energy_resolved_current_x_min,172.12079102783665,209.7329505812199,189.99842462147348,37.612159553383265,0.08583333333333343,-0.00010720000000000007,1.964137784176179e-06,0.00010720000000000007,1286.4000000000008,23.569653410114146,1.8322180822538972,12000000.0,False,14987.18446601941,274.5979038071548,epithermal_intermediate
full_geometry,neutron,x_min,neutron_energy_resolved_current_x_min,209.7329505812199,255.56419010641423,231.51723835152765,45.83123952519432,0.08583333333333343,-0.00011519999998563334,2.0024733866220484e-06,0.00011519999998563334,1382.3999998276001,24.02968063946458,1.7382581483261963,12000000.0,False,16105.631065952604,279.95744434327634,epithermal_intermediate
full_geometry,neutron,x_min,neutron_energy_resolved_current_x_min,255.56419010641423,311.41055844467644,282.10882148472405,55.84636833826221,0.08583333333333343,-0.00011556666666666667,1.9770242908095756e-06,0.00011556666666666667,1386.8,23.724291489714908,1.7107219130166502,12000000.0,False,16156.893203883477,276.3995125015326,epithermal_intermediate
full_geometry,neutron,x_min,neutron_energy_resolved_current_x_min,311.41055844467644,379.4605804140449,343.7557726853162,68.05002196936846,0.08583333333333343,-0.00012363333333333337,2.279127497069967e-06,0.00012363333333333337,1483.6000000000006,27.349529964839604,1.8434571289322992,12000000.0,False,17284.660194174747,318.6353005612377,epithermal_intermediate
full_geometry,neutron,x_min,neutron_energy_resolved_current_x_min,379.4605804140449,462.3810213992613,418.8739318131442,82.92044098521637,0.08583333333333343,-0.0001246666666666667,2.164543166589587e-06,0.0001246666666666667,1496.0000000000005,25.974517999075044,1.7362645721306842,12000000.0,False,17429.12621359222,302.6157436785439,epithermal_intermediate
full_geometry,neutron,x_min,neutron_energy_resolved_current_x_min,462.3810213992613,563.4213933814742,510.40705260597747,101.04037198221295,0.08583333333333343,-0.00013159999999999995,2.216367612956783e-06,0.00013159999999999995,1579.1999999999994,26.596411355481393,1.6841699186601702,12000000.0,False,18398.44660194172,309.8611031706567,epithermal_intermediate
full_geometry,neutron,x_min,neutron_energy_resolved_current_x_min,563.4213933814742,686.5412978224565,621.9421634147777,123.11990444098228,0.08583333333333343,-0.0001385666666666666,2.182027701560033e-06,0.0001385666666666666,1662.7999999999993,26.184332418720395,1.5747132799326682,12000000.0,False,19372.42718446599,305.0601835190722,epithermal_intermediate
full_geometry,neutron,x_min,neutron_energy_resolved_current_x_min,686.5412978224565,836.5655957558124,757.8501367841877,150.0242979333559,0.08583333333333343,-0.00014533333333333344,2.3827386196595575e-06,0.00014533333333333344,1744.0000000000014,28.59286343591469,1.639499050224465,12000000.0,False,20318.44660194174,333.12073905919993,epithermal_intermediate
full_geometry,neutron,x_min,neutron_energy_resolved_current_x_min,836.5655957558124,1019.3734859388737,923.4569765625972,182.80789018306132,0.08583333333333254,-0.00015316666666666669,2.4194761280697677e-06,0.00015316666666666669,1838.0000000000002,29.03371353683721,1.5796362098388035,12000000.0,False,21413.59223300991,338.25685673985413,epithermal_intermediate
full_geometry,neutron,x_min,neutron_energy_resolved_current_x_min,1019.3734859388737,1242.1289007186062,1125.2525349942327,222.75541477973252,0.08583333333333343,-0.00016453333333333328,2.6603213246435392e-06,0.00016453333333333328,1974.3999999999994,31.923855895722472,1.616888973648829,12000000.0,False,23002.71844660191,371.9284182025915,epithermal_intermediate
full_geometry,neutron,x_min,neutron_energy_resolved_current_x_min,1242.1289007186062,1513.5612484362102,1371.1448390634562,271.432347717604,0.08583333333333343,-0.00019880000000000006,2.860502563604496e-06,0.00019880000000000006,2385.600000000001,34.326030763253954,1.4388845893382771,12000000.0,False,27793.398058252405,399.91492151363786,epithermal_intermediate
full_geometry,neutron,x_min,neutron_energy_resolved_current_x_min,1513.5612484362102,1844.3075041909485,1670.7699927110023,330.7462557547383,0.08583333333333343,-0.00021390000000000002,3.010455581696007e-06,0.00021390000000000002,2566.8,36.12546698035208,1.407412614163631,12000000.0,False,29904.466019417443,420.8792269555577,epithermal_intermediate
full_geometry,neutron,x_min,neutron_energy_resolved_current_x_min,1844.3075041909485,2247.3290549222215,2035.8697994664112,403.021550731273,0.08583333333333343,-0.00023776666666666676,3.1661596730797867e-06,0.00023776666666666676,2853.200000000001,37.99391607695744,1.3316247047861147,12000000.0,False,33241.16504854367,442.6475659451347,epithermal_intermediate
full_geometry,neutron,x_min,neutron_energy_resolved_current_x_min,2247.3290549222215,2738.419634264367,2480.751903889584,491.09057934214525,0.08583333333333343,-0.0002624333333333334,3.118477436762589e-06,0.0002624333333333334,3149.2000000000007,37.42172924115107,1.1882931932284726,12000000.0,False,36689.70873786404,435.98131154739065,epithermal_intermediate
full_geometry,neutron,x_min,neutron_energy_resolved_current_x_min,2738.419634264367,3336.8242522829496,3022.850483987116,598.4046180185828,0.08583333333333343,-0.00028093333333333335,3.174484862689003e-06,0.00028093333333333335,3371.2000000000003,38.09381835226804,1.129978000482559,12000000.0,False,39276.116504854326,443.81147594875335,epithermal_intermediate
full_geometry,neutron,x_min,neutron_energy_resolved_current_x_min,3336.8242522829496,4065.993374903165,3683.409467191868,729.1691226202156,0.08583333333333343,-0.0002668333333333334,3.071231032017218e-06,0.0002668333333333334,3202.0000000000005,36.85477238420661,1.1509922668396817,12000000.0,False,37304.854368932,429.3759889422125,epithermal_intermediate
full_geometry,neutron,x_min,neutron_energy_resolved_current_x_min,4065.993374903165,4954.501908047916,4488.315043985651,888.5085331447508,0.08583333333333343,-0.0002986666666666668,3.1869764709493013e-06,0.0002986666666666668,3584.000000000002,38.24371765139161,1.0670680148267744,12000000.0,False,41755.33980582522,445.55787555019305,epithermal_intermediate
full_geometry,neutron,x_min,neutron_energy_resolved_current_x_min,4954.501908047916,6037.168999921217,5469.110103967317,1082.6670918733007,0.08583333333333343,-0.0002894999999999998,3.0743753387515358e-06,0.0002894999999999998,3473.9999999999977,36.89250406501843,1.0619603933511357,12000000.0,False,40473.78640776692,429.81558134002006,epithermal_intermediate
full_geometry,neutron,x_min,neutron_energy_resolved_current_x_min,6037.168999921217,7356.422544596421,6664.230348401762,1319.2535446752045,0.08583333333333254,-0.0001395333333333334,2.1346393716785133e-06,0.0001395333333333334,1674.400000000001,25.61567246014216,1.5298418812793924,12000000.0,False,19507.57281553417,298.43501895311533,epithermal_intermediate
full_geometry,neutron,x_min,neutron_energy_resolved_current_x_min,7356.422544596421,8963.961859499512,8120.5105204121655,1607.5393149030906,0.08583333333333343,-7.610000000000003e-05,1.8431741561501013e-06,7.610000000000003e-05,913.2000000000004,22.118089873801214,2.4220422551249676,12000000.0,False,10639.223300970867,257.6864839666158,epithermal_intermediate
full_geometry,neutron,x_min,neutron_energy_resolved_current_x_min,8963.961859499512,10922.783694308595,9895.019779431743,1958.8218348090832,0.08583333333333343,-0.0002414333333333335,2.9376343000048166e-06,0.0002414333333333335,2897.200000000002,35.2516116000578,1.2167476045857302,12000000.0,False,33753.78640776698,410.69838757348845,epithermal_intermediate
full_geometry,neutron,x_min,neutron_energy_resolved_current_x_min,10922.783694308595,13309.650967135536,12057.298145138764,2386.867272826941,0.08583333333333343,-0.0003983333333333333,3.987951009174962e-06,0.0003983333333333333,4779.999999999999,47.85541211009954,1.0011592491652626,12000000.0,False,55689.32038834944,557.5387818652367,epithermal_intermediate
full_geometry,neutron,x_min,neutron_energy_resolved_current_x_min,13309.650967135536,16218.100973589331,14692.081653334051,2908.450006453795,0.08583333333333343,-0.0005520666666666666,5.124012444392348e-06,0.0005520666666666666,6624.799999999999,61.48814933270817,0.9281510284492842,12000000.0,False,77182.13592233001,716.3667883422303,epithermal_intermediate
full_geometry,neutron,x_min,neutron_energy_resolved_current_x_min,16218.100973589331,19762.1109553519,17902.62301801535,3544.0099817625705,0.08583333333333343,-0.0008282666666666668,6.259261736652692e-06,0.0008282666666666668,9939.2,75.1111408398323,0.7557061014954152,12000000.0,False,115796.50485436882,875.0812525028996,epithermal_intermediate
full_geometry,neutron,x_min,neutron_energy_resolved_current_x_min,19762.1109553519,24080.564675705467,21814.737930784755,4318.453720353566,0.08583333333333343,-0.0017441333333333335,7.412119596189453e-06,0.0017441333333333335,20929.600000000002,88.94543515427344,0.4249743671846257,12000000.0,False,243839.99999999977,1036.2574969429904,epithermal_intermediate
full_geometry,neutron,x_min,neutron_energy_resolved_current_x_min,24080.564675705467,29342.695039559763,26581.735565226376,5262.130363854296,0.08583333333333343,-0.0022182999999999986,8.074784926951357e-06,0.0022182999999999986,26619.599999999984,96.89741912341628,0.3640077954718191,12000000.0,False,310131.2621359218,1128.9019703698973,epithermal_intermediate
full_geometry,neutron,x_min,neutron_energy_resolved_current_x_min,29342.695039559763,35754.71604506223,32390.42650439039,6412.021005502469,0.08583333333333343,-0.00020823333333333356,3.0789747433334566e-06,0.00020823333333333356,2498.800000000003,36.947696920001476,1.4786176132544195,12000000.0,False,29112.23300970874,430.4586048932206,epithermal_intermediate
full_geometry,neutron,x_min,neutron_energy_resolved_current_x_min,35754.71604506223,43567.90396176953,39468.44353191055,7813.187916707298,0.08583333333333343,-0.0005254666666666669,4.589060068807692e-06,0.0005254666666666669,6305.600000000003,55.0687208256923,0.8733303860963632,12000000.0,False,73463.30097087374,641.5773300080649,epithermal_intermediate
full_geometry,neutron,x_min,neutron_energy_resolved_current_x_min,43567.90396176953,53088.44442309901,48093.162176190046,9520.540461329481,0.08583333333333343,-0.0007980666666666668,5.37664824399477e-06,0.0007980666666666668,9576.800000000001,64.51977892793724,0.6737091609716944,12000000.0,False,111574.36893203872,751.6867447915009,epithermal_intermediate
full_geometry,neutron,x_min,neutron_energy_resolved_current_x_min,53088.44442309901,64689.43132397588,58602.5705887103,11600.986900876866,0.08583333333333254,-0.0010089333333333336,6.327074299675099e-06,0.0010089333333333336,12107.200000000004,75.92489159610119,0.6271052893823605,12000000.0,False,141054.75728155475,884.5618438380803,epithermal_intermediate
full_geometry,neutron,x_min,neutron_energy_resolved_current_x_min,64689.43132397588,78825.48774020227,71408.51472862824,14136.05641622639,0.08583333333333343,-0.0017748666665068987,8.333017613731316e-06,0.0017748666665068987,21298.399998082783,99.99621136477579,0.4695010487819608,12000000.0,False,248136.69900678942,1165.0044042498137,epithermal_intermediate
full_geometry,neutron,x_min,neutron_energy_resolved_current_x_min,78825.48774020227,96050.58183867324,87012.83791006723,17225.094098470974,0.08583333333333343,-0.0019328999990724926,8.606326788175679e-06,0.0019328999990724926,23194.799988869912,103.27592145810814,0.4452546325368849,12000000.0,False,270230.6794819793,1203.214618929414,epithermal_intermediate
full_geometry,neutron,x_min,neutron_energy_resolved_current_x_min,96050.58183867324,117039.73595386233,106027.04719369092,20989.154115189085,0.08583333333333432,-0.0017530999999566664,8.070630930468819e-06,0.0017530999999566664,21037.19999948,96.84757116562582,0.4603634094272038,12000000.0,False,245093.59222694865,1128.321217463589,fast
full_geometry,neutron,x_min,neutron_energy_resolved_current_x_min,117039.73595386233,142615.47957260144,129196.27731521803,25575.743618739114,0.08583333333333343,-0.0040234000000000025,1.2189845363614447e-05,0.0040234000000000025,48280.80000000003,146.27814436337337,0.3029737377246717,12000000.0,False,562494.7572815531,1704.2113906412412,fast
full_geometry,neutron,x_min,neutron_energy_resolved_current_x_min,142615.47957260144,173780.08287493835,157428.49125674728,31164.60330233691,0.08583333333333343,-0.0024845333333333346,9.878884538123051e-06,0.0024845333333333346,29814.400000000016,118.54661445747661,0.3976152948155138,12000000.0,False,347352.2330097085,1381.125605329823,fast
full_geometry,neutron,x_min,neutron_energy_resolved_current_x_min,173780.08287493835,211754.8340090713,191830.06178194602,37974.75113413294,0.08583333333333165,-0.0032327333333333334,1.1261935903622597e-05,0.0032327333333333334,38792.8,135.14323084347117,0.3483719423281412,12000000.0,False,451954.95145631954,1574.4842428365882,fast
full_geometry,neutron,x_min,neutron_energy_resolved_current_x_min,211754.8340090713,258027.8993104113,233749.12831534902,46273.065301340015,0.08583333333333343,-0.0037154999999333307,1.1237193876831528e-05,0.0037154999999333307,44585.99999919997,134.84632652197834,0.3024409602215896,12000000.0,False,519448.54367999913,1571.0251633628527,fast
full_geometry,neutron,x_min,neutron_energy_resolved_current_x_min,258027.8993104113,314412.64202587993,284828.428248611,56384.74271546863,0.08583333333333343,-0.00738956666656667,1.6150988965523697e-05,0.00738956666656667,88674.79999880004,193.81186758628436,0.2185647642722702,12000000.0,False,1033104.4660054361,2258.0023408110774,fast
full_geometry,neutron,x_min,neutron_energy_resolved_current_x_min,314412.64202587993,383118.6849557293,347069.67304334097,68706.04292984935,0.08583333333333343,-0.0061581333333333346,1.365891016260514e-05,0.0061581333333333346,73897.60000000002,163.90692195126167,0.22180276754760864,12000000.0,False,860942.9126213585,1909.5952071991628,fast
full_geometry,neutron,x_min,neutron_energy_resolved_current_x_min,383118.6849557293,466838.5018377398,422911.9919212243,83719.81688201049,0.08583333333333343,-0.002913533333333333,9.722833786571627e-06,0.002913533333333333,34962.399999999994,116.67400543885952,0.33371280415205923,12000000.0,False,407328.93203883443,1359.30880122943,fast
full_geometry,neutron,x_min,neutron_energy_resolved_current_x_min,466838.5018377398,568852.9308438424,515327.5172171061,102014.42900610267,0.08583333333333343,-0.004784633333203332,1.2791031048397889e-05,0.004784633333203332,57415.59999843998,153.49237258077466,0.2673356589236116,12000000.0,False,668919.6116323097,1788.260651426499,fast
full_geometry,neutron,x_min,neutron_energy_resolved_current_x_min,568852.9308438424,693159.7450848253,627937.8572235262,124306.81424098287,0.08583333333333343,-0.008129599999849782,1.716467295996293e-05,0.008129599999849782,97555.1999981974,205.97607551955514,0.2111379767796705,12000000.0,False,1136565.4368722013,2399.721268188989,fast
full_geometry,neutron,x_min,neutron_energy_resolved_current_x_min,693159.7450848253,844630.3185839704,765156.0209006916,151470.5734991451,0.08583333333333343,-0.0041168666666666675,1.2328671872106153e-05,0.0041168666666666675,49402.40000000001,147.94406246527382,0.29946735880296055,12000000.0,False,575561.9417475723,1723.620145226489,fast
full_geometry,neutron,x_min,neutron_energy_resolved_current_x_min,844630.3185839704,1029200.5271944307,932359.3562414775,184570.20861046028,0.08583333333333343,-0.0043883666666666675,1.2737684355876191e-05,0.0043883666666666675,52660.40000000001,152.8522122705143,0.29026025679735484,12000000.0,False,613519.2233009703,1780.8024730545335,fast
full_geometry,neutron,x_min,neutron_energy_resolved_current_x_min,1029200.5271944307,1254103.365544753,1136100.2794537854,224902.8383503222,0.08583333333333343,-0.003535499999938532,1.1250479984909133e-05,0.003535499999938532,42425.999999262385,135.00575981890958,0.31821467925625035,12000000.0,False,494283.49513703695,1572.882638666906,fast
full_geometry,neutron,x_min,neutron_energy_resolved_current_x_min,1254103.365544753,1528152.3958776172,1384363.0530808733,274049.03033286426,0.08583333333333343,-0.0024437999999583323,9.340140059319872e-06,0.0024437999999583323,29325.599999499987,112.08168071183846,0.38219739992958196,12000000.0,False,341657.4757223296,1305.8059888757864,fast
full_geometry,neutron,x_min,neutron_energy_resolved_current_x_min,1528152.3958776172,1862087.1366628732,1686876.6757603418,333934.740785256,0.08583333333333343,-0.0020119000000000014,8.052515065814e-06,0.0020119000000000014,24142.800000000017,96.630180789768,0.40024429970744047,12000000.0,False,281275.33980582515,1125.7885140555484,fast
full_geometry,neutron,x_min,neutron_energy_resolved_current_x_min,1862087.1366628732,2268993.9261810533,2055496.1452427802,406906.78951818007,0.08583333333333343,-0.0015794000000000012,7.202665801549812e-06,0.0015794000000000012,18952.800000000014,86.43198961859774,0.4560381031752442,12000000.0,False,220809.32038834944,1006.9746363331765,fast
full_geometry,neutron,x_min,neutron_energy_resolved_current_x_min,2268993.9261810533,2764818.754010117,2504667.035723596,495824.82782906387,0.08583333333333343,-0.0012101,6.646259457127965e-06,0.0012101,14521.199999999999,79.75511348553557,0.5492322499899153,12000000.0,False,169179.0291262134,929.1857881809959,fast
full_geometry,neutron,x_min,neutron_energy_resolved_current_x_min,2764818.754010117,3368992.1574149197,3051991.5954887187,604173.4034048025,0.08583333333333343,-0.0008969333333333329,5.020558256064135e-06,0.0008969333333333329,10763.199999999995,60.246699072769616,0.5597470926190133,12000000.0,False,125396.50485436874,701.903290168189,fast
full_geometry,neutron,x_min,neutron_energy_resolved_current_x_min,3368992.1574149197,4105190.6712730955,3718918.549284449,736198.5138581758,0.08583333333333343,-0.0007562666666666665,5.147131407324608e-06,0.0007562666666666665,9075.199999999999,61.76557688789529,0.6805974181053344,12000000.0,False,105730.48543689307,719.5989540337308,fast
full_geometry,neutron,x_min,neutron_energy_resolved_current_x_min,4105190.6712730955,5002264.671473413,4531583.637600836,897074.0002003172,0.08583333333333343,-0.0007728000000000004,5.097322618966505e-06,0.0007728000000000004,9273.600000000004,61.167871427598065,0.6595914362016697,12000000.0,False,108041.94174757274,712.6353952729863,fast
full_geometry,neutron,x_min,neutron_energy_resolved_current_x_min,5002264.671473413,6095368.972401719,5521833.832182957,1093104.3009283058,0.08583333333333343,-0.0006756666666666666,4.786135991923472e-06,0.0006756666666666666,8108.0,57.43363190308167,0.7083575715722948,12000000.0,False,94462.13592233,669.1296920747371,fast
full_geometry,neutron,x_min,neutron_energy_resolved_current_x_min,6095368.972401719,7427340.484719703,6728475.365045459,1331971.5123179844,0.08583333333333343,-0.0006356666666666673,4.611515162303825e-06,0.0006356666666666673,7628.000000000007,55.3381819476459,0.7254612211280262,12000000.0,False,88869.90291262134,644.7166828851942,fast
full_geometry,neutron,x_min,neutron_energy_resolved_current_x_min,7427340.484719703,9050376.921517165,8198794.479138827,1623036.4367974624,0.08583333333333343,-0.0005643999999999998,4.6804129442684794e-06,0.0005643999999999998,6772.799999999998,56.164955331221755,0.8292723147180157,12000000.0,False,78906.40776699019,654.3489941501556,fast
full_geometry,neutron,x_min,neutron_energy_resolved_current_x_min,9050376.921517165,11028082.338495575,9990410.496316526,1977705.4169784095,0.08583333333333343,-0.0002636333333333336,2.9125868902339157e-06,0.0002636333333333336,3163.600000000003,34.951042682806985,1.1047870363764998,12000000.0,False,36857.47572815533,407.19661378027513,fast
full_geometry,neutron,x_min,neutron_energy_resolved_current_x_min,11028082.338495575,13437959.669446556,12173533.821205715,2409877.330950981,0.08583333333333165,-3.3333333333333334e-08,3.333333333333334e-08,3.3333333333333334e-08,0.4,0.4000000000000001,100.00000000000001,12000000.0,False,4.660194174757373,4.660194174757374,fast
full_geometry,neutron,x_min,neutron_energy_resolved_current_x_min,13437959.669446556,16374447.935279656,14833717.36833827,2936488.2658331003,0.08583333333333343,0.0,0.0,0.0,0.0,0.0,,12000000.0,False,0.0,0.0,fast
full_geometry,neutron,x_min,neutron_energy_resolved_current_x_min,16374447.935279656,19952623.149688788,18075209.2363224,3578175.2144091316,0.08583333333333254,0.0,0.0,0.0,0.0,0.0,,12000000.0,False,0.0,0.0,fast
full_geometry,neutron,x_max,neutron_energy_resolved_current_x_max,0.001,0.0012185218841302,0.0011038667873118568,0.0002185218841302,0.08583333333333343,0.0,0.0,0.0,0.0,0.0,,12000000.0,False,0.0,0.0,thermal
full_geometry,neutron,x_max,neutron_energy_resolved_current_x_max,0.0012185218841302,0.0014847955821042124,0.0013450858375039943,0.0002662736979740124,0.08583333333333343,0.0,0.0,0.0,0.0,0.0,,12000000.0,False,0.0,0.0,thermal
full_geometry,neutron,x_max,neutron_energy_resolved_current_x_max,0.0014847955821042124,0.001809255910253822,0.0016390165290322153,0.00032446032814960964,0.08583333333333343,0.0,0.0,0.0,0.0,0.0,,12000000.0,False,0.0,0.0,thermal
full_geometry,neutron,x_max,neutron_energy_resolved_current_x_max,0.001809255910253822,0.0022046179206361848,0.0019971775090768746,0.00039536201038236274,0.08583333333333298,0.0,0.0,0.0,0.0,0.0,,12000000.0,False,0.0,0.0,thermal
full_geometry,neutron,x_max,neutron_energy_resolved_current_x_max,0.0022046179206361848,0.0026863751824408076,0.002433604501302811,0.0004817572618046229,0.08583333333333343,0.0,0.0,0.0,0.0,0.0,,12000000.0,False,0.0,0.0,thermal
full_geometry,neutron,x_max,neutron_energy_resolved_current_x_max,0.0026863751824408076,0.003273406948788383,0.0029654003421552377,0.0005870317663475753,0.08583333333333343,0.0,0.0,0.0,0.0,0.0,,12000000.0,False,0.0,0.0,thermal
full_geometry,neutron,x_max,neutron_energy_resolved_current_x_max,0.003273406948788383,0.0039887180027625094,0.00361340521212334,0.0007153110539741265,0.08583333333333343,0.0,0.0,0.0,0.0,0.0,,12000000.0,False,0.0,0.0,thermal
full_geometry,neutron,x_max,neutron_energy_resolved_current_x_max,0.0039887180027625094,0.004860340175990216,0.004403013327202414,0.0008716221732277063,0.08583333333333298,0.0,0.0,0.0,0.0,0.0,,12000000.0,False,0.0,0.0,thermal
full_geometry,neutron,x_max,neutron_energy_resolved_current_x_max,0.004860340175990216,0.005922430868761305,0.005365168095313064,0.0010620906927710895,0.08583333333333343,0.0,0.0,0.0,0.0,0.0,,12000000.0,False,0.0,0.0,thermal
full_geometry,neutron,x_max,neutron_energy_resolved_current_x_max,0.005922430868761305,0.007216611620833884,0.006537574736176111,0.0012941807520725785,0.08583333333333343,0.0,0.0,0.0,0.0,0.0,,12000000.0,False,0.0,0.0,thermal
full_geometry,neutron,x_max,neutron_energy_resolved_current_x_max,0.007216611620833884,0.0087935991892544,0.00796617788516731,0.0015769875684205157,0.08583333333333343,0.0,0.0,0.0,0.0,0.0,,12000000.0,False,0.0,0.0,thermal
full_geometry,neutron,x_max,neutron_energy_resolved_current_x_max,0.0087935991892544,0.01071519305237607,0.009706962085950403,0.0019215938631216706,0.08583333333333343,0.0,0.0,0.0,0.0,0.0,,12000000.0,False,0.0,0.0,thermal
full_geometry,neutron,x_max,neutron_energy_resolved_current_x_max,0.01071519305237607,0.01305669722700011,0.011828145730152697,0.0023415041746240404,0.0858333333333332,3.3333333333333334e-08,3.333333333333334e-08,3.3333333333333334e-08,0.4,0.4000000000000001,100.00000000000001,12000000.0,False,4.660194174757288,4.660194174757289,thermal
full_geometry,neutron,x_max,neutron_energy_resolved_current_x_max,0.01305669722700011,0.01590987130556173,0.01441285442087224,0.0028531740785616207,0.08583333333333343,3.3333333333333334e-08,3.333333333333334e-08,3.3333333333333334e-08,0.4,0.4000000000000001,100.00000000000001,12000000.0,False,4.660194174757277,4.660194174757278,thermal
full_geometry,neutron,x_max,neutron_energy_resolved_current_x_max,0.01590987130556173,0.019386526359522076,0.01756237852461552,0.0034766550539603452,0.0858333333333332,0.0,0.0,0.0,0.0,0.0,,12000000.0,False,0.0,0.0,thermal
full_geometry,neutron,x_max,neutron_energy_resolved_current_x_max,0.019386526359522076,0.023622906626344628,0.02140014256962226,0.0042363802668225516,0.08583333333333343,0.0,0.0,0.0,0.0,0.0,,12000000.0,False,0.0,0.0,thermal
full_geometry,neutron,x_max,neutron_energy_resolved_current_x_max,0.023622906626344628,0.02878502869096524,0.026076542044591016,0.005162122064620613,0.08583333333333343,1.6666666666666668e-07,7.403535467669018e-08,1.6666666666666668e-07,2.0,0.8884242561202821,44.421212806014104,12000000.0,False,23.300970873786383,10.350573857712012,thermal
full_geometry,neutron,x_max,neutron_energy_resolved_current_x_max,0.02878502869096524,0.035075187395256814,0.031774837143775415,0.0062901587042915735,0.0858333333333332,2.0000000000000002e-07,8.096409047527365e-08,2.0000000000000002e-07,2.4000000000000004,0.9715690857032837,40.48204523763681,12000000.0,False,27.961165048543734,11.319251483921768,thermal
full_geometry,neutron,x_max,neutron_energy_resolved_current_x_max,0.035075187395256814,0.04273988343108817,0.038718334424363475,0.007664696035831357,0.08583333333333343,1.6666666666666668e-07,8.781166292509644e-08,1.6666666666666668e-07,2.0,1.0537399551011573,52.68699775505786,12000000.0,False,23.300970873786383,12.276582001178518,thermal
full_geometry,neutron,x_max,neutron_energy_resolved_current_x_max,0.04273988343108817,0.05207948328595465,0.04717913781315854,0.00933959985486648,0.0858333333333332,1.3333333333333334e-07,9.412311173940221e-08,1.3333333333333334e-07,1.6,1.1294773408728265,70.59233380455164,12000000.0,False,18.640776699029153,13.158959311139746,thermal
full_geometry,neutron,x_max,neutron_energy_resolved_current_x_max,0.05207948328595465,0.06345999009812872,0.0574888118997283,0.01138050681217407,0.08583333333333343,5.333333333333333e-07,1.382590699372676e-07,5.333333333333333e-07,6.4,1.6591088392472113,25.923575613237677,12000000.0,False,74.56310679611643,19.3294233698704,thermal
full_geometry,neutron,x_max,neutron_energy_resolved_current_x_max,0.06345999009812872,0.07732738670125563,0.07005137539246359,0.013867396603126914,0.08583333333333343,7.666666666666667e-07,1.6773348646692045e-07,7.666666666666667e-07,9.200000000000001,2.0128018376030457,21.878280843511362,12000000.0,False,107.18446601941737,23.450118496346136,thermal
full_geometry,neutron,x_max,neutron_energy_resolved_current_x_max,0.07732738670125563,0.09422511293807855,0.08535913392913663,0.01689772623682291,0.0858333333333332,1.4666666666666682e-06,2.0997071162396357e-07,1.4666666666666682e-06,17.60000000000002,2.5196485394875627,14.316184883452046,12000000.0,False,205.04854368932092,29.355128615389123,thermal
full_geometry,neutron,x_max,neutron_energy_resolved_current_x_max,0.09422511293807855,0.1148153621496884,0.10401197270305365,0.02059024921160986,0.08583333333333365,1.133333333333334e-06,1.893092138451642e-07,1.133333333333334e-06,13.600000000000009,2.2717105661419703,16.703754162808593,12000000.0,False,158.44660194174708,26.46653086767334,thermal
full_geometry,neutron,x_max,neutron_energy_resolved_current_x_max,0.1148153621496884,0.13990503141372942,0.12674086495022382,0.02508966926404102,0.08583333333333298,1.366666666666668e-06,2.0418330307848058e-07,1.366666666666668e-06,16.400000000000016,2.450199636941767,14.940241688669294,12000000.0,False,191.06796116504952,28.546015187671188,thermal
full_geometry,neutron,x_max,neutron_energy_resolved_current_x_max,0.13990503141372942,0.1704773424775524,0.15443651755543789,0.030572311063822966,0.08583333333333343,1.500000000000001e-06,2.5916855308364355e-07,1.500000000000001e-06,18.000000000000014,3.1100226370037225,17.277903538909555,12000000.0,False,209.7087378640776,36.23327344082003,thermal
full_geometry,neutron,x_max,neutron_energy_resolved_current_x_max,0.1704773424775524,0.20773037255725652,0.18818427635015889,0.037253030079704125,0.08583333333333343,2.100000000000003e-06,2.6241737033622717e-07,2.100000000000003e-06,25.20000000000004,3.149008444034726,12.496065254106037,12000000.0,False,293.5922330097089,36.68747701788026,thermal
full_geometry,neutron,x_max,neutron_energy_resolved_current_x_max,0.20773037255725652,0.2531240049595366,0.22930665898187383,0.04539363240228006,0.08583333333333343,2.833333333333338e-06,3.112829328575025e-07,2.833333333333338e-06,34.00000000000006,3.73539519429003,10.986456453794188,12000000.0,False,396.11650485436917,43.51916731211681,thermal
full_geometry,neutron,x_max,neutron_energy_resolved_current_x_max,0.2531240049595366,0.3084371394418766,0.27941518214619415,0.05531313448234004,0.08583333333333343,3.3000000000000057e-06,3.277061249775867e-07,3.3000000000000057e-06,39.600000000000065,3.9324734997310404,9.93048863568443,12000000.0,False,461.3592233009711,45.81522523958488,thermal
full_geometry,neutron,x_max,neutron_energy_resolved_current_x_max,0.3084371394418766,0.3758374042884443,0.3404735142033633,0.06740026484656769,0.08583333333333298,5.0333333333333425e-06,4.262782164268711e-07,5.0333333333333425e-06,60.40000000000011,5.115338597122453,8.46910363761994,12000000.0,False,703.6893203883537,59.596177830553096,thermal
full_geometry,neutron,x_max,neutron_energy_resolved_current_x_max,0.3758374042884443,0.45796610200015886,0.41487442802351243,0.08212869771171455,0.08583333333333343,5.733333333333345e-06,4.3198056578497224e-07,5.733333333333345e-06,68.80000000000014,5.183766789419667,7.5345447520634545,12000000.0,False,801.5533980582532,60.393399488384404,thermal
full_geometry,neutron,x_max,neutron_energy_resolved_current_x_max,0.45796610200015886,0.5580417174769969,0.5055335697126495,0.10007561547683808,0.08583333333333343,7.200000000000015e-06,4.93525528261414e-07,7.200000000000015e-06,86.40000000000018,5.922306339136968,6.854521225852959,12000000.0,False,1006.6019417475737,68.99774375693548,epithermal_intermediate
full_geometry,neutron,x_max,neutron_energy_resolved_current_x_max,0.5580417174769969,0.679986045003323,0.6160037178573234,0.12194432752632611,0.08583333333333343,8.43333333333335e-06,5.523201964489661e-07,8.43333333333335e-06,101.2000000000002,6.627842357387593,6.549251341292074,12000000.0,False,1179.0291262135934,77.21758086276799,epithermal_intermediate
full_geometry,neutron,x_max,neutron_energy_resolved_current_x_max,0.679986045003323,0.8285778767396922,0.7506140109147139,0.14859183173636914,0.08583333333333344,1.0366666666666689e-05,6.070899083488574e-07,1.0366666666666689e-05,124.40000000000026,7.285078900186289,5.856172749345879,12000000.0,False,1449.3203883495157,84.87470563323821,epithermal_intermediate
full_geometry,neutron,x_max,neutron_energy_resolved_current_x_max,0.8285778767396922,1.0096402755134493,0.9146395988343231,0.18106239877375707,0.08583333333333297,1.213333333333336e-05,6.942563104506267e-07,1.213333333333336e-05,145.6000000000003,8.331075725407521,5.72189266854911,12000000.0,False,1696.3106796116613,97.06107641251522,epithermal_intermediate
full_geometry,neutron,x_max,neutron_energy_resolved_current_x_max,1.0096402755134493,1.2302687708123823,1.1145083672716891,0.22062849529893303,0.08583333333333339,1.4100000000000009e-05,6.748962511621868e-07,1.4100000000000009e-05,169.2000000000001,8.098755013946242,4.786498235192811,12000000.0,False,1971.2621359223301,94.35442734694645,epithermal_intermediate
full_geometry,neutron,x_max,neutron_energy_resolved_current_x_max,1.2302687708123823,1.4991094205968494,1.3580528355667716,0.2688406497844671,0.08583333333333347,1.4266666666666684e-05,6.78862799728117e-07,1.4266666666666684e-05,171.20000000000022,8.146353596737404,4.758384110243805,12000000.0,False,1994.5631067961158,94.90897394257155,epithermal_intermediate
full_geometry,neutron,x_max,neutron_energy_resolved_current_x_max,1.4991094205968494,1.8266976357030054,1.6548170999431833,0.327588215106156,0.08583333333333343,1.8966666666666635e-05,7.374340600619361e-07,1.8966666666666635e-05,227.59999999999962,8.849208720743233,3.888053040748351,12000000.0,False,2651.650485436886,103.09757732904725,epithermal_intermediate
full_geometry,neutron,x_max,neutron_energy_resolved_current_x_max,1.8266976357030054,2.2258710447930077,2.016430850513641,0.3991734090900023,0.08583333333333343,1.803333333333332e-05,7.783272996359597e-07,1.803333333333332e-05,216.39999999999984,9.339927595631517,4.316047872288135,12000000.0,False,2521.1650485436844,108.81469043454183,epithermal_intermediate
full_geometry,neutron,x_max,neutron_energy_resolved_current_x_max,2.2258710447930077,2.7122725793320295,2.457065119186142,0.4864015345390218,0.08583333333333298,2.0299999999999968e-05,7.835616024527708e-07,2.0299999999999968e-05,243.59999999999962,9.40273922943325,3.859909371688532,12000000.0,False,2838.0582524271917,109.54647645941695,epithermal_intermediate
full_geometry,neutron,x_max,neutron_energy_resolved_current_x_max,2.7122725793320295,3.304963493642342,2.993987618461291,0.5926909143103125,0.08583333333333343,2.3333333333333285e-05,9.715384865477847e-07,2.3333333333333285e-05,279.99999999999943,11.658461838573416,4.163736370919086,12000000.0,False,3262.135922330087,135.8267398668746,epithermal_intermediate
full_geometry,neutron,x_max,neutron_energy_resolved_current_x_max,3.304963493642342,4.027170343254594,3.648239433909942,0.7222068496122525,0.08583333333333343,2.5466666666666614e-05,9.146074976555515e-07,2.5466666666666614e-05,305.59999999999934,10.975289971866617,3.591390697600341,12000000.0,False,3560.3883495145515,127.8674559829119,epithermal_intermediate
full_geometry,neutron,x_max,neutron_energy_resolved_current_x_max,4.027170343254594,4.907195194375853,4.445459588766036,0.8800248511212585,0.08583333333333343,2.5599999999999948e-05,8.757350790342179e-07,2.5599999999999948e-05,307.19999999999936,10.508820948410616,3.4208401524774215,12000000.0,False,3579.0291262135806,122.43286541837597,epithermal_intermediate
full_geometry,neutron,x_max,neutron_energy_resolved_current_x_max,4.907195194375853,5.979524734045527,5.416889793927855,1.0723295396696741,0.08583333333333343,2.6866666666666624e-05,9.749062594885986e-07,2.6866666666666624e-05,322.39999999999947,11.698875113863183,3.628683347972457,12000000.0,False,3756.1165048543585,136.2975741420952,epithermal_intermediate
full_geometry,neutron,x_max,neutron_energy_resolved_current_x_max,5.979524734045527,7.286181745132289,6.60059875782262,1.3066570110867621,0.08583333333333343,2.6199999999999956e-05,9.829539354628578e-07,2.6199999999999956e-05,314.39999999999947,11.795447225554293,3.7517325781025166,12000000.0,False,3662.912621359213,137.4226861229625,epithermal_intermediate
full_geometry,neutron,x_max,neutron_energy_resolved_current_x_max,7.286181745132289,8.878371908193657,8.042974034769474,1.5921901630613675,0.08583333333333298,2.9099999999999918e-05,1.055098573065656e-06,2.9099999999999918e-05,349.199999999999,12.661182876787871,3.6257682923218515,12000000.0,False,4068.349514563112,147.5089267198593,epithermal_intermediate
full_geometry,neutron,x_max,neutron_energy_resolved_current_x_max,8.878371908193657,10.818490465580783,9.800539874857575,1.9401185573871267,0.08583333333333387,3.116666666666659e-05,1.0977409998999764e-06,3.116666666666659e-05,373.9999999999991,13.172891998799717,3.5221636360427135,12000000.0,False,4357.28155339802,153.47058639378216,epithermal_intermediate
full_geometry,neutron,x_max,neutron_energy_resolved_current_x_max,10.818490465580783,13.1825673855641,11.942172313804612,2.364076919983317,0.08583333333333343,3.426666666666661e-05,1.0681288751563553e-06,3.426666666666661e-05,411.1999999999993,12.817546501876263,3.1171076123239994,12000000.0,False,4790.679611650472,149.33063885681068,epithermal_intermediate
full_geometry,neutron,x_max,neutron_energy_resolved_current_x_max,13.1825673855641,16.06324684833086,14.551798308424692,2.880679462766759,0.08583333333333254,3.229999999999992e-05,1.0659051769054598e-06,3.229999999999992e-05,387.599999999999,12.790862122865517,3.3000160275710915,12000000.0,False,4515.728155339836,149.01975288775498,epithermal_intermediate
full_geometry,neutron,x_max,neutron_energy_resolved_current_x_max,16.06324684833086,19.573417814876617,17.731684692264295,3.5101709665457577,0.08583333333333343,3.3499999999999974e-05,1.0612512334984646e-06,3.3499999999999974e-05,401.9999999999997,12.735014801981576,3.1679141298461655,12000000.0,False,4683.495145631059,148.36910448910558,epithermal_intermediate
full_geometry,neutron,x_max,neutron_energy_resolved_current_x_max,19.573417814876617,23.850637954651077,21.606445840020513,4.27722013977446,0.08583333333333343,3.473333333333326e-05,1.1257533915672026e-06,3.473333333333326e-05,416.7999999999991,13.50904069880643,3.2411326052798604,12000000.0,False,4855.922330097072,157.38688192784173,epithermal_intermediate
full_geometry,neutron,x_max,neutron_energy_resolved_current_x_max,23.850637954651077,29.06252429820869,26.327927094338918,5.211886343557612,0.08583333333333343,3.733333333333329e-05,1.0935437707045315e-06,3.733333333333329e-05,447.9999999999995,13.122525248454378,2.929135100101427,12000000.0,False,5219.4174757281435,152.88378930238093,epithermal_intermediate
full_geometry,neutron,x_max,neutron_energy_resolved_current_x_max,29.06252429820869,35.41332186543297,32.0811553282364,6.35079756722428,0.08583333333333343,3.643333333333327e-05,1.2425190485572096e-06,3.643333333333327e-05,437.1999999999992,14.910228582686516,3.410390801163436,12000000.0,False,5093.592233009694,173.71140096333787,epithermal_intermediate
full_geometry,neutron,x_max,neutron_energy_resolved_current_x_max,35.41332186543297,43.15190768277659,39.09158983563622,7.738585817343619,0.08583333333333343,3.80333333333333e-05,1.0979847084173134e-06,3.80333333333333e-05,456.3999999999996,13.17581650100776,2.8869010738404413,12000000.0,False,5317.281553398047,153.50465826416792,epithermal_intermediate
full_geometry,neutron,x_max,neutron_energy_resolved_current_x_max,43.15190768277659,52.58154385342938,47.63395770016442,9.429636170652792,0.08583333333333343,3.753333333333326e-05,1.211127645897111e-06,3.753333333333326e-05,450.3999999999991,14.53353175076533,3.2268054508804083,12000000.0,False,5247.378640776683,169.32270000891629,epithermal_intermediate
full_geometry,neutron,x_max,neutron_energy_resolved_current_x_max,52.58154385342938,64.07176188675551,58.043019885382606,11.49021803332613,0.08583333333333343,3.543333333333329e-05,1.063447972628102e-06,3.543333333333329e-05,425.1999999999995,12.761375671537225,3.001264268941026,12000000.0,False,4953.786407766978,148.67622141596752,epithermal_intermediate
full_geometry,neutron,x_max,neutron_energy_resolved_current_x_max,64.07176188675551,78.07284401379086,70.72668995134308,14.001082127035346,0.08583333333333343,3.646666666666659e-05,1.1442974149076874e-06,3.646666666666659e-05,437.5999999999991,13.731568978892248,3.1379270975530797,12000000.0,False,5098.25242718445,159.97944441427845,epithermal_intermediate
full_geometry,neutron,x_max,neutron_energy_resolved_current_x_max,78.07284401379086,95.13346898708764,86.18201949780304,17.060624973296783,0.08583333333333343,3.656666666666661e-05,1.2302561871980127e-06,3.656666666666661e-05,438.79999999999933,14.763074246376153,3.3644198373692284,12000000.0,False,5112.233009708724,171.9969815111783,epithermal_intermediate
full_geometry,neutron,x_max,neutron_energy_resolved_current_x_max,95.13346898708764,115.92221387398774,105.01467677660848,20.788744886900105,0.08583333333333254,3.8133333333333235e-05,1.1764820424825567e-06,3.8133333333333235e-05,457.59999999999883,14.117784509790681,3.085180181335384,12000000.0,False,5331.262135922366,164.47904283251432,epithermal_intermediate
full_geometry,neutron,x_max,neutron_energy_resolved_current_x_max,115.92221387398774,141.25375446227554,127.96268180715678,25.331540588287794,0.08583333333333343,3.823333333333327e-05,1.1962579459326492e-06,3.823333333333327e-05,458.7999999999993,14.35509535119179,3.1288350809049286,12000000.0,False,5345.242718446588,167.2438293342731,epithermal_intermediate
full_geometry,neutron,x_max,neutron_energy_resolved_current_x_max,141.25375446227554,172.12079102783665,155.92532813400996,30.867036565561108,0.08583333333333343,4.039999999999994e-05,1.1688639922292067e-06,4.039999999999994e-05,484.7999999999993,14.02636790675048,2.8932277035376446,12000000.0,False,5648.15533980581,163.41399503010248,epithermal_intermediate
full_geometry,neutron,x_max,neutron_energy_resolved_current_x_max,172.12079102783665,209.7329505812199,189.99842462147348,37.612159553383265,0.08583333333333343,3.926666666666661e-05,1.1156066617355182e-06,3.926666666666661e-05,471.1999999999993,13.387279940826218,2.8411035528069264,12000000.0,False,5489.708737864064,155.96830999020818,epithermal_intermediate
full_geometry,neutron,x_max,neutron_energy_resolved_current_x_max,209.7329505812199,255.56419010641423,231.51723835152765,45.83123952519432,0.08583333333333343,4.173333333333326e-05,1.3401387083846568e-06,4.173333333333326e-05,500.79999999999916,16.081664500615883,3.211194988142154,12000000.0,False,5834.5631067961,187.35919806542756,epithermal_intermediate
full_geometry,neutron,x_max,neutron_energy_resolved_current_x_max,255.56419010641423,311.41055844467644,282.10882148472405,55.84636833826221,0.08583333333333343,4.106666666666658e-05,1.2522384268446277e-06,4.106666666666658e-05,492.799999999999,15.026861122135532,3.049281883550236,12000000.0,False,5741.359223300953,175.0702266656565,epithermal_intermediate
full_geometry,neutron,x_max,neutron_energy_resolved_current_x_max,311.41055844467644,379.4605804140449,343.7557726853162,68.05002196936846,0.08583333333333343,4.236666666666661e-05,1.1518956634488764e-06,4.236666666666661e-05,508.3999999999993,13.822747961386517,2.718872533710963,12000000.0,False,5923.10679611649,161.04172382197865,epithermal_intermediate
full_geometry,neutron,x_max,neutron_energy_resolved_current_x_max,379.4605804140449,462.3810213992613,418.8739318131442,82.92044098521637,0.08583333333333343,4.516666666666657e-05,1.3376115865960772e-06,4.516666666666657e-05,541.9999999999989,16.051339039152925,2.9615016677403982,12000000.0,False,6314.563106796097,187.0058917182863,epithermal_intermediate
full_geometry,neutron,x_max,neutron_energy_resolved_current_x_max,462.3810213992613,563.4213933814742,510.40705260597747,101.04037198221295,0.08583333333333343,4.7966666666666595e-05,1.3232323632041539e-06,4.7966666666666595e-05,575.5999999999991,15.878788358449846,2.758649819049665,12000000.0,False,6706.019417475711,184.99559252562906,epithermal_intermediate
full_geometry,neutron,x_max,neutron_energy_resolved_current_x_max,563.4213933814742,686.5412978224565,621.9421634147777,123.11990444098228,0.08583333333333343,5.146666666666663e-05,1.1755340666609082e-06,5.146666666666663e-05,617.5999999999996,14.106408799930898,2.2840687823722323,12000000.0,False,7195.33980582523,164.34651029045688,epithermal_intermediate
full_geometry,neutron,x_max,neutron_energy_resolved_current_x_max,686.5412978224565,836.5655957558124,757.8501367841877,150.0242979333559,0.08583333333333343,5.463333333333332e-05,1.4128714985529505e-06,5.463333333333332e-05,655.5999999999998,16.954457982635407,2.586097922915713,12000000.0,False,7638.058252427174,197.5276658171113,epithermal_intermediate
full_geometry,neutron,x_max,neutron_energy_resolved_current_x_max,836.5655957558124,1019.3734859388737,923.4569765625972,182.80789018306132,0.08583333333333254,5.526666666666659e-05,1.3300349391755584e-06,5.526666666666659e-05,663.199999999999,15.9604192701067,2.406577091391243,12000000.0,False,7726.601941747633,185.94663227308948,epithermal_intermediate
full_geometry,neutron,x_max,neutron_energy_resolved_current_x_max,1019.3734859388737,1242.1289007186062,1125.2525349942327,222.75541477973252,0.08583333333333343,6.259999999999998e-05,1.4743137019853505e-06,6.259999999999998e-05,751.1999999999997,17.691764423824207,2.355133709241775,12000000.0,False,8751.844660194161,206.117643772709,epithermal_intermediate
full_geometry,neutron,x_max,neutron_energy_resolved_current_x_max,1242.1289007186062,1513.5612484362102,1371.1448390634562,271.432347717604,0.08583333333333343,7.250000000000003e-05,1.6801848653397662e-06,7.250000000000003e-05,870.0000000000003,20.162218384077192,2.317496365985883,12000000.0,False,10135.92233009708,234.8996316591515,epithermal_intermediate
full_geometry,neutron,x_max,neutron_energy_resolved_current_x_max,1513.5612484362102,1844.3075041909485,1670.7699927110023,330.7462557547383,0.08583333333333343,8.099999999999999e-05,1.6870547845739432e-06,8.099999999999999e-05,971.9999999999999,20.244657414887318,2.0827836846591894,12000000.0,False,11324.271844660181,235.86008638703646,epithermal_intermediate
full_geometry,neutron,x_max,neutron_energy_resolved_current_x_max,1844.3075041909485,2247.3290549222215,2035.8697994664112,403.021550731273,0.08583333333333343,8.763333333333335e-05,1.6364700388440208e-06,8.763333333333335e-05,1051.6000000000001,19.63764046612825,1.8674059020662084,12000000.0,False,12251.650485436881,228.78804426557159,epithermal_intermediate
full_geometry,neutron,x_max,neutron_energy_resolved_current_x_max,2247.3290549222215,2738.419634264367,2480.751903889584,491.09057934214525,0.08583333333333343,9.496666666666667e-05,1.8199307405527126e-06,9.496666666666667e-05,1139.6,21.83916888663255,1.9163889861909926,12000000.0,False,13276.89320388348,254.4369190675634,epithermal_intermediate
full_geometry,neutron,x_max,neutron_energy_resolved_current_x_max,2738.419634264367,3336.8242522829496,3022.850483987116,598.4046180185828,0.08583333333333343,0.00010196666666666658,1.699693941452894e-06,0.00010196666666666658,1223.599999999999,20.39632729743473,1.6669113515392895,12000000.0,False,14255.533980582497,237.62711414487038,epithermal_intermediate
full_geometry,neutron,x_max,neutron_energy_resolved_current_x_max,3336.8242522829496,4065.993374903165,3683.409467191868,729.1691226202156,0.08583333333333343,9.623333333333335e-05,1.8812092776561623e-06,9.623333333333335e-05,1154.8000000000002,22.574511331873946,1.9548416463347715,12000000.0,False,13453.980582524258,263.00401551697774,epithermal_intermediate
full_geometry,neutron,x_max,neutron_energy_resolved_current_x_max,4065.993374903165,4954.501908047916,4488.315043985651,888.5085331447508,0.08583333333333343,0.00010273333333333327,1.9450611115362357e-06,0.00010273333333333327,1232.7999999999993,23.340733338434827,1.893310621222813,12000000.0,False,14362.718446601917,271.93087384584237,epithermal_intermediate
full_geometry,neutron,x_max,neutron_energy_resolved_current_x_max,4954.501908047916,6037.168999921217,5469.110103967317,1082.6670918733007,0.08583333333333343,9.773333333333329e-05,1.7202922500239146e-06,9.773333333333329e-05,1172.7999999999995,20.643507000286977,1.7601898874733106,12000000.0,False,13663.689320388328,240.50687767324607,epithermal_intermediate
full_geometry,neutron,x_max,neutron_energy_resolved_current_x_max,6037.168999921217,7356.422544596421,6664.230348401762,1319.2535446752045,0.08583333333333254,4.9199999999999997e-05,1.2038955720887808e-06,4.9199999999999997e-05,590.4,14.44674686506537,2.446942219692644,12000000.0,False,6878.4466019418105,168.3116139619282,epithermal_intermediate
full_geometry,neutron,x_max,neutron_energy_resolved_current_x_max,7356.422544596421,8963.961859499512,8120.5105204121655,1607.5393149030906,0.08583333333333343,3.453333333333327e-05,1.1115822115373793e-06,3.453333333333327e-05,414.39999999999924,13.338986538448552,3.2188674079267803,12000000.0,False,4827.961165048529,155.40566840910918,epithermal_intermediate
full_geometry,neutron,x_max,neutron_energy_resolved_current_x_max,8963.961859499512,10922.783694308595,9895.019779431743,1958.8218348090832,0.08583333333333343,9.750000000000005e-05,1.8668766803343855e-06,9.750000000000005e-05,1170.0000000000007,22.402520164012625,1.9147453131634713,12000000.0,False,13631.067961165041,261.00023492053515,epithermal_intermediate
full_geometry,neutron,x_max,neutron_energy_resolved_current_x_max,10922.783694308595,13309.650967135536,12057.298145138764,2386.867272826941,0.08583333333333343,0.00015273333333333346,2.3716992357710735e-06,0.00015273333333333346,1832.8000000000015,28.460390829252884,1.5528366886323035,12000000.0,False,21353.00970873786,331.57736888449926,epithermal_intermediate
full_geometry,neutron,x_max,neutron_energy_resolved_current_x_max,13309.650967135536,16218.100973589331,14692.081653334051,2908.450006453795,0.08583333333333343,0.00021786666666666666,3.0073019027526344e-06,0.00021786666666666666,2614.4,36.08762283303161,1.380340530639214,12000000.0,False,30459.029126213558,420.438324268329,epithermal_intermediate
full_geometry,neutron,x_max,neutron_energy_resolved_current_x_max,16218.100973589331,19762.1109553519,17902.62301801535,3544.0099817625705,0.08583333333333343,0.00035103333333333326,3.67276223843203e-06,0.00035103333333333326,4212.399999999999,44.073146861184355,1.0462716470701827,12000000.0,False,49076.50485436886,513.4735556642831,epithermal_intermediate
full_geometry,neutron,x_max,neutron_energy_resolved_current_x_max,19762.1109553519,24080.564675705467,21814.737930784755,4318.453720353566,0.08583333333333343,0.000676766666633333,4.779606045582719e-06,0.000676766666633333,8121.199999599997,57.35527254699262,0.7062413504139488,12000000.0,False,94615.92232543675,668.2167675377774,epithermal_intermediate
full_geometry,neutron,x_max,neutron_energy_resolved_current_x_max,24080.564675705467,29342.695039559763,26581.735565226376,5262.130363854296,0.08583333333333343,0.0007342666666666667,4.871067480756311e-06,0.0007342666666666667,8811.2,58.452809769075735,0.6633921573574058,12000000.0,False,102654.75728155329,681.0036089601049,epithermal_intermediate
full_geometry,neutron,x_max,neutron_energy_resolved_current_x_max,29342.695039559763,35754.71604506223,32390.42650439039,6412.021005502469,0.08583333333333343,8.683333333333335e-05,1.728802714515256e-06,8.683333333333335e-05,1042.0000000000002,20.745632574183073,1.990943625161523,12000000.0,False,12139.805825242707,241.6966901846569,epithermal_intermediate
full_geometry,neutron,x_max,neutron_energy_resolved_current_x_max,35754.71604506223,43567.90396176953,39468.44353191055,7813.187916707298,0.08583333333333343,0.00019733333333333324,2.6198510401004403e-06,0.00019733333333333324,2367.999999999999,31.438212481205284,1.3276272162671154,12000000.0,False,27588.349514563066,366.2704366742359,epithermal_intermediate
full_geometry,neutron,x_max,neutron_energy_resolved_current_x_max,43567.90396176953,53088.44442309901,48093.162176190046,9520.540461329481,0.08583333333333343,0.00030950000000000015,3.306061795110415e-06,0.00030950000000000015,3714.000000000002,39.67274154132498,1.0681944410696005,12000000.0,False,43269.902912621335,462.2066975688342,epithermal_intermediate
full_geometry,neutron,x_max,neutron_energy_resolved_current_x_max,53088.44442309901,64689.43132397588,58602.5705887103,11600.986900876866,0.08583333333333254,0.0004028000000000004,3.7444094336341582e-06,0.0004028000000000004,4833.600000000005,44.9329132036099,0.9295951920640899,12000000.0,False,56313.78640776757,523.4902509158484,epithermal_intermediate
full_geometry,neutron,x_max,neutron_energy_resolved_current_x_max,64689.43132397588,78825.48774020227,71408.51472862824,14136.05641622639,0.08583333333333343,0.0006687333333333336,4.651175115139098e-06,0.0006687333333333336,8024.800000000004,55.814101381669175,0.6955201547910123,12000000.0,False,93492.81553398052,650.2613753204168,epithermal_intermediate
full_geometry,neutron,x_max,neutron_energy_resolved_current_x_max,78825.48774020227,96050.58183867324,87012.83791006723,17225.094098470974,0.08583333333333343,0.000711733333333333,4.8467008474242076e-06,0.000711733333333333,8540.799999999996,58.16041016909049,0.6809714566444657,12000000.0,False,99504.46601941732,677.5970116787234,epithermal_intermediate
full_geometry,neutron,x_max,neutron_energy_resolved_current_x_max,96050.58183867324,117039.73595386233,106027.04719369092,20989.154115189085,0.08583333333333432,0.000686366666666667,4.5697123029136855e-06,0.000686366666666667,8236.400000000003,54.83654763496423,0.6657829589986427,12000000.0,False,95958.05825242613,638.8723996306438,fast
full_geometry,neutron,x_max,neutron_energy_resolved_current_x_max,117039.73595386233,142615.47957260144,129196.27731521803,25575.743618739114,0.08583333333333343,0.0014846000000000004,7.365329004799059e-06,0.0014846000000000004,17815.200000000004,88.38394805758871,0.49611538493864055,12000000.0,False,207555.72815533963,1029.7158997000615,fast
full_geometry,neutron,x_max,neutron_energy_resolved_current_x_max,142615.47957260144,173780.08287493835,157428.49125674728,31164.60330233691,0.08583333333333343,0.0009600666666666672,6.007426346762996e-06,0.0009600666666666672,11520.800000000007,72.08911616115596,0.6257301243069571,12000000.0,False,134222.91262135914,839.8731979940491,fast
full_geometry,neutron,x_max,neutron_energy_resolved_current_x_max,173780.08287493835,211754.8340090713,191830.06178194602,37974.75113413294,0.08583333333333165,0.0012117333332749992,5.998790912343159e-06,0.0012117333332749992,14540.79999929999,71.9854909481179,0.49505866906623675,12000000.0,False,169407.37863262458,838.6659139586716,fast
full_geometry,neutron,x_max,neutron_energy_resolved_current_x_max,211754.8340090713,258027.8993104113,233749.12831534902,46273.065301340015,0.08583333333333343,0.0014345666666666665,6.79550286293526e-06,0.0014345666666666665,17214.8,81.54603435522311,0.47369725094234677,12000000.0,False,200560.7766990289,950.0508856919188,fast
full_geometry,neutron,x_max,neutron_energy_resolved_current_x_max,258027.8993104113,314412.64202587993,284828.428248611,56384.74271546863,0.08583333333333343,0.0027374333330161273,9.526073862562901e-06,0.0027374333330161273,32849.19999619353,114.31288635075481,0.3479929080890891,12000000.0,False,382709.1261692446,1331.8006176786953,fast
full_geometry,neutron,x_max,neutron_energy_resolved_current_x_max,314412.64202587993,383118.6849557293,347069.67304334097,68706.04292984935,0.08583333333333343,0.0022577000000000022,9.270800831051363e-06,0.0022577000000000022,27092.400000000027,111.24960997261635,0.410630324270335,12000000.0,False,315639.6116504854,1296.1119608460144,fast
full_geometry,neutron,x_max,neutron_energy_resolved_current_x_max,383118.6849557293,466838.5018377398,422911.9919212243,83719.81688201049,0.08583333333333343,0.0010710000000000012,5.939400402905722e-06,0.0010710000000000012,12852.000000000015,71.27280483486867,0.5545658639501135,12000000.0,False,149732.03883495147,830.362774775168,fast
full_geometry,neutron,x_max,neutron_energy_resolved_current_x_max,466838.5018377398,568852.9308438424,515327.5172171061,102014.42900610267,0.08583333333333343,0.0017981,7.670337689278448e-06,0.0017981,21577.2,92.04405227134137,0.4265801506745146,12000000.0,False,251384.85436893176,1072.3578905398983,fast
full_geometry,neutron,x_max,neutron_energy_resolved_current_x_max,568852.9308438424,693159.7450848253,627937.8572235262,124306.81424098287,0.08583333333333343,0.0029561666666666642,9.944714324465833e-06,0.0029561666666666642,35473.99999999997,119.33657189358999,0.33640573911481675,12000000.0,False,413289.3203883487,1390.3289929350274,fast
full_geometry,neutron,x_max,neutron_energy_resolved_current_x_max,693159.7450848253,844630.3185839704,765156.0209006916,151470.5734991451,0.08583333333333343,0.0014735333332366665,7.159634362975162e-06,0.0014735333332366665,17682.39999884,85.91561235570194,0.48588207687496143,12000000.0,False,206008.5436758056,1000.9585905518661,fast
full_geometry,neutron,x_max,neutron_energy_resolved_current_x_max,844630.3185839704,1029200.5271944307,932359.3562414775,184570.20861046028,0.08583333333333343,0.0015662333333333349,7.776019841680627e-06,0.0015662333333333349,18794.800000000017,93.31223810016753,0.49647901600531774,12000000.0,False,218968.54368932036,1087.1328710699117,fast
full_geometry,neutron,x_max,neutron_energy_resolved_current_x_max,1029200.5271944307,1254103.365544753,1136100.2794537854,224902.8383503222,0.08583333333333343,0.001218300000000001,6.35009195063246e-06,0.001218300000000001,14619.600000000011,76.20110340758953,0.5212256382362682,12000000.0,False,170325.43689320382,887.7798455253139,fast
full_geometry,neutron,x_max,neutron_energy_resolved_current_x_max,1254103.365544753,1528152.3958776172,1384363.0530808733,274049.03033286426,0.08583333333333343,0.0008238666666666667,5.102641747727442e-06,0.0008238666666666667,9886.4,61.23170097272931,0.6193528581964042,12000000.0,False,115181.35922330084,713.3790404589814,fast
full_geometry,neutron,x_max,neutron_energy_resolved_current_x_max,1528152.3958776172,1862087.1366628732,1686876.6757603418,333934.740785256,0.08583333333333343,0.0006583999997273317,4.802953383573791e-06,0.0006583999997273317,7900.79999672798,57.63544060288549,0.7294886673090637,12000000.0,False,92048.15530168511,671.4808613928399,fast
full_geometry,neutron,x_max,neutron_energy_resolved_current_x_max,1862087.1366628732,2268993.9261810533,2055496.1452427802,406906.78951818007,0.08583333333333343,0.0005070666666666668,3.7604090639854538e-06,0.0005070666666666668,6084.800000000001,45.124908767825445,0.7416005253718353,12000000.0,False,70890.8737864077,525.7270924406843,fast
full_geometry,neutron,x_max,neutron_energy_resolved_current_x_max,2268993.9261810533,2764818.754010117,2504667.035723596,495824.82782906387,0.08583333333333343,0.00038286666666666636,3.642825092735411e-06,0.00038286666666666636,4594.399999999996,43.713901112824935,0.9514604978413932,12000000.0,False,53526.99029126203,509.28816830475597,fast
full_geometry,neutron,x_max,neutron_energy_resolved_current_x_max,2764818.754010117,3368992.1574149197,3051991.5954887187,604173.4034048025,0.08583333333333343,0.0002713999999999998,3.0334662521260858e-06,0.0002713999999999998,3256.799999999998,36.40159502551303,1.1177104834657656,12000000.0,False,37943.30097087372,424.0962527244232,fast
full_geometry,neutron,x_max,neutron_energy_resolved_current_x_max,3368992.1574149197,4105190.6712730955,3718918.549284449,736198.5138581758,0.08583333333333343,0.00021593333333333331,2.7310483420201895e-06,0.00021593333333333331,2591.2,32.77258010424227,1.2647645918586863,12000000.0,False,30188.737864077633,381.81646723389014,fast
full_geometry,neutron,x_max,neutron_energy_resolved_current_x_max,4105190.6712730955,5002264.671473413,4531583.637600836,897074.0002003172,0.08583333333333343,0.0002118666666666668,2.4288186765396713e-06,0.0002118666666666668,2542.400000000002,29.145824118476057,1.1463901871647277,12000000.0,False,29620.19417475727,339.5629994385556,fast
full_geometry,neutron,x_max,neutron_energy_resolved_current_x_max,5002264.671473413,6095368.972401719,5521833.832182957,1093104.3009283058,0.08583333333333343,0.00018626666666666668,2.4897082847183467e-06,0.00018626666666666668,2235.2000000000003,29.87649941662016,1.336636516491596,12000000.0,False,26041.165048543662,348.0757213586811,fast
full_geometry,neutron,x_max,neutron_energy_resolved_current_x_max,6095368.972401719,7427340.484719703,6728475.365045459,1331971.5123179844,0.08583333333333343,0.00017666666666666674,2.351181933534323e-06,0.00017666666666666674,2120.000000000001,28.214183202411874,1.3308576982269746,12000000.0,False,24699.029126213576,328.708930513536,fast
full_geometry,neutron,x_max,neutron_energy_resolved_current_x_max,7427340.484719703,9050376.921517165,8198794.479138827,1623036.4367974624,0.08583333333333343,0.00015119999999999993,2.218217871167951e-06,0.00015119999999999993,1814.3999999999992,26.61861445401541,1.4670753116190158,12000000.0,False,21138.640776698998,310.11978004678116,fast
full_geometry,neutron,x_max,neutron_energy_resolved_current_x_max,9050376.921517165,11028082.338495575,9990410.496316526,1977705.4169784095,0.08583333333333343,7.183333333333342e-05,1.5347758712926608e-06,7.183333333333342e-05,862.000000000001,18.41731045551193,2.136578939154514,12000000.0,False,10042.718446601943,214.57060724868245,fast
full_geometry,neutron,x_max,neutron_energy_resolved_current_x_max,11028082.338495575,13437959.669446556,12173533.821205715,2409877.330950981,0.08583333333333165,0.0,0.0,0.0,0.0,0.0,,12000000.0,False,0.0,0.0,fast
full_geometry,neutron,x_max,neutron_energy_resolved_current_x_max,13437959.669446556,16374447.935279656,14833717.36833827,2936488.2658331003,0.08583333333333343,0.0,0.0,0.0,0.0,0.0,,12000000.0,False,0.0,0.0,fast
full_geometry,neutron,x_max,neutron_energy_resolved_current_x_max,16374447.935279656,19952623.149688788,18075209.2363224,3578175.2144091316,0.08583333333333254,0.0,0.0,0.0,0.0,0.0,,12000000.0,False,0.0,0.0,fast
full_geometry,neutron,y_min,neutron_energy_resolved_current_y_min,0.001,0.0012185218841302,0.0011038667873118568,0.0002185218841302,0.08583333333333343,0.0,0.0,0.0,0.0,0.0,,12000000.0,False,0.0,0.0,thermal
full_geometry,neutron,y_min,neutron_energy_resolved_current_y_min,0.0012185218841302,0.0014847955821042124,0.0013450858375039943,0.0002662736979740124,0.08583333333333343,0.0,0.0,0.0,0.0,0.0,,12000000.0,False,0.0,0.0,thermal
full_geometry,neutron,y_min,neutron_energy_resolved_current_y_min,0.0014847955821042124,0.001809255910253822,0.0016390165290322153,0.00032446032814960964,0.08583333333333343,0.0,0.0,0.0,0.0,0.0,,12000000.0,False,0.0,0.0,thermal
full_geometry,neutron,y_min,neutron_energy_resolved_current_y_min,0.001809255910253822,0.0022046179206361848,0.0019971775090768746,0.00039536201038236274,0.08583333333333298,0.0,0.0,0.0,0.0,0.0,,12000000.0,False,0.0,0.0,thermal
full_geometry,neutron,y_min,neutron_energy_resolved_current_y_min,0.0022046179206361848,0.0026863751824408076,0.002433604501302811,0.0004817572618046229,0.08583333333333343,0.0,0.0,0.0,0.0,0.0,,12000000.0,False,0.0,0.0,thermal
full_geometry,neutron,y_min,neutron_energy_resolved_current_y_min,0.0026863751824408076,0.003273406948788383,0.0029654003421552377,0.0005870317663475753,0.08583333333333343,0.0,0.0,0.0,0.0,0.0,,12000000.0,False,0.0,0.0,thermal
full_geometry,neutron,y_min,neutron_energy_resolved_current_y_min,0.003273406948788383,0.0039887180027625094,0.00361340521212334,0.0007153110539741265,0.08583333333333343,0.0,0.0,0.0,0.0,0.0,,12000000.0,False,0.0,0.0,thermal
full_geometry,neutron,y_min,neutron_energy_resolved_current_y_min,0.0039887180027625094,0.004860340175990216,0.004403013327202414,0.0008716221732277063,0.08583333333333298,0.0,0.0,0.0,0.0,0.0,,12000000.0,False,0.0,0.0,thermal
full_geometry,neutron,y_min,neutron_energy_resolved_current_y_min,0.004860340175990216,0.005922430868761305,0.005365168095313064,0.0010620906927710895,0.08583333333333343,0.0,0.0,0.0,0.0,0.0,,12000000.0,False,0.0,0.0,thermal
full_geometry,neutron,y_min,neutron_energy_resolved_current_y_min,0.005922430868761305,0.007216611620833884,0.006537574736176111,0.0012941807520725785,0.08583333333333343,0.0,0.0,0.0,0.0,0.0,,12000000.0,False,0.0,0.0,thermal
full_geometry,neutron,y_min,neutron_energy_resolved_current_y_min,0.007216611620833884,0.0087935991892544,0.00796617788516731,0.0015769875684205157,0.08583333333333343,0.0,0.0,0.0,0.0,0.0,,12000000.0,False,0.0,0.0,thermal
full_geometry,neutron,y_min,neutron_energy_resolved_current_y_min,0.0087935991892544,0.01071519305237607,0.009706962085950403,0.0019215938631216706,0.08583333333333343,0.0,0.0,0.0,0.0,0.0,,12000000.0,False,0.0,0.0,thermal
full_geometry,neutron,y_min,neutron_energy_resolved_current_y_min,0.01071519305237607,0.01305669722700011,0.011828145730152697,0.0023415041746240404,0.0858333333333332,-3.3333333333333334e-08,3.333333333333334e-08,3.3333333333333334e-08,0.4,0.4000000000000001,100.00000000000001,12000000.0,False,4.660194174757288,4.660194174757289,thermal
full_geometry,neutron,y_min,neutron_energy_resolved_current_y_min,0.01305669722700011,0.01590987130556173,0.01441285442087224,0.0028531740785616207,0.08583333333333343,-3.3333333333333334e-08,3.333333333333334e-08,3.3333333333333334e-08,0.4,0.4000000000000001,100.00000000000001,12000000.0,False,4.660194174757277,4.660194174757278,thermal
full_geometry,neutron,y_min,neutron_energy_resolved_current_y_min,0.01590987130556173,0.019386526359522076,0.01756237852461552,0.0034766550539603452,0.0858333333333332,-1.0000000000000001e-07,5.754160919975787e-08,1.0000000000000001e-07,1.2000000000000002,0.6904993103970944,57.541609199757865,12000000.0,False,13.980582524271867,8.04465215996616,thermal
full_geometry,neutron,y_min,neutron_energy_resolved_current_y_min,0.019386526359522076,0.023622906626344628,0.02140014256962226,0.0042363802668225516,0.08583333333333343,-3.3333333333333334e-08,3.333333333333334e-08,3.3333333333333334e-08,0.4,0.4000000000000001,100.00000000000001,12000000.0,False,4.660194174757277,4.660194174757278,thermal
full_geometry,neutron,y_min,neutron_energy_resolved_current_y_min,0.023622906626344628,0.02878502869096524,0.026076542044591016,0.005162122064620613,0.08583333333333343,-1.0000000000000001e-07,5.754160919975787e-08,1.0000000000000001e-07,1.2000000000000002,0.6904993103970944,57.541609199757865,12000000.0,False,13.980582524271831,8.04465215996614,thermal
full_geometry,neutron,y_min,neutron_energy_resolved_current_y_min,0.02878502869096524,0.035075187395256814,0.031774837143775415,0.0062901587042915735,0.0858333333333332,-2.6666666666666667e-07,1.0445306225664255e-07,2.6666666666666667e-07,3.2,1.2534367470797108,39.169898346240956,12000000.0,False,37.28155339805831,14.603146567918982,thermal
full_geometry,neutron,y_min,neutron_energy_resolved_current_y_min,0.035075187395256814,0.04273988343108817,0.038718334424363475,0.007664696035831357,0.08583333333333343,-6.666666666666668e-08,9.435970141739186e-08,6.666666666666668e-08,0.8000000000000002,1.1323164170087023,141.53955212608776,12000000.0,False,9.320388349514555,13.192035926314965,thermal
full_geometry,neutron,y_min,neutron_energy_resolved_current_y_min,0.04273988343108817,0.05207948328595465,0.04717913781315854,0.00933959985486648,0.0858333333333332,-6.333333333333333e-07,1.4855928952658979e-07,6.333333333333333e-07,7.6,1.7827114743190775,23.45672992525102,12000000.0,False,88.54368932038848,20.769454069736856,thermal
full_geometry,neutron,y_min,neutron_energy_resolved_current_y_min,0.05207948328595465,0.06345999009812872,0.0574888118997283,0.01138050681217407,0.08583333333333343,-1.0000000000000004e-06,1.798054194170131e-07,1.0000000000000004e-06,12.000000000000005,2.1576650330041574,17.980541941701304,12000000.0,False,139.80582524271836,25.1378450447086,thermal
full_geometry,neutron,y_min,neutron_energy_resolved_current_y_min,0.06345999009812872,0.07732738670125563,0.07005137539246359,0.013867396603126914,0.08583333333333343,-1.133333333333334e-06,1.8930921384516423e-07,1.133333333333334e-06,13.600000000000009,2.2717105661419708,16.7037541628086,12000000.0,False,158.4466019417475,26.466530867673416,thermal
full_geometry,neutron,y_min,neutron_energy_resolved_current_y_min,0.07732738670125563,0.09422511293807855,0.08535913392913663,0.01689772623682291,0.0858333333333332,-1.5333333333333347e-06,2.238476415544863e-07,1.5333333333333347e-06,18.400000000000016,2.6861716986538355,14.598759231814311,12000000.0,False,214.36893203883545,31.295204256161238,thermal
full_geometry,neutron,y_min,neutron_energy_resolved_current_y_min,0.09422511293807855,0.1148153621496884,0.10401197270305365,0.02059024921160986,0.08583333333333365,-1.8333333333333356e-06,2.474319983981245e-07,1.8333333333333356e-06,22.00000000000003,2.9691839807774945,13.496290821715865,12000000.0,False,256.31067961164985,34.59243472750466,thermal
full_geometry,neutron,y_min,neutron_energy_resolved_current_y_min,0.1148153621496884,0.13990503141372942,0.12674086495022382,0.02508966926404102,0.08583333333333298,-1.7333333333333357e-06,2.4304521664053977e-07,1.7333333333333357e-06,20.80000000000003,2.916542599686477,14.021839421569581,12000000.0,False,242.33009708737995,33.97913708372609,thermal
full_geometry,neutron,y_min,neutron_energy_resolved_current_y_min,0.13990503141372942,0.1704773424775524,0.15443651755543789,0.030572311063822966,0.08583333333333343,-2.900000000000005e-06,3.2675220139247253e-07,2.900000000000005e-06,34.80000000000006,3.9210264167096702,11.267317289395585,12000000.0,False,405.43689320388376,45.681861165549506,thermal
full_geometry,neutron,y_min,neutron_energy_resolved_current_y_min,0.1704773424775524,0.20773037255725652,0.18818427635015889,0.037253030079704125,0.08583333333333343,-3.0333333333333383e-06,3.3288152211654714e-07,3.0333333333333383e-06,36.40000000000006,3.9945782653985655,10.974116113732304,12000000.0,False,424.0776699029129,46.53877590755605,thermal
full_geometry,neutron,y_min,neutron_energy_resolved_current_y_min,0.20773037255725652,0.2531240049595366,0.22930665898187383,0.04539363240228006,0.08583333333333343,-4.533333333333342e-06,3.898755864023006e-07,4.533333333333342e-06,54.400000000000105,4.678507036827607,8.600196758874262,12000000.0,False,633.7864077669908,54.50687809896235,thermal
full_geometry,neutron,y_min,neutron_energy_resolved_current_y_min,0.2531240049595366,0.3084371394418766,0.27941518214619415,0.05531313448234004,0.08583333333333343,-5.466666666666678e-06,4.0391984958698813e-07,5.466666666666678e-06,65.60000000000014,4.847038195043858,7.388777736347329,12000000.0,False,764.2718446601949,56.47034790342352,thermal
full_geometry,neutron,y_min,neutron_energy_resolved_current_y_min,0.3084371394418766,0.3758374042884443,0.3404735142033633,0.06740026484656769,0.08583333333333298,-6.76666666666668e-06,4.741202810226506e-07,6.76666666666668e-06,81.20000000000016,5.689443372271807,7.006703660433246,12000000.0,False,946.0194174757338,66.28477715268151,thermal
full_geometry,neutron,y_min,neutron_energy_resolved_current_y_min,0.3758374042884443,0.45796610200015886,0.41487442802351243,0.08212869771171455,0.08583333333333343,-7.966666666666683e-06,5.369269953081127e-07,7.966666666666683e-06,95.6000000000002,6.443123943697352,6.739669397172949,12000000.0,False,1113.7864077669913,75.06552167414382,thermal
full_geometry,neutron,y_min,neutron_energy_resolved_current_y_min,0.45796610200015886,0.5580417174769969,0.5055335697126495,0.10007561547683808,0.08583333333333343,-8.833333333333351e-06,6.018520900627447e-07,8.833333333333351e-06,106.00000000000021,7.222225080752936,6.813419887502756,12000000.0,False,1234.9514563106807,84.14242812527682,epithermal_intermediate
full_geometry,neutron,y_min,neutron_energy_resolved_current_y_min,0.5580417174769969,0.679986045003323,0.6160037178573234,0.12194432752632611,0.08583333333333343,-1.2733333333333361e-05,6.366602753477462e-07,1.2733333333333361e-05,152.80000000000032,7.639923304172954,4.999949806395902,12000000.0,False,1780.1941747572835,89.00881519424792,epithermal_intermediate
full_geometry,neutron,y_min,neutron_energy_resolved_current_y_min,0.679986045003323,0.8285778767396922,0.7506140109147139,0.14859183173636914,0.08583333333333344,-1.3300000000000022e-05,6.730436366988226e-07,1.3300000000000022e-05,159.60000000000025,8.07652364038587,5.06047847141971,12000000.0,False,1859.417475728156,94.09542105303915,epithermal_intermediate
full_geometry,neutron,y_min,neutron_energy_resolved_current_y_min,0.8285778767396922,1.0096402755134493,0.9146395988343231,0.18106239877375707,0.08583333333333297,-1.6066666666666666e-05,7.683733608747576e-07,1.6066666666666666e-05,192.8,9.220480330497091,4.782406810423803,12000000.0,False,2246.2135922330194,107.42307181161705,epithermal_intermediate
full_geometry,neutron,y_min,neutron_energy_resolved_current_y_min,1.0096402755134493,1.2302687708123823,1.1145083672716891,0.22062849529893303,0.08583333333333339,-1.72e-05,7.73357936025053e-07,1.72e-05,206.4,9.280295232300636,4.496267069913099,12000000.0,False,2404.660194174756,108.11994445398793,epithermal_intermediate
full_geometry,neutron,y_min,neutron_energy_resolved_current_y_min,1.2302687708123823,1.4991094205968494,1.3580528355667716,0.2688406497844671,0.08583333333333347,-1.969999999999997e-05,8.634340708177055e-07,1.969999999999997e-05,236.39999999999964,10.361208849812465,4.382914065064501,12000000.0,False,2754.1747572815448,120.71311281334891,epithermal_intermediate
full_geometry,neutron,y_min,neutron_energy_resolved_current_y_min,1.4991094205968494,1.8266976357030054,1.6548170999431833,0.327588215106156,0.08583333333333343,-2.4133333333333287e-05,9.897730484695875e-07,2.4133333333333287e-05,289.59999999999945,11.87727658163505,4.101269537857414,12000000.0,False,3373.980582524262,138.3760378442917,epithermal_intermediate
full_geometry,neutron,y_min,neutron_energy_resolved_current_y_min,1.8266976357030054,2.2258710447930077,2.016430850513641,0.3991734090900023,0.08583333333333343,-2.4966666666666625e-05,8.814935300684794e-07,2.4966666666666625e-05,299.5999999999995,10.577922360821754,3.530681695868415,12000000.0,False,3490.485436893194,123.23793041734069,epithermal_intermediate
full_geometry,neutron,y_min,neutron_energy_resolved_current_y_min,2.2258710447930077,2.7122725793320295,2.457065119186142,0.4864015345390218,0.08583333333333298,-2.5499999999999956e-05,9.747366222319664e-07,2.5499999999999956e-05,305.9999999999995,11.696839466783596,3.822496557772423,12000000.0,False,3565.048543689329,136.2738578654405,epithermal_intermediate
full_geometry,neutron,y_min,neutron_energy_resolved_current_y_min,2.7122725793320295,3.304963493642342,2.993987618461291,0.5926909143103125,0.08583333333333343,-2.839999999999995e-05,1.0205906873818586e-06,2.839999999999995e-05,340.7999999999994,12.247088248582303,3.593629180922044,12000000.0,False,3970.4854368931924,142.68452328445386,epithermal_intermediate
full_geometry,neutron,y_min,neutron_energy_resolved_current_y_min,3.304963493642342,4.027170343254594,3.648239433909942,0.7222068496122525,0.08583333333333343,-3.013333333333326e-05,1.0398667839100656e-06,3.013333333333326e-05,361.5999999999991,12.478401406920787,3.4508853448342967,12000000.0,False,4212.815533980567,145.37943386703813,epithermal_intermediate
full_geometry,neutron,y_min,neutron_energy_resolved_current_y_min,4.027170343254594,4.907195194375853,4.445459588766036,0.8800248511212585,0.08583333333333343,-3.146666666666661e-05,1.0288733903464856e-06,3.146666666666661e-05,377.5999999999993,12.346480684157827,3.269724757457058,12000000.0,False,4399.223300970861,143.84249340766385,epithermal_intermediate
full_geometry,neutron,y_min,neutron_energy_resolved_current_y_min,4.907195194375853,5.979524734045527,5.416889793927855,1.0723295396696741,0.08583333333333343,-3.626666666666663e-05,1.1372808163100257e-06,3.626666666666663e-05,435.19999999999953,13.647369795720309,3.13588460379603,12000000.0,False,5070.291262135911,158.99848305693547,epithermal_intermediate
full_geometry,neutron,y_min,neutron_energy_resolved_current_y_min,5.979524734045527,7.286181745132289,6.60059875782262,1.3066570110867621,0.08583333333333343,-3.6066666666666624e-05,1.173654815591573e-06,3.6066666666666624e-05,432.7999999999995,14.083857787098877,3.254126106076454,12000000.0,False,5042.330097087367,164.08378004387023,epithermal_intermediate
full_geometry,neutron,y_min,neutron_energy_resolved_current_y_min,7.286181745132289,8.878371908193657,8.042974034769474,1.5921901630613675,0.08583333333333298,-3.919999999999995e-05,1.1342838167912707e-06,3.919999999999995e-05,470.3999999999994,13.611405801495248,2.8935811652838574,12000000.0,False,5480.388349514578,158.57948506596472,epithermal_intermediate
full_geometry,neutron,y_min,neutron_energy_resolved_current_y_min,8.878371908193657,10.818490465580783,9.800539874857575,1.9401185573871267,0.08583333333333387,-3.753333333333328e-05,1.1651511098915315e-06,3.753333333333328e-05,450.39999999999935,13.981813318698379,3.104310239497868,12000000.0,False,5247.378640776658,162.89491245085387,epithermal_intermediate
full_geometry,neutron,y_min,neutron_energy_resolved_current_y_min,10.818490465580783,13.1825673855641,11.942172313804612,2.364076919983317,0.08583333333333343,-4.1800000000000006e-05,1.2021348531376147e-06,4.1800000000000006e-05,501.6000000000001,14.425618237651376,2.875920701286159,12000000.0,False,5843.883495145626,168.06545519593817,epithermal_intermediate
full_geometry,neutron,y_min,neutron_energy_resolved_current_y_min,13.1825673855641,16.06324684833086,14.551798308424692,2.880679462766759,0.08583333333333254,-4.053333333333326e-05,1.1781864768407182e-06,4.053333333333326e-05,486.3999999999991,14.138237722088618,2.906710057995198,12000000.0,False,5666.796116504896,164.7173326845291,epithermal_intermediate
full_geometry,neutron,y_min,neutron_energy_resolved_current_y_min,16.06324684833086,19.573417814876617,17.731684692264295,3.5101709665457577,0.08583333333333343,-4.3699999999999924e-05,1.2194676909518243e-06,4.3699999999999924e-05,524.3999999999991,14.633612291421892,2.790543915221571,12000000.0,False,6109.514563106779,170.48868689035194,epithermal_intermediate
full_geometry,neutron,y_min,neutron_energy_resolved_current_y_min,19.573417814876617,23.850637954651077,21.606445840020513,4.27722013977446,0.08583333333333343,-4.589999999999997e-05,1.2976997057094644e-06,4.589999999999997e-05,550.7999999999996,15.572396468513572,2.8272324743125608,12000000.0,False,6417.087378640766,181.42597827394434,epithermal_intermediate
full_geometry,neutron,y_min,neutron_energy_resolved_current_y_min,23.850637954651077,29.06252429820869,26.327927094338918,5.211886343557612,0.08583333333333343,-4.4599999999999986e-05,1.3440981277550217e-06,4.4599999999999986e-05,535.1999999999998,16.12917753306026,3.0136729321861484,12000000.0,False,6235.339805825233,187.9127479579834,epithermal_intermediate
full_geometry,neutron,y_min,neutron_energy_resolved_current_y_min,29.06252429820869,35.41332186543297,32.0811553282364,6.35079756722428,0.08583333333333343,-4.426666666666662e-05,1.2192193102537908e-06,4.426666666666662e-05,531.1999999999995,14.63063172304549,2.7542604900311565,12000000.0,False,6188.737864077657,170.453961821889,epithermal_intermediate
full_geometry,neutron,y_min,neutron_energy_resolved_current_y_min,35.41332186543297,43.15190768277659,39.09158983563622,7.738585817343619,0.08583333333333343,-4.6699999999999956e-05,1.2556805152182512e-06,4.6699999999999956e-05,560.3999999999995,15.068166182619015,2.6888233730583564,12000000.0,False,6528.932038834939,175.5514506712893,epithermal_intermediate
full_geometry,neutron,y_min,neutron_energy_resolved_current_y_min,43.15190768277659,52.58154385342938,47.63395770016442,9.429636170652792,0.08583333333333343,-4.5733333333333304e-05,1.2256032422120544e-06,4.5733333333333304e-05,548.7999999999996,14.707238906544653,2.6798904713091587,12000000.0,False,6393.786407766978,171.34647269760742,epithermal_intermediate
full_geometry,neutron,y_min,neutron_energy_resolved_current_y_min,52.58154385342938,64.07176188675551,58.043019885382606,11.49021803332613,0.08583333333333343,-4.6933333333333245e-05,1.2330395263047975e-06,4.6933333333333245e-05,563.1999999999989,14.79647431565757,2.627214899797159,12000000.0,False,6561.553398058232,172.38610853193265,epithermal_intermediate
full_geometry,neutron,y_min,neutron_energy_resolved_current_y_min,64.07176188675551,78.07284401379086,70.72668995134308,14.001082127035346,0.08583333333333343,-4.633333333333326e-05,1.240197536440983e-06,4.633333333333326e-05,555.9999999999991,14.882370437291797,2.6766853304481693,12000000.0,False,6477.669902912604,173.38684004611784,epithermal_intermediate
full_geometry,neutron,y_min,neutron_energy_resolved_current_y_min,78.07284401379086,95.13346898708764,86.18201949780304,17.060624973296783,0.08583333333333343,-4.9466666666666645e-05,1.2515972700895918e-06,4.9466666666666645e-05,593.5999999999997,15.0191672410751,2.5301831605584755,12000000.0,False,6915.728155339794,174.98058921640876,epithermal_intermediate
full_geometry,neutron,y_min,neutron_energy_resolved_current_y_min,95.13346898708764,115.92221387398774,105.01467677660848,20.788744886900105,0.08583333333333254,-4.883333333333329e-05,1.3615670142521511e-06,4.883333333333329e-05,585.9999999999995,16.338804171025814,2.7881918380590145,12000000.0,False,6827.184466019476,190.35500005078794,epithermal_intermediate
full_geometry,neutron,y_min,neutron_energy_resolved_current_y_min,115.92221387398774,141.25375446227554,127.96268180715678,25.331540588287794,0.08583333333333343,-4.946666666666662e-05,1.3175543484679689e-06,4.946666666666662e-05,593.5999999999995,15.810652181615627,2.6635195723746024,12000000.0,False,6915.728155339792,184.20177298969642,epithermal_intermediate
full_geometry,neutron,y_min,neutron_energy_resolved_current_y_min,141.25375446227554,172.12079102783665,155.92532813400996,30.867036565561108,0.08583333333333343,-5.103333333333325e-05,1.2757041322631283e-06,5.103333333333325e-05,612.399999999999,15.30844958715754,2.499746830038793,12000000.0,False,7134.757281553378,178.3508689765925,epithermal_intermediate
full_geometry,neutron,y_min,neutron_energy_resolved_current_y_min,172.12079102783665,209.7329505812199,189.99842462147348,37.612159553383265,0.08583333333333343,-4.993333333333332e-05,1.3823165192873186e-06,4.993333333333332e-05,599.1999999999998,16.587798231447824,2.7683241374245373,12000000.0,False,6980.9708737863975,193.2559017256055,epithermal_intermediate
full_geometry,neutron,y_min,neutron_energy_resolved_current_y_min,209.7329505812199,255.56419010641423,231.51723835152765,45.83123952519432,0.08583333333333343,-5.493333333333335e-05,1.2425863390958973e-06,5.493333333333335e-05,659.2000000000003,14.911036069150768,2.261989694956123,12000000.0,False,7679.9999999999945,173.72080857263012,epithermal_intermediate
full_geometry,neutron,y_min,neutron_energy_resolved_current_y_min,255.56419010641423,311.41055844467644,282.10882148472405,55.84636833826221,0.08583333333333343,-5.249999999999997e-05,1.3339950977598345e-06,5.249999999999997e-05,629.9999999999997,16.007941173118013,2.5409430433520668,12000000.0,False,7339.805825242706,186.50028551205432,epithermal_intermediate
full_geometry,neutron,y_min,neutron_energy_resolved_current_y_min,311.41055844467644,379.4605804140449,343.7557726853162,68.05002196936846,0.08583333333333343,-5.3233333333333304e-05,1.4429456535326208e-06,5.3233333333333304e-05,638.7999999999996,17.31534784239145,2.710605485659277,12000000.0,False,7442.330097087366,201.7322078725215,epithermal_intermediate
full_geometry,neutron,y_min,neutron_energy_resolved_current_y_min,379.4605804140449,462.3810213992613,418.8739318131442,82.92044098521637,0.08583333333333343,-5.4433333333333265e-05,1.3839487019618315e-06,5.4433333333333265e-05,653.1999999999991,16.607384423541976,2.5424654659433554,12000000.0,False,7610.097087378623,193.4840903713626,epithermal_intermediate
full_geometry,neutron,y_min,neutron_energy_resolved_current_y_min,462.3810213992613,563.4213933814742,510.40705260597747,101.04037198221295,0.08583333333333343,-5.889999999999996e-05,1.2885612866761993e-06,5.889999999999996e-05,706.7999999999995,15.462735440114391,2.1877101641361634,12000000.0,False,8234.563106796102,180.14837405958494,epithermal_intermediate
full_geometry,neutron,y_min,neutron_energy_resolved_current_y_min,563.4213933814742,686.5412978224565,621.9421634147777,123.11990444098228,0.08583333333333343,-5.9833333333333335e-05,1.4664272126409688e-06,5.9833333333333335e-05,718.0,17.597126551691627,2.450853280179892,12000000.0,False,8365.04854368931,205.0150666216498,epithermal_intermediate
full_geometry,neutron,y_min,neutron_energy_resolved_current_y_min,686.5412978224565,836.5655957558124,757.8501367841877,150.0242979333559,0.08583333333333343,-6.573333333333328e-05,1.564441361775284e-06,6.573333333333328e-05,788.7999999999994,18.773296341303407,2.379981787690596,12000000.0,False,9189.902912621343,218.71801562683558,epithermal_intermediate
full_geometry,neutron,y_min,neutron_energy_resolved_current_y_min,836.5655957558124,1019.3734859388737,923.4569765625972,182.80789018306132,0.08583333333333254,-6.99333333333334e-05,1.6607430965836386e-06,6.99333333333334e-05,839.2000000000007,19.928917159003664,2.3747518063636375,12000000.0,False,9777.087378640876,232.1815591340254,epithermal_intermediate
full_geometry,neutron,y_min,neutron_energy_resolved_current_y_min,1019.3734859388737,1242.1289007186062,1125.2525349942327,222.75541477973252,0.08583333333333343,-7.60666666666667e-05,1.5948588900674028e-06,7.60666666666667e-05,912.8000000000003,19.13830668080883,2.0966593646810723,12000000.0,False,10634.563106796108,222.97056327155894,epithermal_intermediate
full_geometry,neutron,y_min,neutron_energy_resolved_current_y_min,1242.1289007186062,1513.5612484362102,1371.1448390634562,271.432347717604,0.08583333333333343,-8.996666666666671e-05,1.8406401468320834e-06,8.996666666666671e-05,1079.6000000000006,22.087681761985,2.0459134644298804,12000000.0,False,12577.864077669896,257.3322147027376,epithermal_intermediate
full_geometry,neutron,y_min,neutron_energy_resolved_current_y_min,1513.5612484362102,1844.3075041909485,1670.7699927110023,330.7462557547383,0.08583333333333343,-9.863333333333339e-05,1.8850454919907652e-06,9.863333333333339e-05,1183.6000000000006,22.620545903889184,1.91116474348506,12000000.0,False,13789.514563106788,263.54034062783484,epithermal_intermediate
full_geometry,neutron,y_min,neutron_energy_resolved_current_y_min,1844.3075041909485,2247.3290549222215,2035.8697994664112,403.021550731273,0.08583333333333343,-0.00010193333333333338,1.9907216964051102e-06,0.00010193333333333338,1223.2000000000005,23.888660356861322,1.9529643849625011,12000000.0,False,14250.873786407758,278.3144895945005,epithermal_intermediate
full_geometry,neutron,y_min,neutron_energy_resolved_current_y_min,2247.3290549222215,2738.419634264367,2480.751903889584,491.09057934214525,0.08583333333333343,-0.0001181333333333334,2.121069823949134e-06,0.0001181333333333334,1417.6000000000008,25.45283788738961,1.795487999956941,12000000.0,False,16515.7281553398,296.5379171346359,epithermal_intermediate
full_geometry,neutron,y_min,neutron_energy_resolved_current_y_min,2738.419634264367,3336.8242522829496,3022.850483987116,598.4046180185828,0.08583333333333343,-0.00012463333333333335,2.1166107051126244e-06,0.00012463333333333335,1495.6000000000001,25.399328461351494,1.6982701565493106,12000000.0,False,17424.466019417458,295.9145063458423,epithermal_intermediate
full_geometry,neutron,y_min,neutron_energy_resolved_current_y_min,3336.8242522829496,4065.993374903165,3683.409467191868,729.1691226202156,0.08583333333333343,-0.00011683333333333335,2.0709049574992963e-06,0.00011683333333333335,1402.0000000000002,24.850859489991556,1.7725292075600252,12000000.0,False,16333.980582524257,289.5245765824256,epithermal_intermediate
full_geometry,neutron,y_min,neutron_energy_resolved_current_y_min,4065.993374903165,4954.501908047916,4488.315043985651,888.5085331447508,0.08583333333333343,-0.0001302333333333334,2.2504394880246006e-06,0.0001302333333333334,1562.8000000000009,27.005273856295208,1.72800574969895,12000000.0,False,18207.37864077669,314.6245497820797,epithermal_intermediate
full_geometry,neutron,y_min,neutron_energy_resolved_current_y_min,4954.501908047916,6037.168999921217,5469.110103967317,1082.6670918733007,0.08583333333333343,-0.00012196666666666663,1.9138049985956204e-06,0.00012196666666666663,1463.5999999999997,22.965659983147443,1.569121343478235,12000000.0,False,17051.650485436872,267.5610871823,epithermal_intermediate
full_geometry,neutron,y_min,neutron_energy_resolved_current_y_min,6037.168999921217,7356.422544596421,6664.230348401762,1319.2535446752045,0.08583333333333254,-5.9233333333333314e-05,1.4004445331305784e-06,5.9233333333333314e-05,710.7999999999997,16.80533439756694,2.364284524137162,12000000.0,False,8281.165048543762,195.7903036609759,epithermal_intermediate
full_geometry,neutron,y_min,neutron_energy_resolved_current_y_min,7356.422544596421,8963.961859499512,8120.5105204121655,1607.5393149030906,0.08583333333333343,-3.953333333333329e-05,1.1989156502978751e-06,3.953333333333329e-05,474.39999999999947,14.3869878035745,3.0326702789996873,12000000.0,False,5526.990291262124,167.61539188630468,epithermal_intermediate
full_geometry,neutron,y_min,neutron_energy_resolved_current_y_min,8963.961859499512,10922.783694308595,9895.019779431743,1958.8218348090832,0.08583333333333343,-0.00011156666666666664,2.0054654048754814e-06,0.00011156666666666664,1338.7999999999997,24.065584858505776,1.7975489138411846,12000000.0,False,15597.669902912601,280.37574592433884,epithermal_intermediate
full_geometry,neutron,y_min,neutron_energy_resolved_current_y_min,10922.783694308595,13309.650967135536,12057.298145138764,2386.867272826941,0.08583333333333343,-0.00017759999999999995,2.6775252721598783e-06,0.00017759999999999995,2131.1999999999994,32.13030326591854,1.5076155811711032,12000000.0,False,24829.51456310676,374.3336302825457,epithermal_intermediate
full_geometry,neutron,y_min,neutron_energy_resolved_current_y_min,13309.650967135536,16218.100973589331,14692.081653334051,2908.450006453795,0.08583333333333343,-0.0002549666666666668,2.801694953357507e-06,0.0002549666666666668,3059.6000000000013,33.62033944029009,1.0988475434792155,12000000.0,False,35645.82524271842,391.6932750325054,epithermal_intermediate
full_geometry,neutron,y_min,neutron_energy_resolved_current_y_min,16218.100973589331,19762.1109553519,17902.62301801535,3544.0099817625705,0.08583333333333343,-0.0003940333333333331,3.595828852384171e-06,0.0003940333333333331,4728.399999999998,43.14994622861005,0.912569711289444,12000000.0,False,55088.15533980574,502.71782013914566,epithermal_intermediate
full_geometry,neutron,y_min,neutron_energy_resolved_current_y_min,19762.1109553519,24080.564675705467,21814.737930784755,4318.453720353566,0.08583333333333343,-0.0007690666666666664,5.38499780985239e-06,0.0007690666666666664,9228.799999999997,64.61997371822868,0.7001990910869094,12000000.0,False,107519.99999999985,752.854062736644,epithermal_intermediate
full_geometry,neutron,y_min,neutron_energy_resolved_current_y_min,24080.564675705467,29342.695039559763,26581.735565226376,5262.130363854296,0.08583333333333343,-0.0008520999999999997,4.7032058138615375e-06,0.0008520999999999997,10225.199999999997,56.43846976633845,0.5519546783078909,12000000.0,False,119128.54368932023,657.5355700932628,epithermal_intermediate
full_geometry,neutron,y_min,neutron_energy_resolved_current_y_min,29342.695039559763,35754.71604506223,32390.42650439039,6412.021005502469,0.08583333333333343,-0.00010203333333333342,1.7782899438755653e-06,0.00010203333333333342,1224.400000000001,21.339479326506783,1.7428519541413563,12000000.0,False,14264.854368932034,248.6152931243506,epithermal_intermediate
full_geometry,neutron,y_min,neutron_energy_resolved_current_y_min,35754.71604506223,43567.90396176953,39468.44353191055,7813.187916707298,0.08583333333333343,-0.00023500000000000007,2.974248450643267e-06,0.00023500000000000007,2820.000000000001,35.6909814077192,1.2656376385716024,12000000.0,False,32854.36893203881,415.8172591190582,epithermal_intermediate
full_geometry,neutron,y_min,neutron_energy_resolved_current_y_min,43567.90396176953,53088.44442309901,48093.162176190046,9520.540461329481,0.08583333333333343,-0.00035846666666666674,3.366989509560153e-06,0.00035846666666666674,4301.600000000001,40.40387411472184,0.9392754815585324,12000000.0,False,50115.72815533976,470.72474696763254,epithermal_intermediate
full_geometry,neutron,y_min,neutron_energy_resolved_current_y_min,53088.44442309901,64689.43132397588,58602.5705887103,11600.986900876866,0.08583333333333254,-0.0004684333333333337,3.832565479782205e-06,0.0004684333333333337,5621.200000000004,45.990785757386455,0.8181666860703484,12000000.0,False,65489.708737864734,535.8149796977112,epithermal_intermediate
full_geometry,neutron,y_min,neutron_energy_resolved_current_y_min,64689.43132397588,78825.48774020227,71408.51472862824,14136.05641622639,0.08583333333333343,-0.0007882333333333333,5.581826366125137e-06,0.0007882333333333333,9458.8,66.98191639350165,0.7081439124783446,12000000.0,False,110199.61165048531,780.3718414776882,epithermal_intermediate
full_geometry,neutron,y_min,neutron_energy_resolved_current_y_min,78825.48774020227,96050.58183867324,87012.83791006723,17225.094098470974,0.08583333333333343,-0.0008167999999999999,5.149848197262945e-06,0.0008167999999999999,9801.599999999999,61.79817836715534,0.6304907195473733,12000000.0,False,114193.39805825228,719.9787770930711,epithermal_intermediate
full_geometry,neutron,y_min,neutron_energy_resolved_current_y_min,96050.58183867324,117039.73595386233,106027.04719369092,20989.154115189085,0.08583333333333432,-0.0007940000000000008,4.930735403212751e-06,0.0007940000000000008,9528.00000000001,59.16882483855301,0.6209994210595398,12000000.0,False,111005.82524271728,689.3455320996388,fast
full_geometry,neutron,y_min,neutron_energy_resolved_current_y_min,117039.73595386233,142615.47957260144,129196.27731521803,25575.743618739114,0.08583333333333343,-0.0017010333333333338,8.382694167228523e-06,0.0017010333333333338,20412.400000000005,100.59233000674227,0.4928001117298419,12000000.0,False,237814.36893203863,1171.9494758067049,fast
full_geometry,neutron,y_min,neutron_energy_resolved_current_y_min,142615.47957260144,173780.08287493835,157428.49125674728,31164.60330233691,0.08583333333333343,-0.0011152000000000009,6.3748460536202784e-06,0.0011152000000000009,13382.40000000001,76.49815264344335,0.5716325370893359,12000000.0,False,155911.45631067955,891.2406133216691,fast
full_geometry,neutron,y_min,neutron_energy_resolved_current_y_min,173780.08287493835,211754.8340090713,191830.06178194602,37974.75113413294,0.08583333333333165,-0.0014054999999666674,6.470432711747172e-06,0.0014054999999666674,16865.999999600008,77.64519254096606,0.4603651876129935,12000000.0,False,196497.0873739845,904.6041849433117,fast
full_geometry,neutron,y_min,neutron_energy_resolved_current_y_min,211754.8340090713,258027.8993104113,233749.12831534902,46273.065301340015,0.08583333333333343,-0.001649799999966667,7.76952569613266e-06,0.001649799999966667,19797.599999600003,93.23430835359191,0.4709374285543483,12000000.0,False,230651.65048077647,1086.2249516923318,fast
full_geometry,neutron,y_min,neutron_energy_resolved_current_y_min,258027.8993104113,314412.64202587993,284828.428248611,56384.74271546863,0.08583333333333343,-0.0031502333333000006,1.0204423191533453e-05,0.0031502333333000006,37802.79999960001,122.45307829840144,0.32392594807711894,12000000.0,False,440420.9708691258,1426.6378054182676,fast
full_geometry,neutron,y_min,neutron_energy_resolved_current_y_min,314412.64202587993,383118.6849557293,347069.67304334097,68706.04292984935,0.08583333333333343,-0.0026638333333333345,9.609598779504179e-06,0.0026638333333333345,31966.000000000015,115.31518535405014,0.3607432439280801,12000000.0,False,372419.4174757279,1343.4778876200003,fast
full_geometry,neutron,y_min,neutron_energy_resolved_current_y_min,383118.6849557293,466838.5018377398,422911.9919212243,83719.81688201049,0.08583333333333343,-0.0013400000000000003,6.534873433474095e-06,0.0013400000000000003,16080.000000000004,78.41848120168913,0.4876771219010517,12000000.0,False,187339.80582524254,913.6133732235617,fast
full_geometry,neutron,y_min,neutron_energy_resolved_current_y_min,466838.5018377398,568852.9308438424,515327.5172171061,102014.42900610267,0.08583333333333343,-0.0021795999998700005,8.79187828610214e-06,0.0021795999998700005,26155.199998440006,105.50253943322568,0.4033711821722573,12000000.0,False,304720.7766808541,1229.1557992220453,fast
full_geometry,neutron,y_min,neutron_energy_resolved_current_y_min,568852.9308438424,693159.7450848253,627937.8572235262,124306.81424098287,0.08583333333333343,-0.0036244666665699973,1.0822277015733547e-05,0.0036244666665699973,43493.59999883997,129.86732418880257,0.29858950326546047,12000000.0,False,506721.5533845428,1513.0173691899313,fast
full_geometry,neutron,y_min,neutron_energy_resolved_current_y_min,693159.7450848253,844630.3185839704,765156.0209006916,151470.5734991451,0.08583333333333343,-0.0019290333333333329,8.712309918155745e-06,0.0019290333333333329,23148.399999999994,104.54771901786894,0.45164123230058656,12000000.0,False,269690.09708737826,1218.0316778780834,fast
full_geometry,neutron,y_min,neutron_energy_resolved_current_y_min,844630.3185839704,1029200.5271944307,932359.3562414775,184570.20861046028,0.08583333333333343,-0.0020620666666666667,8.003147838517034e-06,0.0020620666666666667,24744.8,96.0377740622044,0.3881129532758576,12000000.0,False,288288.9320388346,1118.8866881033512,fast
full_geometry,neutron,y_min,neutron_energy_resolved_current_y_min,1029200.5271944307,1254103.365544753,1136100.2794537854,224902.8383503222,0.08583333333333343,-0.0016735333333333332,7.50225136529941e-06,0.0016735333333333332,20082.399999999998,90.02701638359292,0.44828813480257806,12000000.0,False,233969.70873786378,1048.8584433039941,fast
full_geometry,neutron,y_min,neutron_energy_resolved_current_y_min,1254103.365544753,1528152.3958776172,1384363.0530808733,274049.03033286426,0.08583333333333343,-0.001211966666666667,6.101464329482777e-06,0.001211966666666667,14543.600000000004,73.21757195379332,0.5034349951442099,12000000.0,False,169439.99999999985,853.0202557723485,fast
full_geometry,neutron,y_min,neutron_energy_resolved_current_y_min,1528152.3958776172,1862087.1366628732,1686876.6757603418,333934.740785256,0.08583333333333343,-0.001018666666666667,5.571333966852073e-06,0.001018666666666667,12224.000000000005,66.85600760222488,0.546924145960609,12000000.0,False,142415.53398058243,778.9049429385414,fast
full_geometry,neutron,y_min,neutron_energy_resolved_current_y_min,1862087.1366628732,2268993.9261810533,2055496.1452427802,406906.78951818007,0.08583333333333343,-0.0008236333333333331,4.803078335953336e-06,0.0008236333333333331,9883.599999999997,57.636940031440034,0.5831573518904049,12000000.0,False,115148.7378640775,671.4983304633782,fast
full_geometry,neutron,y_min,neutron_energy_resolved_current_y_min,2268993.9261810533,2764818.754010117,2504667.035723596,495824.82782906387,0.08583333333333343,-0.0006500333333333333,4.332989867187532e-06,0.0006500333333333333,7800.4,51.995878406250384,0.6665796421497665,12000000.0,False,90878.44660194164,605.7772241504892,fast
full_geometry,neutron,y_min,neutron_energy_resolved_current_y_min,2764818.754010117,3368992.1574149197,3051991.5954887187,604173.4034048025,0.08583333333333343,-0.0004951000000000002,4.2354044740834404e-06,0.0004951000000000002,5941.200000000002,50.82485368900129,0.8554644463913228,12000000.0,False,69217.86407766984,592.1342177359367,fast
full_geometry,neutron,y_min,neutron_energy_resolved_current_y_min,3368992.1574149197,4105190.6712730955,3718918.549284449,736198.5138581758,0.08583333333333343,-0.00042050000000000014,3.800523639330529e-06,0.00042050000000000014,5046.000000000002,45.606283671966345,0.903810615774204,12000000.0,False,58788.349514563066,531.3353437510636,fast
full_geometry,neutron,y_min,neutron_energy_resolved_current_y_min,4105190.6712730955,5002264.671473413,4531583.637600836,897074.0002003172,0.08583333333333343,-0.00043543333333333293,3.7749447811960405e-06,0.00043543333333333293,5225.199999999995,45.29933737435248,0.8669397798046491,12000000.0,False,60876.116504854246,527.759270380805,fast
full_geometry,neutron,y_min,neutron_energy_resolved_current_y_min,5002264.671473413,6095368.972401719,5521833.832182957,1093104.3009283058,0.08583333333333343,-0.00038886666666666667,3.4750498928376414e-06,0.00038886666666666667,4666.4,41.700598714051694,0.8936353230338526,12000000.0,False,54365.82524271838,485.8322180277862,fast
full_geometry,neutron,y_min,neutron_energy_resolved_current_y_min,6095368.972401719,7427340.484719703,6728475.365045459,1331971.5123179844,0.08583333333333343,-0.0003741666666666668,3.801208026411097e-06,0.0003741666666666668,4490.000000000002,45.61449631693316,1.015913058283589,12000000.0,False,52310.67961165045,531.4310250516479,fast
full_geometry,neutron,y_min,neutron_energy_resolved_current_y_min,7427340.484719703,9050376.921517165,8198794.479138827,1623036.4367974624,0.08583333333333343,-0.00032906666666666673,3.3280984535076295e-06,0.00032906666666666673,3948.8000000000006,39.93718144209156,1.0113751378163378,12000000.0,False,46005.43689320384,465.2875507816487,fast
full_geometry,neutron,y_min,neutron_energy_resolved_current_y_min,9050376.921517165,11028082.338495575,9990410.496316526,1977705.4169784095,0.08583333333333343,-0.00015386666666666665,2.2080088001160355e-06,0.00015386666666666665,1846.3999999999999,26.496105601392426,1.4350143848241133,12000000.0,False,21511.456310679587,308.69249244340654,fast
full_geometry,neutron,y_min,neutron_energy_resolved_current_y_min,11028082.338495575,13437959.669446556,12173533.821205715,2409877.330950981,0.08583333333333165,-3.3333333333333334e-08,3.333333333333334e-08,3.3333333333333334e-08,0.4,0.4000000000000001,100.00000000000001,12000000.0,False,4.660194174757373,4.660194174757374,fast
full_geometry,neutron,y_min,neutron_energy_resolved_current_y_min,13437959.669446556,16374447.935279656,14833717.36833827,2936488.2658331003,0.08583333333333343,0.0,0.0,0.0,0.0,0.0,,12000000.0,False,0.0,0.0,fast
full_geometry,neutron,y_min,neutron_energy_resolved_current_y_min,16374447.935279656,19952623.149688788,18075209.2363224,3578175.2144091316,0.08583333333333254,0.0,0.0,0.0,0.0,0.0,,12000000.0,False,0.0,0.0,fast
full_geometry,neutron,y_max,neutron_energy_resolved_current_y_max,0.001,0.0012185218841302,0.0011038667873118568,0.0002185218841302,0.08583333333333343,0.0,0.0,0.0,0.0,0.0,,12000000.0,False,0.0,0.0,thermal
full_geometry,neutron,y_max,neutron_energy_resolved_current_y_max,0.0012185218841302,0.0014847955821042124,0.0013450858375039943,0.0002662736979740124,0.08583333333333343,0.0,0.0,0.0,0.0,0.0,,12000000.0,False,0.0,0.0,thermal
full_geometry,neutron,y_max,neutron_energy_resolved_current_y_max,0.0014847955821042124,0.001809255910253822,0.0016390165290322153,0.00032446032814960964,0.08583333333333343,0.0,0.0,0.0,0.0,0.0,,12000000.0,False,0.0,0.0,thermal
full_geometry,neutron,y_max,neutron_energy_resolved_current_y_max,0.001809255910253822,0.0022046179206361848,0.0019971775090768746,0.00039536201038236274,0.08583333333333298,0.0,0.0,0.0,0.0,0.0,,12000000.0,False,0.0,0.0,thermal
full_geometry,neutron,y_max,neutron_energy_resolved_current_y_max,0.0022046179206361848,0.0026863751824408076,0.002433604501302811,0.0004817572618046229,0.08583333333333343,0.0,0.0,0.0,0.0,0.0,,12000000.0,False,0.0,0.0,thermal
full_geometry,neutron,y_max,neutron_energy_resolved_current_y_max,0.0026863751824408076,0.003273406948788383,0.0029654003421552377,0.0005870317663475753,0.08583333333333343,0.0,0.0,0.0,0.0,0.0,,12000000.0,False,0.0,0.0,thermal
full_geometry,neutron,y_max,neutron_energy_resolved_current_y_max,0.003273406948788383,0.0039887180027625094,0.00361340521212334,0.0007153110539741265,0.08583333333333343,0.0,0.0,0.0,0.0,0.0,,12000000.0,False,0.0,0.0,thermal
full_geometry,neutron,y_max,neutron_energy_resolved_current_y_max,0.0039887180027625094,0.004860340175990216,0.004403013327202414,0.0008716221732277063,0.08583333333333298,0.0,0.0,0.0,0.0,0.0,,12000000.0,False,0.0,0.0,thermal
full_geometry,neutron,y_max,neutron_energy_resolved_current_y_max,0.004860340175990216,0.005922430868761305,0.005365168095313064,0.0010620906927710895,0.08583333333333343,3.3333333333333334e-08,3.333333333333334e-08,3.3333333333333334e-08,0.4,0.4000000000000001,100.00000000000001,12000000.0,False,4.660194174757277,4.660194174757278,thermal
full_geometry,neutron,y_max,neutron_energy_resolved_current_y_max,0.005922430868761305,0.007216611620833884,0.006537574736176111,0.0012941807520725785,0.08583333333333343,0.0,0.0,0.0,0.0,0.0,,12000000.0,False,0.0,0.0,thermal
full_geometry,neutron,y_max,neutron_energy_resolved_current_y_max,0.007216611620833884,0.0087935991892544,0.00796617788516731,0.0015769875684205157,0.08583333333333343,3.3333333333333334e-08,3.333333333333334e-08,3.3333333333333334e-08,0.4,0.4000000000000001,100.00000000000001,12000000.0,False,4.660194174757277,4.660194174757278,thermal
full_geometry,neutron,y_max,neutron_energy_resolved_current_y_max,0.0087935991892544,0.01071519305237607,0.009706962085950403,0.0019215938631216706,0.08583333333333343,3.3333333333333334e-08,3.333333333333334e-08,3.3333333333333334e-08,0.4,0.4000000000000001,100.00000000000001,12000000.0,False,4.660194174757277,4.660194174757278,thermal
full_geometry,neutron,y_max,neutron_energy_resolved_current_y_max,0.01071519305237607,0.01305669722700011,0.011828145730152697,0.0023415041746240404,0.0858333333333332,6.666666666666667e-08,4.70615558697011e-08,6.666666666666667e-08,0.8,0.5647386704364132,70.59233380455164,12000000.0,False,9.320388349514577,6.579479655569873,thermal
full_geometry,neutron,y_max,neutron_energy_resolved_current_y_max,0.01305669722700011,0.01590987130556173,0.01441285442087224,0.0028531740785616207,0.08583333333333343,1.0000000000000001e-07,5.754160919975787e-08,1.0000000000000001e-07,1.2000000000000002,0.6904993103970944,57.541609199757865,12000000.0,False,13.980582524271831,8.04465215996614,thermal
full_geometry,neutron,y_max,neutron_energy_resolved_current_y_max,0.01590987130556173,0.019386526359522076,0.01756237852461552,0.0034766550539603452,0.0858333333333332,1.3333333333333334e-07,6.633137535414969e-08,1.3333333333333334e-07,1.6,0.7959765042497963,49.74853151561227,12000000.0,False,18.640776699029153,9.273512670871426,thermal
full_geometry,neutron,y_max,neutron_energy_resolved_current_y_max,0.019386526359522076,0.023622906626344628,0.02140014256962226,0.0042363802668225516,0.08583333333333343,6.666666666666667e-08,8.169515804508793e-08,6.666666666666667e-08,0.8,0.9803418965410552,122.54273706763189,12000000.0,False,9.320388349514554,11.421458988827816,thermal
full_geometry,neutron,y_max,neutron_energy_resolved_current_y_max,0.023622906626344628,0.02878502869096524,0.026076542044591016,0.005162122064620613,0.08583333333333343,3.0000000000000004e-07,1.2814602874172207e-07,3.0000000000000004e-07,3.6000000000000005,1.5377523449006647,42.71534291390735,12000000.0,False,41.941747572815494,17.91556129981355,thermal
full_geometry,neutron,y_max,neutron_energy_resolved_current_y_max,0.02878502869096524,0.035075187395256814,0.031774837143775415,0.0062901587042915735,0.0858333333333332,4.0000000000000003e-07,1.3153751621375323e-07,4.0000000000000003e-07,4.800000000000001,1.5784501945650387,32.8843790534383,12000000.0,False,55.92233009708747,18.389711004641253,thermal
full_geometry,neutron,y_max,neutron_energy_resolved_current_y_max,0.035075187395256814,0.04273988343108817,0.038718334424363475,0.007664696035831357,0.08583333333333343,8.333333333333333e-07,1.7322653428775062e-07,8.333333333333333e-07,10.0,2.0787184114530075,20.787184114530074,12000000.0,False,116.50485436893192,24.218078580035012,thermal
full_geometry,neutron,y_max,neutron_energy_resolved_current_y_max,0.04273988343108817,0.05207948328595465,0.04717913781315854,0.00933959985486648,0.0858333333333332,1.1666666666666674e-06,2.1357671456953675e-07,1.1666666666666674e-06,14.000000000000009,2.562920574834441,18.30657553453171,12000000.0,False,163.1067961165052,29.859268833022657,thermal
full_geometry,neutron,y_max,neutron_energy_resolved_current_y_max,0.05207948328595465,0.06345999009812872,0.0574888118997283,0.01138050681217407,0.08583333333333343,1.6333333333333348e-06,2.476121564209484e-07,1.6333333333333348e-06,19.600000000000016,2.9713458770513808,15.159927944139685,12000000.0,False,228.34951456310674,34.61762186855974,thermal
full_geometry,neutron,y_max,neutron_energy_resolved_current_y_max,0.06345999009812872,0.07732738670125563,0.07005137539246359,0.013867396603126914,0.08583333333333343,2.500000000000004e-06,2.991068085870725e-07,2.500000000000004e-06,30.00000000000005,3.58928170304487,11.96427234348288,12000000.0,False,349.5145631067963,41.81687421023145,thermal
full_geometry,neutron,y_max,neutron_energy_resolved_current_y_max,0.07732738670125563,0.09422511293807855,0.08535913392913663,0.01689772623682291,0.0858333333333332,3.1333333333333386e-06,3.6045720172750045e-07,3.1333333333333386e-06,37.600000000000065,4.325486420730005,11.503953246622334,12000000.0,False,438.0582524271859,50.39401655219431,thermal
full_geometry,neutron,y_max,neutron_energy_resolved_current_y_max,0.09422511293807855,0.1148153621496884,0.10401197270305365,0.02059024921160986,0.08583333333333365,3.2333333333333385e-06,3.4317142874336073e-07,3.2333333333333385e-06,38.80000000000006,4.1180571449203285,10.61354934257815,12000000.0,False,452.0388349514553,47.977364795188116,thermal
full_geometry,neutron,y_max,neutron_energy_resolved_current_y_max,0.1148153621496884,0.13990503141372942,0.12674086495022382,0.02508966926404102,0.08583333333333298,3.5666666666666726e-06,3.7005628947018275e-07,3.5666666666666726e-06,42.80000000000007,4.440675473642193,10.375409985145293,12000000.0,False,498.64077669903196,51.73602493563741,thermal
full_geometry,neutron,y_max,neutron_energy_resolved_current_y_max,0.13990503141372942,0.1704773424775524,0.15443651755543789,0.030572311063822966,0.08583333333333343,5.033333333333343e-06,4.7571651839243867e-07,5.033333333333343e-06,60.40000000000012,5.7085982207092645,9.451321557465652,12000000.0,False,703.6893203883501,66.50794043544767,thermal
full_geometry,neutron,y_max,neutron_energy_resolved_current_y_max,0.1704773424775524,0.20773037255725652,0.18818427635015889,0.037253030079704125,0.08583333333333343,7.200000000000015e-06,5.090923569163845e-07,7.200000000000015e-06,86.40000000000018,6.109108282996615,7.070727179394216,12000000.0,False,1006.6019417475737,71.17407708345563,thermal
full_geometry,neutron,y_max,neutron_energy_resolved_current_y_max,0.20773037255725652,0.2531240049595366,0.22930665898187383,0.04539363240228006,0.08583333333333343,7.700000000000014e-06,5.598315561286787e-07,7.700000000000014e-06,92.40000000000018,6.7179786735441445,7.270539689982826,12000000.0,False,1076.504854368933,78.2677127014851,thermal
full_geometry,neutron,y_max,neutron_energy_resolved_current_y_max,0.2531240049595366,0.3084371394418766,0.27941518214619415,0.05531313448234004,0.08583333333333343,1.0833333333333356e-05,6.343183093503658e-07,1.0833333333333356e-05,130.00000000000026,7.611819712204389,5.8552459324649035,12000000.0,False,1514.5631067961178,88.68139470529376,thermal
full_geometry,neutron,y_max,neutron_energy_resolved_current_y_max,0.3084371394418766,0.3758374042884443,0.3404735142033633,0.06740026484656769,0.08583333333333298,1.3433333333333356e-05,7.327630294825449e-07,1.3433333333333356e-05,161.20000000000027,8.793156353790538,5.454811633865089,12000000.0,False,1878.0582524271954,102.44454004416203,thermal
full_geometry,neutron,y_max,neutron_energy_resolved_current_y_max,0.3758374042884443,0.45796610200015886,0.41487442802351243,0.08212869771171455,0.08583333333333343,1.6199999999999997e-05,8.659803474074199e-07,1.6199999999999997e-05,194.39999999999998,10.391764168889038,5.345557700045802,12000000.0,False,2264.854368932036,121.06909711327022,thermal
full_geometry,neutron,y_max,neutron_energy_resolved_current_y_max,0.45796610200015886,0.5580417174769969,0.5055335697126495,0.10007561547683808,0.08583333333333343,2.026666666666665e-05,9.442584029935522e-07,2.026666666666665e-05,243.1999999999998,11.331100835922626,4.659169751612926,12000000.0,False,2833.398058252422,132.0128252728848,epithermal_intermediate
full_geometry,neutron,y_max,neutron_energy_resolved_current_y_max,0.5580417174769969,0.679986045003323,0.6160037178573234,0.12194432752632611,0.08583333333333343,2.4633333333333283e-05,1.0466257652007333e-06,2.4633333333333283e-05,295.5999999999994,12.5595091824088,4.248819073886612,12000000.0,False,3443.88349514562,146.32437882418003,epithermal_intermediate
full_geometry,neutron,y_max,neutron_energy_resolved_current_y_max,0.679986045003323,0.8285778767396922,0.7506140109147139,0.14859183173636914,0.08583333333333344,2.8433333333333273e-05,1.0234903594042262e-06,2.8433333333333273e-05,341.1999999999993,12.281884312850716,3.599614394153207,12000000.0,False,3975.145631067948,143.08991432447417,epithermal_intermediate
full_geometry,neutron,y_max,neutron_energy_resolved_current_y_max,0.8285778767396922,1.0096402755134493,0.9146395988343231,0.18106239877375707,0.08583333333333297,3.3666666666666586e-05,1.1972034799592857e-06,3.3666666666666586e-05,403.99999999999903,14.36644175951143,3.5560499404731343,12000000.0,False,4706.796116504863,167.376020499163,epithermal_intermediate
full_geometry,neutron,y_max,neutron_energy_resolved_current_y_max,1.0096402755134493,1.2302687708123823,1.1145083672716891,0.22062849529893303,0.08583333333333339,3.836666666666662e-05,1.1366974139042747e-06,3.836666666666662e-05,460.3999999999994,13.640368966851296,2.9627213220789126,12000000.0,False,5363.883495145621,158.91692000215093,epithermal_intermediate
full_geometry,neutron,y_max,neutron_energy_resolved_current_y_max,1.2302687708123823,1.4991094205968494,1.3580528355667716,0.2688406497844671,0.08583333333333347,4.356666666666662e-05,1.2307997720105112e-06,4.356666666666662e-05,522.7999999999995,14.769597264126135,2.8250951155558814,12000000.0,False,6090.873786407751,172.07297783447896,epithermal_intermediate
full_geometry,neutron,y_max,neutron_energy_resolved_current_y_max,1.4991094205968494,1.8266976357030054,1.6548170999431833,0.327588215106156,0.08583333333333343,4.873333333333328e-05,1.4107355018789363e-06,4.873333333333328e-05,584.7999999999994,16.928826022547234,2.8948060914068487,12000000.0,False,6813.203883495131,197.22904103938504,epithermal_intermediate
full_geometry,neutron,y_max,neutron_energy_resolved_current_y_max,1.8266976357030054,2.2258710447930077,2.016430850513641,0.3991734090900023,0.08583333333333343,5.259999999999994e-05,1.3910527921973523e-06,5.259999999999994e-05,631.1999999999992,16.692633506368228,2.6445870574094186,12000000.0,False,7353.786407766974,194.47728356933837,epithermal_intermediate
full_geometry,neutron,y_max,neutron_energy_resolved_current_y_max,2.2258710447930077,2.7122725793320295,2.457065119186142,0.4864015345390218,0.08583333333333298,5.709999999999995e-05,1.5064965225898286e-06,5.709999999999995e-05,685.1999999999994,18.077958271077943,2.638347675288669,12000000.0,False,7982.912621359248,210.61698956595748,epithermal_intermediate
full_geometry,neutron,y_max,neutron_energy_resolved_current_y_max,2.7122725793320295,3.304963493642342,2.993987618461291,0.5926909143103125,0.08583333333333343,6.29e-05,1.534359358139675e-06,6.29e-05,754.8,18.4123122976761,2.4393630495066376,12000000.0,False,8793.78640776698,214.5123762836048,epithermal_intermediate
full_geometry,neutron,y_max,neutron_energy_resolved_current_y_max,3.304963493642342,4.027170343254594,3.648239433909942,0.7222068496122525,0.08583333333333343,6.646666666666664e-05,1.639991661433874e-06,6.646666666666664e-05,797.5999999999997,19.67989993720649,2.4673896611342148,12000000.0,False,9292.427184466005,229.28038761793943,epithermal_intermediate
full_geometry,neutron,y_max,neutron_energy_resolved_current_y_max,4.027170343254594,4.907195194375853,4.445459588766036,0.8800248511212585,0.08583333333333343,7.199999999999999e-05,1.6834163914297082e-06,7.199999999999999e-05,863.9999999999999,20.200996697156498,2.3380783214301504,12000000.0,False,10066.019417475716,235.35141783094923,epithermal_intermediate
full_geometry,neutron,y_max,neutron_energy_resolved_current_y_max,4.907195194375853,5.979524734045527,5.416889793927855,1.0723295396696741,0.08583333333333343,7.369999999999998e-05,1.635016083093142e-06,7.369999999999998e-05,884.3999999999997,19.620192997117705,2.2184750109811975,12000000.0,False,10303.689320388336,228.5847727819536,epithermal_intermediate
full_geometry,neutron,y_max,neutron_energy_resolved_current_y_max,5.979524734045527,7.286181745132289,6.60059875782262,1.3066570110867621,0.08583333333333343,7.90666666666667e-05,1.68784317016582e-06,7.90666666666667e-05,948.8000000000004,20.254118041989837,2.1347088998724524,12000000.0,False,11053.980582524264,235.97030728531823,epithermal_intermediate
full_geometry,neutron,y_max,neutron_energy_resolved_current_y_max,7.286181745132289,8.878371908193657,8.042974034769474,1.5921901630613675,0.08583333333333298,8.136666666666667e-05,1.6692499489433948e-06,8.136666666666667e-05,976.4000000000001,20.030999387320737,2.0515157094757,12000000.0,False,11375.533980582572,233.37086664839788,epithermal_intermediate
full_geometry,neutron,y_max,neutron_energy_resolved_current_y_max,8.878371908193657,10.818490465580783,9.800539874857575,1.9401185573871267,0.08583333333333387,8.88333333333334e-05,1.8192935606517732e-06,8.88333333333334e-05,1066.0000000000007,21.83152272782128,2.047985246512314,12000000.0,False,12419.417475728085,254.34783760568322,epithermal_intermediate
full_geometry,neutron,y_max,neutron_energy_resolved_current_y_max,10.818490465580783,13.1825673855641,11.942172313804612,2.364076919983317,0.08583333333333343,9.263333333333338e-05,1.9046960292797096e-06,9.263333333333338e-05,1111.6000000000006,22.856352351356517,2.0561669981429027,12000000.0,False,12950.679611650477,266.28760020997856,epithermal_intermediate
full_geometry,neutron,y_max,neutron_energy_resolved_current_y_max,13.1825673855641,16.06324684833086,14.551798308424692,2.880679462766759,0.08583333333333254,9.156666666666672e-05,1.8486901164839757e-06,9.156666666666672e-05,1098.8000000000006,22.18428139780771,2.0189553510928007,12000000.0,False,12801.553398058379,258.4576473531019,epithermal_intermediate
full_geometry,neutron,y_max,neutron_energy_resolved_current_y_max,16.06324684833086,19.573417814876617,17.731684692264295,3.5101709665457577,0.08583333333333343,9.376666666666664e-05,1.8924354097319744e-06,9.376666666666664e-05,1125.1999999999996,22.709224916783693,2.018238972341246,12000000.0,False,13109.126213592213,264.5734941761204,epithermal_intermediate
full_geometry,neutron,y_max,neutron_energy_resolved_current_y_max,19.573417814876617,23.850637954651077,21.606445840020513,4.27722013977446,0.08583333333333343,9.246666666666677e-05,1.8691137010623504e-06,9.246666666666677e-05,1109.6000000000013,22.429364412748203,2.0213918901178967,12000000.0,False,12927.3786407767,261.31298344949334,epithermal_intermediate
full_geometry,neutron,y_max,neutron_energy_resolved_current_y_max,23.850637954651077,29.06252429820869,26.327927094338918,5.211886343557612,0.08583333333333343,9.859999999999994e-05,1.9860494503347658e-06,9.859999999999994e-05,1183.1999999999994,23.83259340401719,2.014248935430798,12000000.0,False,13784.854368932016,277.66128237689895,epithermal_intermediate
full_geometry,neutron,y_max,neutron_energy_resolved_current_y_max,29.06252429820869,35.41332186543297,32.0811553282364,6.35079756722428,0.08583333333333343,9.799999999999997e-05,2.044652050273821e-06,9.799999999999997e-05,1175.9999999999995,24.535824603285853,2.0863796431365533,12000000.0,False,13700.970873786388,285.85426722274747,epithermal_intermediate
full_geometry,neutron,y_max,neutron_energy_resolved_current_y_max,35.41332186543297,43.15190768277659,39.09158983563622,7.738585817343619,0.08583333333333343,0.00010500000000000002,2.0218979571038896e-06,0.00010500000000000002,1260.0000000000002,24.262775485246674,1.925617102003704,12000000.0,False,14679.611650485424,282.6731124494755,epithermal_intermediate
full_geometry,neutron,y_max,neutron_energy_resolved_current_y_max,43.15190768277659,52.58154385342938,47.63395770016442,9.429636170652792,0.08583333333333343,0.00010156666666666669,1.8933777296284795e-06,0.00010156666666666669,1218.8000000000004,22.720532755541754,1.86417236261419,12000000.0,False,14199.611650485425,264.7052359868939,epithermal_intermediate
full_geometry,neutron,y_max,neutron_energy_resolved_current_y_max,52.58154385342938,64.07176188675551,58.043019885382606,11.49021803332613,0.08583333333333343,0.00010039999999999997,1.9138409202450564e-06,0.00010039999999999997,1204.7999999999997,22.966091042940675,1.9062160560209729,12000000.0,False,14036.504854368914,267.5661092381435,epithermal_intermediate
full_geometry,neutron,y_max,neutron_energy_resolved_current_y_max,64.07176188675551,78.07284401379086,70.72668995134308,14.001082127035346,0.08583333333333343,0.00010213333333333337,1.8953521355086139e-06,0.00010213333333333337,1225.6000000000004,22.744225626103365,1.855762534766919,12000000.0,False,14278.8349514563,264.98126943033014,epithermal_intermediate
full_geometry,neutron,y_max,neutron_energy_resolved_current_y_max,78.07284401379086,95.13346898708764,86.18201949780304,17.060624973296783,0.08583333333333343,0.0001040666666666667,1.976559025571493e-06,0.0001040666666666667,1248.8000000000004,23.718708306857916,1.8993200117599223,12000000.0,False,14549.126213592222,276.33446571096573,epithermal_intermediate
full_geometry,neutron,y_max,neutron_energy_resolved_current_y_max,95.13346898708764,115.92221387398774,105.01467677660848,20.788744886900105,0.08583333333333254,0.00010753333333333336,2.0298076053905927e-06,0.00010753333333333336,1290.4000000000003,24.357691264687112,1.8876078165442582,12000000.0,False,15033.786407767133,283.7789273555806,epithermal_intermediate
full_geometry,neutron,y_max,neutron_energy_resolved_current_y_max,115.92221387398774,141.25375446227554,127.96268180715678,25.331540588287794,0.08583333333333343,0.00010923333333333331,2.12676228104467e-06,0.00010923333333333331,1310.7999999999997,25.52114737253604,1.946990187102231,12000000.0,False,15271.456310679592,297.333755796536,epithermal_intermediate
full_geometry,neutron,y_max,neutron_energy_resolved_current_y_max,141.25375446227554,172.12079102783665,155.92532813400996,30.867036565561108,0.08583333333333343,0.00011216666656999996,2.006932426925919e-06,0.00011216666656999996,1345.9999988399995,24.08318912311103,1.7892413925606416,12000000.0,False,15681.553384543666,280.58084415274953,epithermal_intermediate
full_geometry,neutron,y_max,neutron_energy_resolved_current_y_max,172.12079102783665,209.7329505812199,189.99842462147348,37.612159553383265,0.08583333333333343,0.0001091333333333334,2.0456732125647393e-06,0.0001091333333333334,1309.6000000000008,24.54807855077687,1.8744714837184526,12000000.0,False,15257.475728155332,285.99703165953605,epithermal_intermediate
full_geometry,neutron,y_max,neutron_energy_resolved_current_y_max,209.7329505812199,255.56419010641423,231.51723835152765,45.83123952519432,0.08583333333333343,0.00010996666665230008,2.0174812005903554e-06,0.00010996666665230008,1319.5999998276009,24.209774407084264,1.8346297673724727,12000000.0,False,15373.980580515721,282.05562416020473,epithermal_intermediate
full_geometry,neutron,y_max,neutron_energy_resolved_current_y_max,255.56419010641423,311.41055844467644,282.10882148472405,55.84636833826221,0.08583333333333343,0.00011563333333333326,2.0265233109540666e-06,0.00011563333333333326,1387.5999999999992,24.3182797314488,1.7525425001044115,12000000.0,False,16166.213592232984,283.3197638615391,epithermal_intermediate
full_geometry,neutron,y_max,neutron_energy_resolved_current_y_max,311.41055844467644,379.4605804140449,343.7557726853162,68.05002196936846,0.08583333333333343,0.00012060000000000002,2.1769339100226266e-06,0.00012060000000000002,1447.2000000000003,26.12320692027152,1.8050861608811164,12000000.0,False,16860.582524271827,304.3480417895708,epithermal_intermediate
full_geometry,neutron,y_max,neutron_energy_resolved_current_y_max,379.4605804140449,462.3810213992613,418.8739318131442,82.92044098521637,0.08583333333333343,0.0001227000000000001,2.0817008096432726e-06,0.0001227000000000001,1472.4000000000012,24.980409715719272,1.696577676970881,12000000.0,False,17154.174757281547,291.0338996006126,epithermal_intermediate
full_geometry,neutron,y_max,neutron_energy_resolved_current_y_max,462.3810213992613,563.4213933814742,510.40705260597747,101.04037198221295,0.08583333333333343,0.0001318666666666666,2.262472347291676e-06,0.0001318666666666666,1582.3999999999992,27.14966816750011,1.7157272603324143,12000000.0,False,18435.728155339777,316.3068136019427,epithermal_intermediate
full_geometry,neutron,y_max,neutron_energy_resolved_current_y_max,563.4213933814742,686.5412978224565,621.9421634147777,123.11990444098228,0.08583333333333343,0.00013893333333333342,2.224467836017077e-06,0.00013893333333333342,1667.200000000001,26.693614032204923,1.6011044884959758,12000000.0,False,19423.68932038834,310.99356154025116,epithermal_intermediate
full_geometry,neutron,y_max,neutron_energy_resolved_current_y_max,686.5412978224565,836.5655957558124,757.8501367841877,150.0242979333559,0.08583333333333343,0.0001457,2.3499638271368764e-06,0.0001457,1748.3999999999999,28.199565925642517,1.612878398858529,12000000.0,False,20369.708737864054,328.5386321434076,epithermal_intermediate
full_geometry,neutron,y_max,neutron_energy_resolved_current_y_max,836.5655957558124,1019.3734859388737,923.4569765625972,182.80789018306132,0.08583333333333254,0.00014840000000000006,2.452291718194608e-06,0.00014840000000000006,1780.8000000000006,29.427500618335294,1.6524876807241287,12000000.0,False,20747.18446601962,342.84466739808425,epithermal_intermediate
full_geometry,neutron,y_max,neutron_energy_resolved_current_y_max,1019.3734859388737,1242.1289007186062,1125.2525349942327,222.75541477973252,0.08583333333333343,0.00016629999999999998,2.4164823287247823e-06,0.00016629999999999998,1995.5999999999997,28.997787944697386,1.4530861868459304,12000000.0,False,23249.70873786405,337.8383061518138,epithermal_intermediate
full_geometry,neutron,y_max,neutron_energy_resolved_current_y_max,1242.1289007186062,1513.5612484362102,1371.1448390634562,271.432347717604,0.08583333333333343,0.00019550000000000014,2.6316506767200063e-06,0.00019550000000000014,2346.000000000002,31.579808120640077,1.3461128781176492,12000000.0,False,27332.038834951447,367.9200946093986,epithermal_intermediate
full_geometry,neutron,y_max,neutron_energy_resolved_current_y_max,1513.5612484362102,1844.3075041909485,1670.7699927110023,330.7462557547383,0.08583333333333343,0.00021573333333333355,2.803363695971563e-06,0.00021573333333333355,2588.8000000000025,33.64036435165876,1.299457831878041,12000000.0,False,30160.77669902912,391.92657497078125,epithermal_intermediate
full_geometry,neutron,y_max,neutron_energy_resolved_current_y_max,1844.3075041909485,2247.3290549222215,2035.8697994664112,403.021550731273,0.08583333333333343,0.00023576666666666682,3.137367241332485e-06,0.00023576666666666682,2829.200000000002,37.648406895989815,1.33070857118584,12000000.0,False,32961.55339805824,438.62221626395853,epithermal_intermediate
full_geometry,neutron,y_max,neutron_energy_resolved_current_y_max,2247.3290549222215,2738.419634264367,2480.751903889584,491.09057934214525,0.08583333333333343,0.0002567666666666669,2.9608438089409636e-06,0.0002567666666666669,3081.200000000003,35.53012570729156,1.153126240013356,12000000.0,False,35897.47572815533,413.9432121237847,epithermal_intermediate
full_geometry,neutron,y_max,neutron_energy_resolved_current_y_max,2738.419634264367,3336.8242522829496,3022.850483987116,598.4046180185828,0.08583333333333343,0.00027586666666666696,3.261331615970283e-06,0.00027586666666666696,3310.4000000000033,39.135979391643396,1.1822130072391057,12000000.0,False,38567.76699029126,455.9531579608934,epithermal_intermediate
full_geometry,neutron,y_max,neutron_energy_resolved_current_y_max,3336.8242522829496,4065.993374903165,3683.409467191868,729.1691226202156,0.08583333333333343,0.0002648000000000003,3.035075516206221e-06,0.0002648000000000003,3177.6000000000035,36.42090619447465,1.1461765544585412,12000000.0,False,37020.58252427184,424.3212372171799,epithermal_intermediate
full_geometry,neutron,y_max,neutron_energy_resolved_current_y_max,4065.993374903165,4954.501908047916,4488.315043985651,888.5085331447508,0.08583333333333343,0.00029026666666666677,3.1706898107324786e-06,0.00029026666666666677,3483.200000000001,38.04827772878974,1.0923368663524842,12000000.0,False,40580.97087378638,443.28090557813243,epithermal_intermediate
full_geometry,neutron,y_max,neutron_energy_resolved_current_y_max,4954.501908047916,6037.168999921217,5469.110103967317,1082.6670918733007,0.08583333333333343,0.00028590000000000023,3.046018290284773e-06,0.00028590000000000023,3430.800000000003,36.552219483417275,1.0654138825759951,12000000.0,False,39970.48543689319,425.85110077767655,epithermal_intermediate
full_geometry,neutron,y_max,neutron_energy_resolved_current_y_max,6037.168999921217,7356.422544596421,6664.230348401762,1319.2535446752045,0.08583333333333254,0.0001380000000000001,2.096873502106154e-06,0.0001380000000000001,1656.0000000000011,25.16248202527385,1.5194735522508351,12000000.0,False,19293.20388349534,293.1551303915427,epithermal_intermediate
full_geometry,neutron,y_max,neutron_energy_resolved_current_y_max,7356.422544596421,8963.961859499512,8120.5105204121655,1607.5393149030906,0.08583333333333343,7.319999999999998e-05,1.9282792509294964e-06,7.319999999999998e-05,878.3999999999997,23.139351011153956,2.6342612717616074,12000000.0,False,10233.786407766976,269.5846719746089,epithermal_intermediate
full_geometry,neutron,y_max,neutron_energy_resolved_current_y_max,8963.961859499512,10922.783694308595,9895.019779431743,1958.8218348090832,0.08583333333333343,0.00024453333333333344,2.896264204048165e-06,0.00024453333333333344,2934.4000000000015,34.75517044857798,1.1844046635965773,12000000.0,False,34187.1844660194,404.91460716789834,epithermal_intermediate
full_geometry,neutron,y_max,neutron_energy_resolved_current_y_max,10922.783694308595,13309.650967135536,12057.298145138764,2386.867272826941,0.08583333333333343,0.00039396666666666647,4.174269095584253e-06,0.00039396666666666647,4727.599999999998,50.091229147011035,1.0595488016543502,12000000.0,False,55078.83495145622,583.5871356933318,epithermal_intermediate
full_geometry,neutron,y_max,neutron_energy_resolved_current_y_max,13309.650967135536,16218.100973589331,14692.081653334051,2908.450006453795,0.08583333333333343,0.0005563333332829942,4.5293132511034175e-06,0.0005563333332829942,6675.99999939593,54.35175901324101,0.8141365940407275,12000000.0,False,77778.64076966123,633.2243768532926,epithermal_intermediate
full_geometry,neutron,y_max,neutron_energy_resolved_current_y_max,16218.100973589331,19762.1109553519,17902.62301801535,3544.0099817625705,0.08583333333333343,0.0008339,6.141164539011055e-06,0.0008339,10006.800000000001,73.69397446813265,0.7364389661843211,12000000.0,False,116584.07766990279,858.5705763277581,epithermal_intermediate
full_geometry,neutron,y_max,neutron_energy_resolved_current_y_max,19762.1109553519,24080.564675705467,21814.737930784755,4318.453720353566,0.08583333333333343,0.0017530333333000006,7.555620338630328e-06,0.0017530333333000006,21036.39999960001,90.66744406356393,0.4310026623627992,12000000.0,False,245084.27183999983,1056.3197366628797,epithermal_intermediate
full_geometry,neutron,y_max,neutron_energy_resolved_current_y_max,24080.564675705467,29342.695039559763,26581.735565226376,5262.130363854296,0.08583333333333343,0.002259666666666667,8.77119453586691e-06,0.002259666666666667,27116.000000000007,105.25433443040292,0.38816320412451283,12000000.0,False,315914.56310679583,1226.2640904512948,epithermal_intermediate
full_geometry,neutron,y_max,neutron_energy_resolved_current_y_max,29342.695039559763,35754.71604506223,32390.42650439039,6412.021005502469,0.08583333333333343,0.00021246666666666677,3.0341325958894706e-06,0.00021246666666666677,2549.6000000000013,36.40959115067365,1.4280511119655488,12000000.0,False,29704.077669902894,424.1894114641585,epithermal_intermediate
full_geometry,neutron,y_max,neutron_energy_resolved_current_y_max,35754.71604506223,43567.90396176953,39468.44353191055,7813.187916707298,0.08583333333333343,0.0005199666666666669,5.014916063998392e-06,0.0005199666666666669,6239.600000000003,60.17899276798071,0.9644687603048381,12000000.0,False,72694.3689320388,701.11447885026,epithermal_intermediate
full_geometry,neutron,y_max,neutron_energy_resolved_current_y_max,43567.90396176953,53088.44442309901,48093.162176190046,9520.540461329481,0.08583333333333343,0.0008118666666666669,5.5401188733796155e-06,0.0008118666666666669,9742.400000000003,66.48142648055538,0.6823927007775842,12000000.0,False,113503.68932038826,774.5408910355959,epithermal_intermediate
full_geometry,neutron,y_max,neutron_energy_resolved_current_y_max,53088.44442309901,64689.43132397588,58602.5705887103,11600.986900876866,0.08583333333333254,0.0010188999999999995,6.293222451927095e-06,0.0010188999999999995,12226.799999999994,75.51866942312513,0.6176486850453525,12000000.0,False,142448.15533980707,879.8291583276796,epithermal_intermediate
full_geometry,neutron,y_max,neutron_energy_resolved_current_y_max,64689.43132397588,78825.48774020227,71408.51472862824,14136.05641622639,0.08583333333333343,0.0017869666665068992,8.259678748459003e-06,0.0017869666665068992,21443.59999808279,99.11614498150804,0.46221784117578074,12000000.0,False,249828.3494922264,1154.7512036680537,epithermal_intermediate
full_geometry,neutron,y_max,neutron_energy_resolved_current_y_max,78825.48774020227,96050.58183867324,87012.83791006723,17225.094098470974,0.08583333333333343,0.0019705666657391613,8.986304149632748e-06,0.0019705666657391613,23646.799988869934,107.83564979559297,0.4560263961565582,12000000.0,False,275496.69889945525,1256.3376675214702,epithermal_intermediate
full_geometry,neutron,y_max,neutron_energy_resolved_current_y_max,96050.58183867324,117039.73595386233,106027.04719369092,20989.154115189085,0.08583333333333432,0.0017619333322314585,7.963460804449528e-06,0.0017619333322314585,21143.1999867775,95.56152965339433,0.45197287881284026,12000000.0,False,246328.54353526904,1113.338209554096,fast
full_geometry,neutron,y_max,neutron_energy_resolved_current_y_max,117039.73595386233,142615.47957260144,129196.27731521803,25575.743618739114,0.08583333333333343,0.0040688999999999986,1.2500852590770098e-05,0.0040688999999999986,48826.79999999998,150.0102310892412,0.3072292902447862,12000000.0,False,568855.9223300962,1747.6920126901866,fast
full_geometry,neutron,y_max,neutron_energy_resolved_current_y_max,142615.47957260144,173780.08287493835,157428.49125674728,31164.60330233691,0.08583333333333343,0.002514433333324999,1.0094096681274725e-05,0.002514433333324999,30173.19999989999,121.12916017529669,0.4014461846131606,12000000.0,False,351532.42718330043,1411.2135166053968,fast
full_geometry,neutron,y_max,neutron_energy_resolved_current_y_max,173780.08287493835,211754.8340090713,191830.06178194602,37974.75113413294,0.08583333333333165,0.003277933333333334,1.0357230611427924e-05,0.003277933333333334,39335.200000000004,124.28676733713509,0.3159683116830093,12000000.0,False,458274.1747572906,1448.0011728598547,fast
full_geometry,neutron,y_max,neutron_energy_resolved_current_y_max,211754.8340090713,258027.8993104113,233749.12831534902,46273.065301340015,0.08583333333333343,0.003738933333233331,1.143419867620197e-05,0.003738933333233331,44867.19999879997,137.21038411442365,0.30581445714930616,12000000.0,False,522724.6601801933,1598.5675819156136,fast
full_geometry,neutron,y_max,neutron_energy_resolved_current_y_max,258027.8993104113,314412.64202587993,284828.428248611,56384.74271546863,0.08583333333333343,0.007470666666146126,1.5618881560128348e-05,0.007470666666146126,89647.99999375352,187.42657872154018,0.20906944799058502,12000000.0,False,1044442.7183738262,2183.610625882019,fast
full_geometry,neutron,y_max,neutron_energy_resolved_current_y_max,314412.64202587993,383118.6849557293,347069.67304334097,68706.04292984935,0.08583333333333343,0.006197133333333329,1.4624216971743926e-05,0.006197133333333329,74365.59999999995,175.49060366092712,0.2359835779727821,12000000.0,False,866395.3398058236,2044.5507222632264,fast
full_geometry,neutron,y_max,neutron_energy_resolved_current_y_max,383118.6849557293,466838.5018377398,422911.9919212243,83719.81688201049,0.08583333333333343,0.0028875999999999997,9.77133888191072e-06,0.0028875999999999997,34651.2,117.25606658292864,0.3383896274383821,12000000.0,False,403703.30097087333,1366.0900961117884,fast
full_geometry,neutron,y_max,neutron_energy_resolved_current_y_max,466838.5018377398,568852.9308438424,515327.5172171061,102014.42900610267,0.08583333333333343,0.004796533333333338,1.3712526585515114e-05,0.004796533333333338,57558.40000000005,164.55031902618137,0.28588410905477085,12000000.0,False,670583.3009708737,1917.0910954506546,fast
full_geometry,neutron,y_max,neutron_energy_resolved_current_y_max,568852.9308438424,693159.7450848253,627937.8572235262,124306.81424098287,0.08583333333333343,0.008104333333279784,1.66011532889997e-05,0.008104333333279784,97251.9999993574,199.21383946799642,0.20484292299316492,12000000.0,False,1133033.0097012501,2320.9379355494702,fast
full_geometry,neutron,y_max,neutron_energy_resolved_current_y_max,693159.7450848253,844630.3185839704,765156.0209006916,151470.5734991451,0.08583333333333343,0.004020999999658338,1.1158980880152731e-05,0.004020999999658338,48251.999995900056,133.90777056183276,0.27751755486448404,12000000.0,False,562159.2232532039,1560.0905308174674,fast
full_geometry,neutron,y_max,neutron_energy_resolved_current_y_max,844630.3185839704,1029200.5271944307,932359.3562414775,184570.20861046028,0.08583333333333343,0.004293499999851665,1.3034481735064509e-05,0.004293499999851665,51521.99999821998,156.41378082077412,0.30358639188342457,12000000.0,False,600256.310658873,1822.2964755818325,fast
full_geometry,neutron,y_max,neutron_energy_resolved_current_y_max,1029200.5271944307,1254103.365544753,1136100.2794537854,224902.8383503222,0.08583333333333343,0.003384900000000001,1.1357520750232801e-05,0.003384900000000001,40618.80000000001,136.29024900279362,0.3355348976404856,12000000.0,False,473228.73786407727,1587.8475611975937,fast
full_geometry,neutron,y_max,neutron_energy_resolved_current_y_max,1254103.365544753,1528152.3958776172,1384363.0530808733,274049.03033286426,0.08583333333333343,0.0023183333332916665,9.423852342898609e-06,0.0023183333332916665,27819.9999995,113.0862281147833,0.4064925525406749,12000000.0,False,324116.5048485433,1317.509453764464,fast
full_geometry,neutron,y_max,neutron_energy_resolved_current_y_max,1528152.3958776172,1862087.1366628732,1686876.6757603418,333934.740785256,0.08583333333333343,0.0018592999997518922,7.890663799513634e-06,0.0018592999997518922,22311.599997022706,94.68796559416361,0.4243889528621835,12000000.0,False,259940.9708390992,1103.1607642038466,fast
full_geometry,neutron,y_max,neutron_energy_resolved_current_y_max,1862087.1366628732,2268993.9261810533,2055496.1452427802,406906.78951818007,0.08583333333333343,0.0014489333333333346,7.260450636227141e-06,0.0014489333333333346,17387.200000000015,87.12540763472569,0.5010893509865051,12000000.0,False,202569.32038834947,1015.0532928317544,fast
full_geometry,neutron,y_max,neutron_energy_resolved_current_y_max,2268993.9261810533,2764818.754010117,2504667.035723596,495824.82782906387,0.08583333333333343,0.0010945666666666663,5.921488998417985e-06,0.0010945666666666663,13134.799999999996,71.05786798101582,0.5409893411473021,12000000.0,False,153026.79611650464,827.8586560895037,fast
full_geometry,neutron,y_max,neutron_energy_resolved_current_y_max,2764818.754010117,3368992.1574149197,3051991.5954887187,604173.4034048025,0.08583333333333343,0.0007854666666666669,5.157750785215725e-06,0.0007854666666666669,9425.600000000004,61.893009422588705,0.6566479526246465,12000000.0,False,109812.81553398051,721.0836049233627,fast
full_geometry,neutron,y_max,neutron_energy_resolved_current_y_max,3368992.1574149197,4105190.6712730955,3718918.549284449,736198.5138581758,0.08583333333333343,0.0006544000000000004,4.640945200310448e-06,0.0006544000000000004,7852.800000000005,55.69134240372538,0.7091908924679775,12000000.0,False,91488.9320388349,648.8311736356347,fast
full_geometry,neutron,y_max,neutron_energy_resolved_current_y_max,4105190.6712730955,5002264.671473413,4531583.637600836,897074.0002003172,0.08583333333333343,0.0006541000000000001,4.7624237573522454e-06,0.0006541000000000001,7849.200000000002,57.14908508822695,0.7280880228332434,12000000.0,False,91446.99029126206,665.8145835521578,fast
full_geometry,neutron,y_max,neutron_energy_resolved_current_y_max,5002264.671473413,6095368.972401719,5521833.832182957,1093104.3009283058,0.08583333333333343,0.0005711333333333334,4.373599048403477e-06,0.0005711333333333334,6853.600000000001,52.48318858084173,0.7657754841374127,12000000.0,False,79847.76699029119,611.4546242428156,fast
full_geometry,neutron,y_max,neutron_energy_resolved_current_y_max,6095368.972401719,7427340.484719703,6728475.365045459,1331971.5123179844,0.08583333333333343,0.0005364000000000002,4.7021805231448065e-06,0.0005364000000000002,6436.800000000003,56.42616627773768,0.8766182929054445,12000000.0,False,74991.84466019413,657.3922284784965,fast
full_geometry,neutron,y_max,neutron_energy_resolved_current_y_max,7427340.484719703,9050376.921517165,8198794.479138827,1623036.4367974624,0.08583333333333343,0.0004671000000000003,4.093087682685168e-06,0.0004671000000000003,5605.2000000000035,49.11705219222202,0.8762765323667664,12000000.0,False,65303.30097087375,572.2375012686055,fast
full_geometry,neutron,y_max,neutron_energy_resolved_current_y_max,9050376.921517165,11028082.338495575,9990410.496316526,1977705.4169784095,0.08583333333333343,0.00021923333333333326,2.589584804783752e-06,0.00021923333333333326,2630.7999999999993,31.075017657405024,1.1812003062720478,12000000.0,False,30650.0970873786,362.039040668796,fast
full_geometry,neutron,y_max,neutron_energy_resolved_current_y_max,11028082.338495575,13437959.669446556,12173533.821205715,2409877.330950981,0.08583333333333165,0.0,0.0,0.0,0.0,0.0,,12000000.0,False,0.0,0.0,fast
full_geometry,neutron,y_max,neutron_energy_resolved_current_y_max,13437959.669446556,16374447.935279656,14833717.36833827,2936488.2658331003,0.08583333333333343,0.0,0.0,0.0,0.0,0.0,,12000000.0,False,0.0,0.0,fast
full_geometry,neutron,y_max,neutron_energy_resolved_current_y_max,16374447.935279656,19952623.149688788,18075209.2363224,3578175.2144091316,0.08583333333333254,0.0,0.0,0.0,0.0,0.0,,12000000.0,False,0.0,0.0,fast
full_geometry,neutron,z_min,neutron_energy_resolved_current_z_min,0.001,0.0012185218841302,0.0011038667873118568,0.0002185218841302,0.08583333333333343,0.0,0.0,0.0,0.0,0.0,,12000000.0,False,0.0,0.0,thermal
full_geometry,neutron,z_min,neutron_energy_resolved_current_z_min,0.0012185218841302,0.0014847955821042124,0.0013450858375039943,0.0002662736979740124,0.08583333333333343,0.0,0.0,0.0,0.0,0.0,,12000000.0,False,0.0,0.0,thermal
full_geometry,neutron,z_min,neutron_energy_resolved_current_z_min,0.0014847955821042124,0.001809255910253822,0.0016390165290322153,0.00032446032814960964,0.08583333333333343,0.0,0.0,0.0,0.0,0.0,,12000000.0,False,0.0,0.0,thermal
full_geometry,neutron,z_min,neutron_energy_resolved_current_z_min,0.001809255910253822,0.0022046179206361848,0.0019971775090768746,0.00039536201038236274,0.08583333333333298,0.0,0.0,0.0,0.0,0.0,,12000000.0,False,0.0,0.0,thermal
full_geometry,neutron,z_min,neutron_energy_resolved_current_z_min,0.0022046179206361848,0.0026863751824408076,0.002433604501302811,0.0004817572618046229,0.08583333333333343,0.0,0.0,0.0,0.0,0.0,,12000000.0,False,0.0,0.0,thermal
full_geometry,neutron,z_min,neutron_energy_resolved_current_z_min,0.0026863751824408076,0.003273406948788383,0.0029654003421552377,0.0005870317663475753,0.08583333333333343,0.0,0.0,0.0,0.0,0.0,,12000000.0,False,0.0,0.0,thermal
full_geometry,neutron,z_min,neutron_energy_resolved_current_z_min,0.003273406948788383,0.0039887180027625094,0.00361340521212334,0.0007153110539741265,0.08583333333333343,0.0,0.0,0.0,0.0,0.0,,12000000.0,False,0.0,0.0,thermal
full_geometry,neutron,z_min,neutron_energy_resolved_current_z_min,0.0039887180027625094,0.004860340175990216,0.004403013327202414,0.0008716221732277063,0.08583333333333298,0.0,0.0,0.0,0.0,0.0,,12000000.0,False,0.0,0.0,thermal
full_geometry,neutron,z_min,neutron_energy_resolved_current_z_min,0.004860340175990216,0.005922430868761305,0.005365168095313064,0.0010620906927710895,0.08583333333333343,-3.3333333333333334e-08,3.333333333333334e-08,3.3333333333333334e-08,0.4,0.4000000000000001,100.00000000000001,12000000.0,False,4.660194174757277,4.660194174757278,thermal
full_geometry,neutron,z_min,neutron_energy_resolved_current_z_min,0.005922430868761305,0.007216611620833884,0.006537574736176111,0.0012941807520725785,0.08583333333333343,0.0,0.0,0.0,0.0,0.0,,12000000.0,False,0.0,0.0,thermal
full_geometry,neutron,z_min,neutron_energy_resolved_current_z_min,0.007216611620833884,0.0087935991892544,0.00796617788516731,0.0015769875684205157,0.08583333333333343,-6.666666666666667e-08,4.70615558697011e-08,6.666666666666667e-08,0.8,0.5647386704364132,70.59233380455164,12000000.0,False,9.320388349514554,6.579479655569855,thermal
full_geometry,neutron,z_min,neutron_energy_resolved_current_z_min,0.0087935991892544,0.01071519305237607,0.009706962085950403,0.0019215938631216706,0.08583333333333343,0.0,0.0,0.0,0.0,0.0,,12000000.0,False,0.0,0.0,thermal
full_geometry,neutron,z_min,neutron_energy_resolved_current_z_min,0.01071519305237607,0.01305669722700011,0.011828145730152697,0.0023415041746240404,0.0858333333333332,3.3333333333333334e-08,3.333333333333334e-08,0.0,0.0,0.4000000000000001,inf,12000000.0,False,0.0,4.660194174757289,thermal
full_geometry,neutron,z_min,neutron_energy_resolved_current_z_min,0.01305669722700011,0.01590987130556173,0.01441285442087224,0.0028531740785616207,0.08583333333333343,-6.666666666666667e-08,4.70615558697011e-08,6.666666666666667e-08,0.8,0.5647386704364132,70.59233380455164,12000000.0,False,9.320388349514554,6.579479655569855,thermal
full_geometry,neutron,z_min,neutron_energy_resolved_current_z_min,0.01590987130556173,0.019386526359522076,0.01756237852461552,0.0034766550539603452,0.0858333333333332,-6.666666666666668e-08,6.666666666666668e-08,6.666666666666668e-08,0.8000000000000002,0.8000000000000002,100.0,12000000.0,False,9.320388349514579,9.320388349514579,thermal
full_geometry,neutron,z_min,neutron_energy_resolved_current_z_min,0.019386526359522076,0.023622906626344628,0.02140014256962226,0.0042363802668225516,0.08583333333333343,0.0,0.0,0.0,0.0,0.0,,12000000.0,False,0.0,0.0,thermal
full_geometry,neutron,z_min,neutron_energy_resolved_current_z_min,0.023622906626344628,0.02878502869096524,0.026076542044591016,0.005162122064620613,0.08583333333333343,-2.0000000000000002e-07,8.096409047527365e-08,2.0000000000000002e-07,2.4000000000000004,0.9715690857032837,40.48204523763681,12000000.0,False,27.961165048543663,11.31925148392174,thermal
full_geometry,neutron,z_min,neutron_energy_resolved_current_z_min,0.02878502869096524,0.035075187395256814,0.031774837143775415,0.0062901587042915735,0.0858333333333332,-2.6666666666666667e-07,1.1463026048281272e-07,2.6666666666666667e-07,3.2,1.3755631257937526,42.98634768105477,12000000.0,False,37.28155339805831,16.025978164587432,thermal
full_geometry,neutron,z_min,neutron_energy_resolved_current_z_min,0.035075187395256814,0.04273988343108817,0.038718334424363475,0.007664696035831357,0.08583333333333343,-5.333333333333333e-07,1.461000507306062e-07,5.333333333333333e-07,6.4,1.7532006087672742,27.393759511988655,12000000.0,False,74.56310679611643,20.425638160395405,thermal
full_geometry,neutron,z_min,neutron_energy_resolved_current_z_min,0.04273988343108817,0.05207948328595465,0.04717913781315854,0.00933959985486648,0.0858333333333332,-8.666666666666668e-07,1.9396314590542213e-07,8.666666666666668e-07,10.400000000000002,2.3275577508650653,22.38036298908716,12000000.0,False,121.16504854368952,27.117177679981385,thermal
full_geometry,neutron,z_min,neutron_energy_resolved_current_z_min,0.05207948328595465,0.06345999009812872,0.0574888118997283,0.01138050681217407,0.08583333333333343,-1.3000000000000009e-06,2.359307571832493e-07,1.3000000000000009e-06,15.60000000000001,2.8311690861989915,18.148519783326858,12000000.0,False,181.7475728155339,32.98449420814355,thermal
full_geometry,neutron,z_min,neutron_energy_resolved_current_z_min,0.06345999009812872,0.07732738670125563,0.07005137539246359,0.013867396603126914,0.08583333333333343,-2.0000000000000025e-06,2.986405467157764e-07,2.0000000000000025e-06,24.00000000000003,3.583686560589317,14.932027335788801,12000000.0,False,279.61165048543694,41.75168808453569,thermal
full_geometry,neutron,z_min,neutron_energy_resolved_current_z_min,0.07732738670125563,0.09422511293807855,0.08535913392913663,0.01689772623682291,0.0858333333333332,-2.4000000000000037e-06,3.0732419451633953e-07,2.4000000000000037e-06,28.800000000000043,3.6878903341960743,12.805174771514128,12000000.0,False,335.53398058252526,42.96571263141064,thermal
full_geometry,neutron,z_min,neutron_energy_resolved_current_z_min,0.09422511293807855,0.1148153621496884,0.10401197270305365,0.02059024921160986,0.08583333333333365,-2.5333333333333363e-06,3.351344871675212e-07,2.5333333333333363e-06,30.400000000000038,4.021613846010254,13.2289929145074,12000000.0,False,354.1747572815525,46.85375354575036,thermal
full_geometry,neutron,z_min,neutron_energy_resolved_current_z_min,0.1148153621496884,0.13990503141372942,0.12674086495022382,0.02508966926404102,0.08583333333333298,-3.1333333333333386e-06,3.4786603263749426e-07,3.1333333333333386e-06,37.600000000000065,4.174392391649931,11.102107424600861,12000000.0,False,438.058252427187,48.633697766795514,thermal
full_geometry,neutron,z_min,neutron_energy_resolved_current_z_min,0.13990503141372942,0.1704773424775524,0.15443651755543789,0.030572311063822966,0.08583333333333343,-4.766666666666674e-06,4.6124820552250755e-07,4.766666666666674e-06,57.20000000000009,5.534978466270091,9.67653578019245,12000000.0,False,666.4077669902915,64.48518601479711,thermal
full_geometry,neutron,z_min,neutron_energy_resolved_current_z_min,0.1704773424775524,0.20773037255725652,0.18818427635015889,0.037253030079704125,0.08583333333333343,-4.833333333333343e-06,4.7091157438328656e-07,4.833333333333343e-06,58.000000000000114,5.650938892599439,9.742998090688669,12000000.0,False,675.7281553398064,65.83618127300309,thermal
full_geometry,neutron,z_min,neutron_energy_resolved_current_z_min,0.20773037255725652,0.2531240049595366,0.22930665898187383,0.04539363240228006,0.08583333333333343,-6.0666666666666775e-06,5.081132900942661e-07,6.0666666666666775e-06,72.80000000000013,6.097359481131193,8.375493792762613,12000000.0,False,848.1553398058257,71.03719783842158,thermal
full_geometry,neutron,z_min,neutron_energy_resolved_current_z_min,0.2531240049595366,0.3084371394418766,0.27941518214619415,0.05531313448234004,0.08583333333333343,-1.0533333333333355e-05,6.345203919761106e-07,1.0533333333333355e-05,126.40000000000026,7.614244703713327,6.023927771925089,12000000.0,False,1472.6213592233023,88.70964703355322,thermal
full_geometry,neutron,z_min,neutron_energy_resolved_current_z_min,0.3084371394418766,0.3758374042884443,0.3404735142033633,0.06740026484656769,0.08583333333333298,-1.3066666666666695e-05,6.954115154144959e-07,1.3066666666666695e-05,156.80000000000035,8.34493818497395,5.322026903682354,12000000.0,False,1826.796116504866,97.2225807958134,thermal
full_geometry,neutron,z_min,neutron_energy_resolved_current_z_min,0.3758374042884443,0.45796610200015886,0.41487442802351243,0.08212869771171455,0.08583333333333343,-1.3133333333333359e-05,6.879652407110435e-07,1.3133333333333359e-05,157.6000000000003,8.255582888532523,5.238314015566312,12000000.0,False,1836.1165048543705,96.18154821591278,thermal
full_geometry,neutron,z_min,neutron_energy_resolved_current_z_min,0.45796610200015886,0.5580417174769969,0.5055335697126495,0.10007561547683808,0.08583333333333343,-1.7066666666666664e-05,7.902602951411337e-07,1.7066666666666664e-05,204.79999999999995,9.483123541693605,4.6304314168425815,12000000.0,False,2386.019417475725,110.48299271876031,epithermal_intermediate
full_geometry,neutron,z_min,neutron_energy_resolved_current_z_min,0.5580417174769969,0.679986045003323,0.6160037178573234,0.12194432752632611,0.08583333333333343,-2.286666666666663e-05,9.707808501084067e-07,2.286666666666663e-05,274.3999999999995,11.649370201300881,4.245397303681086,12000000.0,False,3196.893203883486,135.7208178792334,epithermal_intermediate
full_geometry,neutron,z_min,neutron_energy_resolved_current_z_min,0.679986045003323,0.8285778767396922,0.7506140109147139,0.14859183173636914,0.08583333333333344,-2.5266666666666633e-05,9.160933648597721e-07,2.5266666666666633e-05,303.1999999999996,10.993120378317265,3.6256993332181002,12000000.0,False,3532.42718446601,128.07518887359905,epithermal_intermediate
full_geometry,neutron,z_min,neutron_energy_resolved_current_z_min,0.8285778767396922,1.0096402755134493,0.9146395988343231,0.18106239877375707,0.08583333333333297,-2.7533333333333282e-05,1.0235502658812556e-06,2.7533333333333282e-05,330.3999999999994,12.282603190575067,3.717494912401661,12000000.0,False,3849.320388349524,143.09828959893343,epithermal_intermediate
full_geometry,neutron,z_min,neutron_energy_resolved_current_z_min,1.0096402755134493,1.2302687708123823,1.1145083672716891,0.22062849529893303,0.08583333333333339,-3.4266666666666634e-05,1.1447065251032265e-06,3.4266666666666634e-05,411.1999999999996,13.736478301238717,3.3405832444646717,12000000.0,False,4790.679611650477,160.03664040278107,epithermal_intermediate
full_geometry,neutron,z_min,neutron_energy_resolved_current_z_min,1.2302687708123823,1.4991094205968494,1.3580528355667716,0.2688406497844671,0.08583333333333347,-3.726666666666662e-05,1.1535349512201048e-06,3.726666666666662e-05,447.1999999999994,13.842419414641258,3.0953531785870476,12000000.0,False,5210.0970873786255,161.27090580164545,epithermal_intermediate
full_geometry,neutron,z_min,neutron_energy_resolved_current_z_min,1.4991094205968494,1.8266976357030054,1.6548170999431833,0.327588215106156,0.08583333333333343,-4.4399999999999934e-05,1.4165450141222372e-06,4.4399999999999934e-05,532.7999999999992,16.998540169466846,3.1904166984735123,12000000.0,False,6207.378640776682,198.0412446928174,epithermal_intermediate
full_geometry,neutron,z_min,neutron_energy_resolved_current_z_min,1.8266976357030054,2.2258710447930077,2.016430850513641,0.3991734090900023,0.08583333333333343,-4.82666666666666e-05,1.3664994323544532e-06,4.82666666666666e-05,579.1999999999992,16.397993188253437,2.831145232778567,12000000.0,False,6747.961165048528,191.04458083402042,epithermal_intermediate
full_geometry,neutron,z_min,neutron_energy_resolved_current_z_min,2.2258710447930077,2.7122725793320295,2.457065119186142,0.4864015345390218,0.08583333333333298,-5.15666666666666e-05,1.4117032205481379e-06,5.15666666666666e-05,618.7999999999992,16.940438646577654,2.7376274477339493,12000000.0,False,7209.320388349534,197.36433374653657,epithermal_intermediate
full_geometry,neutron,z_min,neutron_energy_resolved_current_z_min,2.7122725793320295,3.304963493642342,2.993987618461291,0.5926909143103125,0.08583333333333343,-5.719999999999995e-05,1.4502066127352212e-06,5.719999999999995e-05,686.3999999999994,17.402479352822652,2.5353262460405985,12000000.0,False,7996.893203883479,202.74733226589476,epithermal_intermediate
full_geometry,neutron,z_min,neutron_energy_resolved_current_z_min,3.304963493642342,4.027170343254594,3.648239433909942,0.7222068496122525,0.08583333333333343,-5.99666666666667e-05,1.4595996254171817e-06,5.99666666666667e-05,719.6000000000004,17.51519550500618,2.4340182747368218,12000000.0,False,8383.689320388345,204.06053015541158,epithermal_intermediate
full_geometry,neutron,z_min,neutron_energy_resolved_current_z_min,4.027170343254594,4.907195194375853,4.445459588766036,0.8800248511212585,0.08583333333333343,-6.319999999999999e-05,1.4794316302952085e-06,6.319999999999999e-05,758.3999999999999,17.753179563542503,2.3408728327455837,12000000.0,False,8835.728155339795,206.83315996360176,epithermal_intermediate
full_geometry,neutron,z_min,neutron_energy_resolved_current_z_min,4.907195194375853,5.979524734045527,5.416889793927855,1.0723295396696741,0.08583333333333343,-7.056666666666666e-05,1.639818309356169e-06,7.056666666666666e-05,846.7999999999998,19.67781971227403,2.323785983971898,12000000.0,False,9865.631067961152,229.25615198765834,epithermal_intermediate
full_geometry,neutron,z_min,neutron_energy_resolved_current_z_min,5.979524734045527,7.286181745132289,6.60059875782262,1.3066570110867621,0.08583333333333343,-7.24e-05,1.587549102111953e-06,7.24e-05,868.8,19.050589225343437,2.1927473786076703,12000000.0,False,10121.941747572804,221.94861233409804,epithermal_intermediate
full_geometry,neutron,z_min,neutron_energy_resolved_current_z_min,7.286181745132289,8.878371908193657,8.042974034769474,1.5921901630613675,0.08583333333333298,-7.140000000000003e-05,1.6117323473270183e-06,7.140000000000003e-05,856.8000000000003,19.34078816792422,2.257328217544843,12000000.0,False,9982.13592233014,225.32957088843844,epithermal_intermediate
full_geometry,neutron,z_min,neutron_energy_resolved_current_z_min,8.878371908193657,10.818490465580783,9.800539874857575,1.9401185573871267,0.08583333333333387,-7.773333333333338e-05,1.7421864639623477e-06,7.773333333333338e-05,932.8000000000006,20.906237567548175,2.2412347306548197,12000000.0,False,10867.57281553392,243.56781632094808,epithermal_intermediate
full_geometry,neutron,z_min,neutron_energy_resolved_current_z_min,10.818490465580783,13.1825673855641,11.942172313804612,2.364076919983317,0.08583333333333343,-8.246666666666672e-05,1.7954937606874041e-06,8.246666666666672e-05,989.6000000000006,21.54592512824885,2.177235764778581,12000000.0,False,11529.320388349508,251.02048693105428,epithermal_intermediate
full_geometry,neutron,z_min,neutron_energy_resolved_current_z_min,13.1825673855641,16.06324684833086,14.551798308424692,2.880679462766759,0.08583333333333254,-8.353333333333335e-05,1.800701791429478e-06,8.353333333333335e-05,1002.4000000000002,21.608421497153735,2.1556685452068765,12000000.0,False,11678.446601941858,251.74859996684197,epithermal_intermediate
full_geometry,neutron,z_min,neutron_energy_resolved_current_z_min,16.06324684833086,19.573417814876617,17.731684692264295,3.5101709665457577,0.08583333333333343,-8.653333333333334e-05,1.8372907525893514e-06,8.653333333333334e-05,1038.4,22.047489031072217,2.123217356613272,12000000.0,False,12097.86407766989,256.8639498765692,epithermal_intermediate
full_geometry,neutron,z_min,neutron_energy_resolved_current_z_min,19.573417814876617,23.850637954651077,21.606445840020513,4.27722013977446,0.08583333333333343,-8.773333333333336e-05,1.78953562565298e-06,8.773333333333336e-05,1052.8000000000002,21.47442750783576,2.0397442541637303,12000000.0,False,12265.631067961154,250.18750494565907,epithermal_intermediate
full_geometry,neutron,z_min,neutron_energy_resolved_current_z_min,23.850637954651077,29.06252429820869,26.327927094338918,5.211886343557612,0.08583333333333343,-9.19666666666667e-05,1.983037507330917e-06,9.19666666666667e-05,1103.6000000000004,23.796450087971003,2.1562568039118335,12000000.0,False,12857.47572815533,277.24019519966185,epithermal_intermediate
full_geometry,neutron,z_min,neutron_energy_resolved_current_z_min,29.06252429820869,35.41332186543297,32.0811553282364,6.35079756722428,0.08583333333333343,-9.406666666666663e-05,1.88533821522944e-06,9.406666666666663e-05,1128.7999999999995,22.624058582753282,2.004257493156741,12000000.0,False,13151.067961165028,263.5812650417855,epithermal_intermediate
full_geometry,neutron,z_min,neutron_energy_resolved_current_z_min,35.41332186543297,43.15190768277659,39.09158983563622,7.738585817343619,0.08583333333333343,-9.19333333333333e-05,1.8038688345341663e-06,9.19333333333333e-05,1103.1999999999996,21.646426014409997,1.962148841045142,12000000.0,False,12852.815533980563,252.19137104166958,epithermal_intermediate
full_geometry,neutron,z_min,neutron_energy_resolved_current_z_min,43.15190768277659,52.58154385342938,47.63395770016442,9.429636170652792,0.08583333333333343,-9.346666666666666e-05,1.8721531093789393e-06,9.346666666666666e-05,1121.6,22.465837312547272,2.003016878793445,12000000.0,False,13067.184466019402,261.73791043744365,epithermal_intermediate
full_geometry,neutron,z_min,neutron_energy_resolved_current_z_min,52.58154385342938,64.07176188675551,58.043019885382606,11.49021803332613,0.08583333333333343,-9.77e-05,2.016965390591774e-06,9.77e-05,1172.4,24.203584687101287,2.06444768740202,12000000.0,False,13659.029126213578,281.9835109176846,epithermal_intermediate
full_geometry,neutron,z_min,neutron_energy_resolved_current_z_min,64.07176188675551,78.07284401379086,70.72668995134308,14.001082127035346,0.08583333333333343,-9.81e-05,1.790651432567003e-06,9.81e-05,1177.2,21.487817190804037,1.8253327549102984,12000000.0,False,13714.951456310666,250.3435012520856,epithermal_intermediate
full_geometry,neutron,z_min,neutron_energy_resolved_current_z_min,78.07284401379086,95.13346898708764,86.18201949780304,17.060624973296783,0.08583333333333343,-9.890000000000006e-05,1.958137695106964e-06,9.890000000000006e-05,1186.8000000000006,23.49765234128357,1.9799167796834813,12000000.0,False,13826.796116504847,273.7590564033034,epithermal_intermediate
full_geometry,neutron,z_min,neutron_energy_resolved_current_z_min,95.13346898708764,115.92221387398774,105.01467677660848,20.788744886900105,0.08583333333333254,-9.789999999999997e-05,1.9004693429579011e-06,9.789999999999997e-05,1174.7999999999995,22.805632115494813,1.9412352839202267,12000000.0,False,13686.990291262257,265.6966848407187,epithermal_intermediate
full_geometry,neutron,z_min,neutron_energy_resolved_current_z_min,115.92221387398774,141.25375446227554,127.96268180715678,25.331540588287794,0.08583333333333343,-0.00010216666666666664,2.0074878411042334e-06,0.00010216666666666664,1225.9999999999998,24.0898540932508,1.9649146894984344,12000000.0,False,14283.49514563105,280.65849429030027,epithermal_intermediate
full_geometry,neutron,z_min,neutron_energy_resolved_current_z_min,141.25375446227554,172.12079102783665,155.92532813400996,30.867036565561108,0.08583333333333343,-0.00010199999990333335,1.7674121837186622e-06,0.00010199999990333335,1223.9999988400002,21.208946204623945,1.7327570445035885,12000000.0,False,14260.194161242705,247.0945188888224,epithermal_intermediate
full_geometry,neutron,z_min,neutron_energy_resolved_current_z_min,172.12079102783665,209.7329505812199,189.99842462147348,37.612159553383265,0.08583333333333343,-0.00010320000000000006,1.941531076456733e-06,0.00010320000000000006,1238.4000000000008,23.298372917480794,1.8813285624580731,12000000.0,False,14427.961165048537,271.4373543784167,epithermal_intermediate
full_geometry,neutron,z_min,neutron_energy_resolved_current_z_min,209.7329505812199,255.56419010641423,231.51723835152765,45.83123952519432,0.08583333333333343,-0.00010703333333333335,1.877697737195874e-06,0.00010703333333333335,1284.4000000000003,22.532372846350487,1.7543111839263843,12000000.0,False,14963.883495145617,262.51308170505393,epithermal_intermediate
full_geometry,neutron,z_min,neutron_energy_resolved_current_z_min,255.56419010641423,311.41055844467644,282.10882148472405,55.84636833826221,0.08583333333333343,-0.00010690000000000002,2.0310219514382542e-06,0.00010690000000000002,1282.8000000000002,24.372263417259052,1.8999269891845219,12000000.0,False,14945.242718446587,283.9487000069013,epithermal_intermediate
full_geometry,neutron,z_min,neutron_energy_resolved_current_z_min,311.41055844467644,379.4605804140449,343.7557726853162,68.05002196936846,0.08583333333333343,-0.00011610000000000011,2.2216553531907526e-06,0.00011610000000000011,1393.2000000000014,26.659864238289032,1.9135705023176146,12000000.0,False,16231.45631067961,310.60036005773594,epithermal_intermediate
full_geometry,neutron,z_min,neutron_energy_resolved_current_z_min,379.4605804140449,462.3810213992613,418.8739318131442,82.92044098521637,0.08583333333333343,-0.00011630000000000001,2.1436510182043093e-06,0.00011630000000000001,1395.6000000000001,25.723812218451712,1.8432080981980303,12000000.0,False,16259.41747572814,299.6948996324468,epithermal_intermediate
full_geometry,neutron,z_min,neutron_energy_resolved_current_z_min,462.3810213992613,563.4213933814742,510.40705260597747,101.04037198221295,0.08583333333333343,-0.00012456666666666667,2.193645598262554e-06,0.00012456666666666667,1494.8,26.323747179150647,1.7610213526325025,12000000.0,False,17415.145631067942,306.6844331551528,epithermal_intermediate
full_geometry,neutron,z_min,neutron_energy_resolved_current_z_min,563.4213933814742,686.5412978224565,621.9421634147777,123.11990444098228,0.08583333333333343,-0.00013103333333333345,2.2217624013308133e-06,0.00013103333333333345,1572.4000000000015,26.66114881596976,1.6955703902295685,12000000.0,False,18319.22330097087,310.61532601129784,epithermal_intermediate
full_geometry,neutron,z_min,neutron_energy_resolved_current_z_min,686.5412978224565,836.5655957558124,757.8501367841877,150.0242979333559,0.08583333333333343,-0.00014006666666666664,2.410490512599914e-06,0.00014006666666666664,1680.7999999999997,28.925886151198966,1.7209594330794247,12000000.0,False,19582.13592233007,337.000615353774,epithermal_intermediate
full_geometry,neutron,z_min,neutron_energy_resolved_current_z_min,836.5655957558124,1019.3734859388737,923.4569765625972,182.80789018306132,0.08583333333333254,-0.0001433,2.4848100403159318e-06,0.0001433,1719.6,29.81772048379118,1.7339916540934626,12000000.0,False,20034.174757281737,347.39091825776455,epithermal_intermediate
full_geometry,neutron,z_min,neutron_energy_resolved_current_z_min,1019.3734859388737,1242.1289007186062,1125.2525349942327,222.75541477973252,0.08583333333333343,-0.0001574999999999999,2.51777405184477e-06,0.0001574999999999999,1889.9999999999989,30.213288622137238,1.598586699583982,12000000.0,False,22019.417475728118,351.9994790928606,epithermal_intermediate
full_geometry,neutron,z_min,neutron_energy_resolved_current_z_min,1242.1289007186062,1513.5612484362102,1371.1448390634562,271.432347717604,0.08583333333333343,-0.0001902,2.7626026214689743e-06,0.0001902,2282.3999999999996,33.151231457627695,1.4524724613401552,12000000.0,False,26591.067961165016,386.2279393121669,epithermal_intermediate
full_geometry,neutron,z_min,neutron_energy_resolved_current_z_min,1513.5612484362102,1844.3075041909485,1670.7699927110023,330.7462557547383,0.08583333333333343,-0.00020740000000000003,2.82955417187838e-06,0.00020740000000000003,2488.8,33.95465006254056,1.3642980578005688,12000000.0,False,28995.728155339777,395.58815606843325,epithermal_intermediate
full_geometry,neutron,z_min,neutron_energy_resolved_current_z_min,1844.3075041909485,2247.3290549222215,2035.8697994664112,403.021550731273,0.08583333333333343,-0.00022000000000000012,2.9541271698359305e-06,0.00022000000000000012,2640.0000000000014,35.449526038031166,1.3427850771981495,12000000.0,False,30757.28155339804,413.0041868508481,epithermal_intermediate
full_geometry,neutron,z_min,neutron_energy_resolved_current_z_min,2247.3290549222215,2738.419634264367,2480.751903889584,491.09057934214525,0.08583333333333343,-0.0002503333333333333,3.066644854752589e-06,0.0002503333333333333,3003.9999999999995,36.799738257031066,1.2250245757999692,12000000.0,False,34998.05825242714,428.7348146450217,epithermal_intermediate
full_geometry,neutron,z_min,neutron_energy_resolved_current_z_min,2738.419634264367,3336.8242522829496,3022.850483987116,598.4046180185828,0.08583333333333343,-0.00026826666666666656,3.3038247938264645e-06,0.00026826666666666656,3219.1999999999985,39.645897525917576,1.231545027519806,12000000.0,False,37505.24271844654,461.8939517582625,epithermal_intermediate
full_geometry,neutron,z_min,neutron_energy_resolved_current_z_min,3336.8242522829496,4065.993374903165,3683.409467191868,729.1691226202156,0.08583333333333343,-0.0002542999999999999,3.058611761663244e-06,0.0002542999999999999,3051.5999999999985,36.70334113995893,1.20275727945861,12000000.0,False,35552.621359223245,427.61174143641426,epithermal_intermediate
full_geometry,neutron,z_min,neutron_energy_resolved_current_z_min,4065.993374903165,4954.501908047916,4488.315043985651,888.5085331447508,0.08583333333333343,-0.0002888,3.3594871403466005e-06,0.0002888,3465.6000000000004,40.313845684159205,1.1632573200646121,12000000.0,False,40375.92233009705,469.67587204845626,epithermal_intermediate
full_geometry,neutron,z_min,neutron_energy_resolved_current_z_min,4954.501908047916,6037.168999921217,5469.110103967317,1082.6670918733007,0.08583333333333343,-0.0002792666666666666,3.064593841660744e-06,0.0002792666666666666,3351.1999999999994,36.775126099928926,1.0973718697758692,12000000.0,False,39043.10679611645,428.4480710671326,epithermal_intermediate
full_geometry,neutron,z_min,neutron_energy_resolved_current_z_min,6037.168999921217,7356.422544596421,6664.230348401762,1319.2535446752045,0.08583333333333254,-0.0001352,2.267230567930975e-06,0.0001352,1622.4,27.206766815171697,1.6769456863394783,12000000.0,False,18901.74757281571,316.9720405651101,epithermal_intermediate
full_geometry,neutron,z_min,neutron_energy_resolved_current_z_min,7356.422544596421,8963.961859499512,8120.5105204121655,1607.5393149030906,0.08583333333333343,-7.420000000000008e-05,1.7965283007344955e-06,7.420000000000008e-05,890.400000000001,21.558339608813945,2.421197170801204,12000000.0,False,10373.59223300971,251.16512165608452,epithermal_intermediate
full_geometry,neutron,z_min,neutron_energy_resolved_current_z_min,8963.961859499512,10922.783694308595,9895.019779431743,1958.8218348090832,0.08583333333333343,-0.00024846666666666683,3.1408671495517454e-06,0.00024846666666666683,2981.600000000002,37.69040579462094,1.2641000065273986,12000000.0,False,34737.08737864076,439.11152382082605,epithermal_intermediate
full_geometry,neutron,z_min,neutron_energy_resolved_current_z_min,10922.783694308595,13309.650967135536,12057.298145138764,2386.867272826941,0.08583333333333343,-0.00039080000000000007,4.096124823906234e-06,0.00039080000000000007,4689.6,49.15349788687481,1.048138388921759,12000000.0,False,54636.11650485431,572.6621113033952,epithermal_intermediate
full_geometry,neutron,z_min,neutron_energy_resolved_current_z_min,13309.650967135536,16218.100973589331,14692.081653334051,2908.450006453795,0.08583333333333343,-0.0005644333333333338,4.63470941925871e-06,0.0005644333333333338,6773.200000000006,55.616513031104525,0.8211261003824555,12000000.0,False,78911.06796116503,647.9593751196636,epithermal_intermediate
full_geometry,neutron,z_min,neutron_energy_resolved_current_z_min,16218.100973589331,19762.1109553519,17902.62301801535,3544.0099817625705,0.08583333333333343,-0.0008361,6.160558003654336e-06,0.0008361,10033.2,73.92669604385203,0.7368207156625207,12000000.0,False,116891.65048543677,861.2818956565276,epithermal_intermediate
full_geometry,neutron,z_min,neutron_energy_resolved_current_z_min,19762.1109553519,24080.564675705467,21814.737930784755,4318.453720353566,0.08583333333333343,-0.0017704333332999992,8.158029244330353e-06,0.0017704333332999992,21245.19999959999,97.89635093196424,0.46079279523754757,12000000.0,False,247516.89319922292,1140.5400108578344,epithermal_intermediate
full_geometry,neutron,z_min,neutron_energy_resolved_current_z_min,24080.564675705467,29342.695039559763,26581.735565226376,5262.130363854296,0.08583333333333343,-0.002210499999999999,8.471622905254684e-06,0.002210499999999999,26525.999999999985,101.6594748630562,0.3832446462454055,12000000.0,False,309040.7766990286,1184.3822314142458,epithermal_intermediate
full_geometry,neutron,z_min,neutron_energy_resolved_current_z_min,29342.695039559763,35754.71604506223,32390.42650439039,6412.021005502469,0.08583333333333343,-0.00020896666666666652,2.842149050031326e-06,0.00020896666666666652,2507.599999999998,34.10578860037591,1.360096849592277,12000000.0,False,29214.757281553342,397.3489934024373,epithermal_intermediate
full_geometry,neutron,z_min,neutron_energy_resolved_current_z_min,35754.71604506223,43567.90396176953,39468.44353191055,7813.187916707298,0.08583333333333343,-0.0005189666666666669,4.4838116681498915e-06,0.0005189666666666669,6227.600000000003,53.8057400177987,0.8639883746194147,12000000.0,False,72554.56310679608,626.8629904986249,epithermal_intermediate
full_geometry,neutron,z_min,neutron_energy_resolved_current_z_min,43567.90396176953,53088.44442309901,48093.162176190046,9520.540461329481,0.08583333333333343,-0.0008059666666666662,5.264063466267321e-06,0.0008059666666666662,9671.599999999995,63.16876159520785,0.653136622639562,12000000.0,False,112678.83495145613,735.946737031547,epithermal_intermediate
full_geometry,neutron,z_min,neutron_energy_resolved_current_z_min,53088.44442309901,64689.43132397588,58602.5705887103,11600.986900876866,0.08583333333333254,-0.0010057333333333344,6.089941509428104e-06,0.0010057333333333344,12068.800000000014,73.07929811313724,0.6055224886744097,12000000.0,False,140607.37864077816,851.4092984054903,epithermal_intermediate
full_geometry,neutron,z_min,neutron_energy_resolved_current_z_min,64689.43132397588,78825.48774020227,71408.51472862824,14136.05641622639,0.08583333333333343,-0.0017591999998728446,7.9959633123764e-06,0.0017591999998728446,21110.399998474135,95.9515597485168,0.4545226985535669,12000000.0,False,245946.40774921296,1117.882249497282,epithermal_intermediate
full_geometry,neutron,z_min,neutron_energy_resolved_current_z_min,78825.48774020227,96050.58183867324,87012.83791006723,17225.094098470974,0.08583333333333343,-0.0019380000000000005,8.595324232523002e-06,0.0019380000000000005,23256.000000000007,103.14389079027602,0.44351518227672854,12000000.0,False,270943.68932038813,1201.6763975566125,epithermal_intermediate
full_geometry,neutron,z_min,neutron_energy_resolved_current_z_min,96050.58183867324,117039.73595386233,106027.04719369092,20989.154115189085,0.08583333333333432,-0.001729466666666666,8.327276282563991e-06,0.001729466666666666,20753.59999999999,99.92731539076789,0.4814938872810883,12000000.0,False,241789.51456310393,1164.201732707962,fast
full_geometry,neutron,z_min,neutron_energy_resolved_current_z_min,117039.73595386233,142615.47957260144,129196.27731521803,25575.743618739114,0.08583333333333343,-0.003989566666666671,1.2321430726450127e-05,0.003989566666666671,47874.80000000005,147.85716871740152,0.30884132929516445,12000000.0,False,557764.6601941747,1722.6077908823459,fast
full_geometry,neutron,z_min,neutron_energy_resolved_current_z_min,142615.47957260144,173780.08287493835,157428.49125674728,31164.60330233691,0.08583333333333343,-0.0024765333333249986,9.875137223775773e-06,0.0024765333333249986,29718.399999899983,118.50164668530928,0.3987484073358865,12000000.0,False,346233.7864066014,1380.601708955058,fast
full_geometry,neutron,z_min,neutron_energy_resolved_current_z_min,173780.08287493835,211754.8340090713,191830.06178194602,37974.75113413294,0.08583333333333165,-0.003174566666666666,1.0229715860419702e-05,0.003174566666666666,38094.799999999996,122.75659032503643,0.32223975536040733,12000000.0,False,443822.91262136784,1430.1738678645302,fast
full_geometry,neutron,z_min,neutron_energy_resolved_current_z_min,211754.8340090713,258027.8993104113,233749.12831534902,46273.065301340015,0.08583333333333343,-0.0036240666665999987,1.1459899874380997e-05,0.0036240666665999987,43488.79999919998,137.51879849257196,0.3162165856383753,12000000.0,False,506665.63105864,1602.160759136759,fast
full_geometry,neutron,z_min,neutron_energy_resolved_current_z_min,258027.8993104113,314412.64202587993,284828.428248611,56384.74271546863,0.08583333333333343,-0.00728399999958279,1.6565602173705304e-05,0.00728399999958279,87407.99999499349,198.78722608446364,0.22742452189256096,12000000.0,False,1018345.6310096317,2315.967682537438,fast
full_geometry,neutron,z_min,neutron_energy_resolved_current_z_min,314412.64202587993,383118.6849557293,347069.67304334097,68706.04292984935,0.08583333333333343,-0.005966900000000003,1.395246628721928e-05,0.005966900000000003,71602.80000000005,167.42959544663137,0.23383107287233354,12000000.0,False,834207.3786407763,1950.6360634558973,fast
full_geometry,neutron,z_min,neutron_energy_resolved_current_z_min,383118.6849557293,466838.5018377398,422911.9919212243,83719.81688201049,0.08583333333333343,-0.002748666666666668,9.725133608779686e-06,0.002748666666666668,32984.000000000015,116.70160330535623,0.3538127677217929,12000000.0,False,384279.6116504852,1359.630329771139,fast
full_geometry,neutron,z_min,neutron_energy_resolved_current_z_min,466838.5018377398,568852.9308438424,515327.5172171061,102014.42900610267,0.08583333333333343,-0.0045740333333333365,1.2884020707638953e-05,0.0045740333333333365,54888.40000000004,154.60824849166744,0.28167745551276285,12000000.0,False,639476.5048543686,1801.2611474757352,fast
full_geometry,neutron,z_min,neutron_energy_resolved_current_z_min,568852.9308438424,693159.7450848253,627937.8572235262,124306.81424098287,0.08583333333333343,-0.007699333333236672,1.6041566228941536e-05,0.007699333333236672,92391.99999884007,192.49879474729843,0.20835006791682736,12000000.0,False,1076411.650471922,2242.704404822892,fast
full_geometry,neutron,z_min,neutron_energy_resolved_current_z_min,693159.7450848253,844630.3185839704,765156.0209006916,151470.5734991451,0.08583333333333343,-0.003786033333333334,1.1580545167833438e-05,0.003786033333333334,45432.40000000001,138.96654201400125,0.305875414932958,12000000.0,False,529309.5145631063,1619.0276739495273,fast
full_geometry,neutron,z_min,neutron_energy_resolved_current_z_min,844630.3185839704,1029200.5271944307,932359.3562414775,184570.20861046028,0.08583333333333343,-0.004004100000000001,1.1657915335366124e-05,0.004004100000000001,48049.20000000001,139.8949840243935,0.2911494551925806,12000000.0,False,559796.5048543684,1629.844474070602,fast
full_geometry,neutron,z_min,neutron_energy_resolved_current_z_min,1029200.5271944307,1254103.365544753,1136100.2794537854,224902.8383503222,0.08583333333333343,-0.0031135000000000012,1.1000772750802777e-05,0.0031135000000000012,37362.000000000015,132.00927300963332,0.3533249638928143,12000000.0,False,435285.4368932036,1537.9721127335904,fast
full_geometry,neutron,z_min,neutron_energy_resolved_current_z_min,1254103.365544753,1528152.3958776172,1384363.0530808733,274049.03033286426,0.08583333333333343,-0.002090466666666664,8.47892966328297e-06,0.002090466666666664,25085.59999999997,101.74715595939564,0.4055998499513496,12000000.0,False,292259.4174757275,1185.4037587502391,fast
full_geometry,neutron,z_min,neutron_energy_resolved_current_z_min,1528152.3958776172,1862087.1366628732,1686876.6757603418,333934.740785256,0.08583333333333343,-0.0016984333331725428,8.051924347671769e-06,0.0016984333331725428,20381.199998070515,96.62309217206122,0.4740795055306288,12000000.0,False,237450.87376392807,1125.7059282181876,fast
full_geometry,neutron,z_min,neutron_energy_resolved_current_z_min,1862087.1366628732,2268993.9261810533,2055496.1452427802,406906.78951818007,0.08583333333333343,-0.0012996,6.313927907311337e-06,0.0012996,15595.199999999999,75.76713488773603,0.48583625017784987,12000000.0,False,181691.6504854367,882.7239016046907,fast
full_geometry,neutron,z_min,neutron_energy_resolved_current_z_min,2268993.9261810533,2764818.754010117,2504667.035723596,495824.82782906387,0.08583333333333343,-0.0009892,5.386518536104813e-06,0.0009892,11870.4,64.63822243325775,0.5445328079361922,12000000.0,False,138295.92233009692,753.0666691253322,fast
full_geometry,neutron,z_min,neutron_energy_resolved_current_z_min,2764818.754010117,3368992.1574149197,3051991.5954887187,604173.4034048025,0.08583333333333343,-0.0007080999999999999,5.144963226280505e-06,0.0007080999999999999,8497.199999999999,61.739558715366066,0.7265870959300249,12000000.0,False,98996.50485436882,719.2958296935844,fast
full_geometry,neutron,z_min,neutron_energy_resolved_current_z_min,3368992.1574149197,4105190.6712730955,3718918.549284449,736198.5138581758,0.08583333333333343,-0.0005784000000000001,4.415731480049895e-06,0.0005784000000000001,6940.800000000001,52.988777760598744,0.7634390525674092,12000000.0,False,80863.68932038828,617.3449836186254,fast
full_geometry,neutron,z_min,neutron_energy_resolved_current_z_min,4105190.6712730955,5002264.671473413,4531583.637600836,897074.0002003172,0.08583333333333343,-0.0005854333333333332,4.309440605831969e-06,0.0005854333333333332,7025.199999999998,51.713287269983624,0.7361112462276325,12000000.0,False,81846.99029126202,602.4849002328183,fast
full_geometry,neutron,z_min,neutron_energy_resolved_current_z_min,5002264.671473413,6095368.972401719,5521833.832182957,1093104.3009283058,0.08583333333333343,-0.0004920333333333335,3.938857768472169e-06,0.0004920333333333335,5904.400000000002,47.266293221666025,0.8005266110301811,12000000.0,False,68789.12621359219,550.6752608349434,fast
full_geometry,neutron,z_min,neutron_energy_resolved_current_z_min,6095368.972401719,7427340.484719703,6728475.365045459,1331971.5123179844,0.08583333333333343,-0.00046990000000000004,4.1231015698360194e-06,0.00046990000000000004,5638.8,49.477218838032236,0.8774423430168163,12000000.0,False,65694.75728155333,576.433617530472,fast
full_geometry,neutron,z_min,neutron_energy_resolved_current_z_min,7427340.484719703,9050376.921517165,8198794.479138827,1623036.4367974624,0.08583333333333343,-0.00041336666666666694,3.874709564642204e-06,0.00041336666666666694,4960.400000000003,46.49651477570645,0.9373541403053468,12000000.0,False,57791.06796116502,541.706968260657,fast
full_geometry,neutron,z_min,neutron_energy_resolved_current_z_min,9050376.921517165,11028082.338495575,9990410.496316526,1977705.4169784095,0.08583333333333343,-0.00019200000000000017,2.4811440522971324e-06,0.00019200000000000017,2304.000000000002,29.77372862756559,1.2922625272380888,12000000.0,False,26842.71844660193,346.8783917774628,fast
full_geometry,neutron,z_min,neutron_energy_resolved_current_z_min,11028082.338495575,13437959.669446556,12173533.821205715,2409877.330950981,0.08583333333333165,-3.3333333333333334e-08,3.333333333333334e-08,3.3333333333333334e-08,0.4,0.4000000000000001,100.00000000000001,12000000.0,False,4.660194174757373,4.660194174757374,fast
full_geometry,neutron,z_min,neutron_energy_resolved_current_z_min,13437959.669446556,16374447.935279656,14833717.36833827,2936488.2658331003,0.08583333333333343,0.0,0.0,0.0,0.0,0.0,,12000000.0,False,0.0,0.0,fast
full_geometry,neutron,z_min,neutron_energy_resolved_current_z_min,16374447.935279656,19952623.149688788,18075209.2363224,3578175.2144091316,0.08583333333333254,0.0,0.0,0.0,0.0,0.0,,12000000.0,False,0.0,0.0,fast
full_geometry,neutron,z_max,neutron_energy_resolved_current_z_max,0.001,0.0012185218841302,0.0011038667873118568,0.0002185218841302,0.08583333333333343,0.0,0.0,0.0,0.0,0.0,,12000000.0,False,0.0,0.0,thermal
full_geometry,neutron,z_max,neutron_energy_resolved_current_z_max,0.0012185218841302,0.0014847955821042124,0.0013450858375039943,0.0002662736979740124,0.08583333333333343,0.0,0.0,0.0,0.0,0.0,,12000000.0,False,0.0,0.0,thermal
full_geometry,neutron,z_max,neutron_energy_resolved_current_z_max,0.0014847955821042124,0.001809255910253822,0.0016390165290322153,0.00032446032814960964,0.08583333333333343,0.0,0.0,0.0,0.0,0.0,,12000000.0,False,0.0,0.0,thermal
full_geometry,neutron,z_max,neutron_energy_resolved_current_z_max,0.001809255910253822,0.0022046179206361848,0.0019971775090768746,0.00039536201038236274,0.08583333333333298,0.0,0.0,0.0,0.0,0.0,,12000000.0,False,0.0,0.0,thermal
full_geometry,neutron,z_max,neutron_energy_resolved_current_z_max,0.0022046179206361848,0.0026863751824408076,0.002433604501302811,0.0004817572618046229,0.08583333333333343,0.0,0.0,0.0,0.0,0.0,,12000000.0,False,0.0,0.0,thermal
full_geometry,neutron,z_max,neutron_energy_resolved_current_z_max,0.0026863751824408076,0.003273406948788383,0.0029654003421552377,0.0005870317663475753,0.08583333333333343,0.0,0.0,0.0,0.0,0.0,,12000000.0,False,0.0,0.0,thermal
full_geometry,neutron,z_max,neutron_energy_resolved_current_z_max,0.003273406948788383,0.0039887180027625094,0.00361340521212334,0.0007153110539741265,0.08583333333333343,0.0,0.0,0.0,0.0,0.0,,12000000.0,False,0.0,0.0,thermal
full_geometry,neutron,z_max,neutron_energy_resolved_current_z_max,0.0039887180027625094,0.004860340175990216,0.004403013327202414,0.0008716221732277063,0.08583333333333298,0.0,0.0,0.0,0.0,0.0,,12000000.0,False,0.0,0.0,thermal
full_geometry,neutron,z_max,neutron_energy_resolved_current_z_max,0.004860340175990216,0.005922430868761305,0.005365168095313064,0.0010620906927710895,0.08583333333333343,3.3333333333333334e-08,3.333333333333334e-08,3.3333333333333334e-08,0.4,0.4000000000000001,100.00000000000001,12000000.0,False,4.660194174757277,4.660194174757278,thermal
full_geometry,neutron,z_max,neutron_energy_resolved_current_z_max,0.005922430868761305,0.007216611620833884,0.006537574736176111,0.0012941807520725785,0.08583333333333343,0.0,0.0,0.0,0.0,0.0,,12000000.0,False,0.0,0.0,thermal
full_geometry,neutron,z_max,neutron_energy_resolved_current_z_max,0.007216611620833884,0.0087935991892544,0.00796617788516731,0.0015769875684205157,0.08583333333333343,0.0,0.0,0.0,0.0,0.0,,12000000.0,False,0.0,0.0,thermal
full_geometry,neutron,z_max,neutron_energy_resolved_current_z_max,0.0087935991892544,0.01071519305237607,0.009706962085950403,0.0019215938631216706,0.08583333333333343,3.3333333333333334e-08,3.333333333333334e-08,3.3333333333333334e-08,0.4,0.4000000000000001,100.00000000000001,12000000.0,False,4.660194174757277,4.660194174757278,thermal
full_geometry,neutron,z_max,neutron_energy_resolved_current_z_max,0.01071519305237607,0.01305669722700011,0.011828145730152697,0.0023415041746240404,0.0858333333333332,1.0000000000000001e-07,5.754160919975787e-08,1.0000000000000001e-07,1.2000000000000002,0.6904993103970944,57.541609199757865,12000000.0,False,13.980582524271867,8.04465215996616,thermal
full_geometry,neutron,z_max,neutron_energy_resolved_current_z_max,0.01305669722700011,0.01590987130556173,0.01441285442087224,0.0028531740785616207,0.08583333333333343,1.0000000000000001e-07,5.754160919975787e-08,1.0000000000000001e-07,1.2000000000000002,0.6904993103970944,57.541609199757865,12000000.0,False,13.980582524271831,8.04465215996614,thermal
full_geometry,neutron,z_max,neutron_energy_resolved_current_z_max,0.01590987130556173,0.019386526359522076,0.01756237852461552,0.0034766550539603452,0.0858333333333332,1.3333333333333334e-07,6.633137535414969e-08,1.3333333333333334e-07,1.6,0.7959765042497963,49.74853151561227,12000000.0,False,18.640776699029153,9.273512670871426,thermal
full_geometry,neutron,z_max,neutron_energy_resolved_current_z_max,0.019386526359522076,0.023622906626344628,0.02140014256962226,0.0042363802668225516,0.08583333333333343,2.0000000000000002e-07,9.372746849273028e-08,2.0000000000000002e-07,2.4000000000000004,1.1247296219127634,46.863734246365134,12000000.0,False,27.961165048543663,13.103646080537034,thermal
full_geometry,neutron,z_max,neutron_energy_resolved_current_z_max,0.023622906626344628,0.02878502869096524,0.026076542044591016,0.005162122064620613,0.08583333333333343,3.3333333333333335e-07,1.0381070730216608e-07,3.3333333333333335e-07,4.0,1.245728487625993,31.143212190649827,12000000.0,False,46.601941747572766,14.513341603409613,thermal
full_geometry,neutron,z_max,neutron_energy_resolved_current_z_max,0.02878502869096524,0.035075187395256814,0.031774837143775415,0.0062901587042915735,0.0858333333333332,4.333333333333334e-07,1.5815500724717554e-07,4.333333333333334e-07,5.200000000000001,1.8978600869661066,36.49730936473281,12000000.0,False,60.58252427184476,22.110991304459528,thermal
full_geometry,neutron,z_max,neutron_energy_resolved_current_z_max,0.035075187395256814,0.04273988343108817,0.038718334424363475,0.007664696035831357,0.08583333333333343,7.333333333333333e-07,1.77893867707595e-07,7.333333333333333e-07,8.8,2.13472641249114,24.258254687399315,12000000.0,False,102.52427184466009,24.870598980479272,thermal
full_geometry,neutron,z_max,neutron_energy_resolved_current_z_max,0.04273988343108817,0.05207948328595465,0.04717913781315854,0.00933959985486648,0.0858333333333332,1.1000000000000007e-06,2.041104909862738e-07,1.1000000000000007e-06,13.200000000000008,2.4493258918352856,18.555499180570333,12000000.0,False,153.7864077669906,28.535835633032494,thermal
full_geometry,neutron,z_max,neutron_energy_resolved_current_z_max,0.05207948328595465,0.06345999009812872,0.0574888118997283,0.01138050681217407,0.08583333333333343,1.633333333333335e-06,2.650101839962042e-07,1.633333333333335e-06,19.60000000000002,3.18012220795445,16.225113305890034,12000000.0,False,228.34951456310677,37.04996747131394,thermal
full_geometry,neutron,z_max,neutron_energy_resolved_current_z_max,0.06345999009812872,0.07732738670125563,0.07005137539246359,0.013867396603126914,0.08583333333333343,1.7000000000000015e-06,2.6360420991930214e-07,1.7000000000000015e-06,20.40000000000002,3.163250519031626,15.506129995253053,12000000.0,False,237.66990291262132,36.853404105222786,thermal
full_geometry,neutron,z_max,neutron_energy_resolved_current_z_max,0.07732738670125563,0.09422511293807855,0.08535913392913663,0.01689772623682291,0.0858333333333332,2.766666666666671e-06,3.2032012044437843e-07,2.766666666666671e-06,33.20000000000005,3.8438414453325414,11.577835678712455,12000000.0,False,386.79611650485555,44.782618780573365,thermal
full_geometry,neutron,z_max,neutron_energy_resolved_current_z_max,0.09422511293807855,0.1148153621496884,0.10401197270305365,0.02059024921160986,0.08583333333333365,3.700000000000006e-06,3.7468678855895617e-07,3.700000000000006e-06,44.40000000000007,4.496241462707474,10.126669961052853,12000000.0,False,517.2815533980571,52.38339568202863,thermal
full_geometry,neutron,z_max,neutron_energy_resolved_current_z_max,0.1148153621496884,0.13990503141372942,0.12674086495022382,0.02508966926404102,0.08583333333333298,4.066666666666674e-06,3.9560949782297203e-07,4.066666666666674e-06,48.80000000000008,4.747313973875665,9.728102405482902,12000000.0,False,568.5436893203916,55.30851231699826,thermal
full_geometry,neutron,z_max,neutron_energy_resolved_current_z_max,0.13990503141372942,0.1704773424775524,0.15443651755543789,0.030572311063822966,0.08583333333333343,4.566666666666675e-06,3.9285234086647097e-07,4.566666666666675e-06,54.8000000000001,4.7142280903976514,8.60260600437526,12000000.0,False,638.446601941748,54.923045713370634,thermal
full_geometry,neutron,z_max,neutron_energy_resolved_current_z_max,0.1704773424775524,0.20773037255725652,0.18818427635015889,0.037253030079704125,0.08583333333333343,7.36666666666668e-06,5.344296146419255e-07,7.36666666666668e-06,88.40000000000016,6.413155375703106,7.254700651247844,12000000.0,False,1029.90291262136,74.71637330916231,thermal
full_geometry,neutron,z_max,neutron_energy_resolved_current_z_max,0.20773037255725652,0.2531240049595366,0.22930665898187383,0.04539363240228006,0.08583333333333343,8.000000000000017e-06,5.236864440090037e-07,8.000000000000017e-06,96.0000000000002,6.284237328108044,6.546080550112532,12000000.0,False,1118.4466019417487,73.21441547310334,thermal
full_geometry,neutron,z_max,neutron_energy_resolved_current_z_max,0.2531240049595366,0.3084371394418766,0.27941518214619415,0.05531313448234004,0.08583333333333343,9.733333333333354e-06,5.703435044933876e-07,9.733333333333354e-06,116.80000000000025,6.8441220539206515,5.8596935393156135,12000000.0,False,1360.7766990291277,79.73734431752207,thermal
full_geometry,neutron,z_max,neutron_energy_resolved_current_z_max,0.3084371394418766,0.3758374042884443,0.3404735142033633,0.06740026484656769,0.08583333333333298,1.1100000000000024e-05,6.486157114479426e-07,1.1100000000000024e-05,133.2000000000003,7.783388537375312,5.84338478781929,12000000.0,False,1551.8446601941846,90.68025480437294,thermal
full_geometry,neutron,z_max,neutron_energy_resolved_current_z_max,0.3758374042884443,0.45796610200015886,0.41487442802351243,0.08212869771171455,0.08583333333333343,1.603333333333332e-05,7.56831883700604e-07,1.603333333333332e-05,192.39999999999986,9.081982604407248,4.720365179005849,12000000.0,False,2241.553398058248,105.80950607076393,thermal
full_geometry,neutron,z_max,neutron_energy_resolved_current_z_max,0.45796610200015886,0.5580417174769969,0.5055335697126495,0.10007561547683808,0.08583333333333343,1.929999999999996e-05,8.893836880006341e-07,1.929999999999996e-05,231.59999999999954,10.67260425600761,4.608205637308995,12000000.0,False,2698.2524271844577,124.34102045834095,epithermal_intermediate
full_geometry,neutron,z_max,neutron_energy_resolved_current_z_max,0.5580417174769969,0.679986045003323,0.6160037178573234,0.12194432752632611,0.08583333333333343,2.256666666666663e-05,9.427518879638416e-07,2.256666666666663e-05,270.79999999999956,11.3130226555661,4.177630227313928,12000000.0,False,3154.951456310671,131.80220569591557,epithermal_intermediate
full_geometry,neutron,z_max,neutron_energy_resolved_current_z_max,0.679986045003323,0.8285778767396922,0.7506140109147139,0.14859183173636914,0.08583333333333344,2.7399999999999958e-05,1.0735078830767281e-06,2.7399999999999958e-05,328.7999999999995,12.882094596920737,3.9179119820318604,12000000.0,False,3830.6796116504747,150.08265549810548,epithermal_intermediate
full_geometry,neutron,z_max,neutron_energy_resolved_current_z_max,0.8285778767396922,1.0096402755134493,0.9146395988343231,0.18106239877375707,0.08583333333333297,3.093333333333325e-05,1.090849068763076e-06,3.093333333333325e-05,371.19999999999897,13.090188825156913,3.5264517309151264,12000000.0,False,4324.660194174763,152.50705427367342,epithermal_intermediate
full_geometry,neutron,z_max,neutron_energy_resolved_current_z_max,1.0096402755134493,1.2302687708123823,1.1145083672716891,0.22062849529893303,0.08583333333333339,3.293333333333325e-05,1.0675024596227599e-06,3.293333333333325e-05,395.199999999999,12.810029515473119,3.2414042296237726,12000000.0,False,4604.27184466018,149.24306231619158,epithermal_intermediate
full_geometry,neutron,z_max,neutron_energy_resolved_current_z_max,1.2302687708123823,1.4991094205968494,1.3580528355667716,0.2688406497844671,0.08583333333333347,3.79333333333333e-05,1.1838690357129061e-06,3.79333333333333e-05,455.1999999999996,14.206428428554874,3.1209201292958895,12000000.0,False,5303.300970873774,165.51178751714392,epithermal_intermediate
full_geometry,neutron,z_max,neutron_energy_resolved_current_z_max,1.4991094205968494,1.8266976357030054,1.6548170999431833,0.327588215106156,0.08583333333333343,4.563333333333327e-05,1.3304581597711108e-06,4.563333333333327e-05,547.5999999999992,15.96549791725333,2.915540160199663,12000000.0,False,6379.805825242703,186.0058009777085,epithermal_intermediate
full_geometry,neutron,z_max,neutron_energy_resolved_current_z_max,1.8266976357030054,2.2258710447930077,2.016430850513641,0.3991734090900023,0.08583333333333343,4.906666666666663e-05,1.348597135035989e-06,4.906666666666663e-05,588.7999999999995,16.18316562043187,2.748499595861393,12000000.0,False,6859.805825242705,188.54173538367203,epithermal_intermediate
full_geometry,neutron,z_max,neutron_energy_resolved_current_z_max,2.2258710447930077,2.7122725793320295,2.457065119186142,0.4864015345390218,0.08583333333333298,5.173333333333331e-05,1.3343028804907488e-06,5.173333333333331e-05,620.7999999999997,16.011634565888986,2.57919371228882,12000000.0,False,7232.621359223327,186.54331533074622,epithermal_intermediate
full_geometry,neutron,z_max,neutron_energy_resolved_current_z_max,2.7122725793320295,3.304963493642342,2.993987618461291,0.5926909143103125,0.08583333333333343,5.4999999999999955e-05,1.512121222276316e-06,5.4999999999999955e-05,659.9999999999994,18.14545466731579,2.7493113132296676,12000000.0,False,7689.3203883495,211.40335534736818,epithermal_intermediate
full_geometry,neutron,z_max,neutron_energy_resolved_current_z_max,3.304963493642342,4.027170343254594,3.648239433909942,0.7222068496122525,0.08583333333333343,6.0933333333333335e-05,1.4937202874993786e-06,6.0933333333333335e-05,731.2,17.924643449992544,2.4514009094628753,12000000.0,False,8518.834951456301,208.83079747564105,epithermal_intermediate
full_geometry,neutron,z_max,neutron_energy_resolved_current_z_max,4.027170343254594,4.907195194375853,4.445459588766036,0.8800248511212585,0.08583333333333343,6.366666666666662e-05,1.4651913122757012e-06,6.366666666666662e-05,763.9999999999995,17.582295747308414,2.3013476109042443,12000000.0,False,8900.970873786393,204.84228055116577,epithermal_intermediate
full_geometry,neutron,z_max,neutron_energy_resolved_current_z_max,4.907195194375853,5.979524734045527,5.416889793927855,1.0723295396696741,0.08583333333333343,6.37333333333333e-05,1.5308738939661398e-06,6.37333333333333e-05,764.7999999999996,18.37048672759368,2.401998787603777,12000000.0,False,8910.291262135908,214.0250880884698,epithermal_intermediate
full_geometry,neutron,z_max,neutron_energy_resolved_current_z_max,5.979524734045527,7.286181745132289,6.60059875782262,1.3066570110867621,0.08583333333333343,7.189999999999997e-05,1.6172736738131036e-06,7.189999999999997e-05,862.7999999999996,19.407284085757244,2.2493375157344984,12000000.0,False,10052.038834951441,226.10428061076377,epithermal_intermediate
full_geometry,neutron,z_max,neutron_energy_resolved_current_z_max,7.286181745132289,8.878371908193657,8.042974034769474,1.5921901630613675,0.08583333333333298,7.609999999999999e-05,1.6107809859243402e-06,7.609999999999999e-05,913.1999999999999,19.329371831092082,2.1166635820293567,12000000.0,False,10639.223300970916,225.19656502243294,epithermal_intermediate
full_geometry,neutron,z_max,neutron_energy_resolved_current_z_max,8.878371908193657,10.818490465580783,9.800539874857575,1.9401185573871267,0.08583333333333387,7.766666666666664e-05,1.691893804324998e-06,7.766666666666664e-05,931.9999999999997,20.302725651899976,2.1784040399034317,12000000.0,False,10858.252427184394,236.53660953669726,epithermal_intermediate
full_geometry,neutron,z_max,neutron_energy_resolved_current_z_max,10.818490465580783,13.1825673855641,11.942172313804612,2.364076919983317,0.08583333333333343,7.979999999999997e-05,1.6932813657876013e-06,7.979999999999997e-05,957.5999999999997,20.319376389451214,2.1219064734180475,12000000.0,False,11156.504854368915,236.7305987120527,epithermal_intermediate
full_geometry,neutron,z_max,neutron_energy_resolved_current_z_max,13.1825673855641,16.06324684833086,14.551798308424692,2.880679462766759,0.08583333333333254,8.036666666666669e-05,1.7574801646594157e-06,8.036666666666669e-05,964.4000000000003,21.08976197591299,2.1868272476060744,12000000.0,False,11235.728155339913,245.7059647679206,epithermal_intermediate
full_geometry,neutron,z_max,neutron_energy_resolved_current_z_max,16.06324684833086,19.573417814876617,17.731684692264295,3.5101709665457577,0.08583333333333343,8.07666666666667e-05,1.7545089759139375e-06,8.07666666666667e-05,969.2000000000004,21.05410771096725,2.1723181707560095,12000000.0,False,11291.650485436885,245.2905752734046,epithermal_intermediate
full_geometry,neutron,z_max,neutron_energy_resolved_current_z_max,19.573417814876617,23.850637954651077,21.606445840020513,4.27722013977446,0.08583333333333343,8.543333333333335e-05,1.868126320531114e-06,8.543333333333335e-05,1025.2000000000003,22.417515846373366,2.186648053684487,12000000.0,False,11944.077669902903,261.17494189949525,epithermal_intermediate
full_geometry,neutron,z_max,neutron_energy_resolved_current_z_max,23.850637954651077,29.06252429820869,26.327927094338918,5.211886343557612,0.08583333333333343,8.290000000000002e-05,1.6899499639674147e-06,8.290000000000002e-05,994.8000000000003,20.279399567608976,2.038540366667568,12000000.0,False,11589.90291262135,236.26484933136646,epithermal_intermediate
full_geometry,neutron,z_max,neutron_energy_resolved_current_z_max,29.06252429820869,35.41332186543297,32.0811553282364,6.35079756722428,0.08583333333333343,8.636666666666666e-05,1.9259990433861787e-06,8.636666666666666e-05,1036.3999999999999,23.111988520634146,2.230025908976664,12000000.0,False,12074.563106796102,269.2658856772907,epithermal_intermediate
full_geometry,neutron,z_max,neutron_energy_resolved_current_z_max,35.41332186543297,43.15190768277659,39.09158983563622,7.738585817343619,0.08583333333333343,9.050000000000006e-05,1.908220204228543e-06,9.050000000000006e-05,1086.0000000000007,22.898642450742514,2.1085306124072285,12000000.0,False,12652.427184466014,266.78030039699985,epithermal_intermediate
full_geometry,neutron,z_max,neutron_energy_resolved_current_z_max,43.15190768277659,52.58154385342938,47.63395770016442,9.429636170652792,0.08583333333333343,8.640000000000003e-05,1.673826316362207e-06,8.640000000000003e-05,1036.8000000000004,20.085915796346484,1.9372989772710723,12000000.0,False,12079.223300970865,234.0106694719976,epithermal_intermediate
full_geometry,neutron,z_max,neutron_energy_resolved_current_z_max,52.58154385342938,64.07176188675551,58.043019885382606,11.49021803332613,0.08583333333333343,8.796666666666671e-05,1.8320193933469592e-06,8.796666666666671e-05,1055.6000000000006,21.98423272016351,2.082629094369411,12000000.0,False,12298.25242718446,256.1269831475358,epithermal_intermediate
full_geometry,neutron,z_max,neutron_energy_resolved_current_z_max,64.07176188675551,78.07284401379086,70.72668995134308,14.001082127035346,0.08583333333333343,8.690000000000004e-05,1.7662038475824698e-06,8.690000000000004e-05,1042.8000000000004,21.19444617098964,2.032455520808365,12000000.0,False,12149.126213592224,246.92558645813145,epithermal_intermediate
full_geometry,neutron,z_max,neutron_energy_resolved_current_z_max,78.07284401379086,95.13346898708764,86.18201949780304,17.060624973296783,0.08583333333333343,9.213333333333334e-05,1.697380323568958e-06,9.213333333333334e-05,1105.6000000000001,20.368563882827498,1.8423086001110252,12000000.0,False,12880.776699029113,237.3036568873104,epithermal_intermediate
full_geometry,neutron,z_max,neutron_energy_resolved_current_z_max,95.13346898708764,115.92221387398774,105.01467677660848,20.788744886900105,0.08583333333333254,9.306666666666667e-05,1.8232325375321715e-06,9.306666666666667e-05,1116.8000000000002,21.878790450386056,1.9590607494973182,12000000.0,False,13011.262135922452,254.8985295190632,epithermal_intermediate
full_geometry,neutron,z_max,neutron_energy_resolved_current_z_max,115.92221387398774,141.25375446227554,127.96268180715678,25.331540588287794,0.08583333333333343,9.120000000000002e-05,1.817074964600738e-06,9.120000000000002e-05,1094.4000000000003,21.804899575208857,1.9924067594306332,12000000.0,False,12750.291262135912,254.0376649538893,epithermal_intermediate
full_geometry,neutron,z_max,neutron_energy_resolved_current_z_max,141.25375446227554,172.12079102783665,155.92532813400996,30.867036565561108,0.08583333333333343,9.923333333333336e-05,1.8725371537161857e-06,9.923333333333336e-05,1190.8000000000004,22.470445844594227,1.887004185807375,12000000.0,False,13873.398058252416,261.79160207294217,epithermal_intermediate
full_geometry,neutron,z_max,neutron_energy_resolved_current_z_max,172.12079102783665,209.7329505812199,189.99842462147348,37.612159553383265,0.08583333333333343,9.526666666666677e-05,1.849036829829952e-06,9.526666666666677e-05,1143.2000000000012,22.188441957959423,1.940906399401627,12000000.0,False,13318.83495145631,258.5061198985561,epithermal_intermediate
full_geometry,neutron,z_max,neutron_energy_resolved_current_z_max,209.7329505812199,255.56419010641423,231.51723835152765,45.83123952519432,0.08583333333333343,9.879999998563343e-05,1.9098057132335077e-06,9.879999998563343e-05,1185.599999827601,22.91766855880209,1.933001734323091,12000000.0,False,13812.815531972037,267.0019637918687,epithermal_intermediate
full_geometry,neutron,z_max,neutron_energy_resolved_current_z_max,255.56419010641423,311.41055844467644,282.10882148472405,55.84636833826221,0.08583333333333343,0.0001002333333333334,2.0046870015010583e-06,0.0001002333333333334,1202.8000000000009,24.0562440180127,2.0000202874968975,12000000.0,False,14013.20388349514,280.2669205982059,epithermal_intermediate
full_geometry,neutron,z_max,neutron_energy_resolved_current_z_max,311.41055844467644,379.4605804140449,343.7557726853162,68.05002196936846,0.08583333333333343,0.00010306666666666665,2.0325628600383826e-06,0.00010306666666666665,1236.7999999999997,24.39075432046059,1.9720855692481079,12000000.0,False,14409.320388349495,284.1641280053658,epithermal_intermediate
full_geometry,neutron,z_max,neutron_energy_resolved_current_z_max,379.4605804140449,462.3810213992613,418.8739318131442,82.92044098521637,0.08583333333333343,0.00010610000000000013,1.939258785639775e-06,0.00010610000000000013,1273.2000000000014,23.271105427677302,1.8277651137038389,12000000.0,False,14833.398058252427,271.1196748855605,epithermal_intermediate
full_geometry,neutron,z_max,neutron_energy_resolved_current_z_max,462.3810213992613,563.4213933814742,510.40705260597747,101.04037198221295,0.08583333333333343,0.00010829999999999999,2.0512741777998274e-06,0.00010829999999999999,1299.6,24.615290133597927,1.8940666461678923,12000000.0,False,15140.97087378639,286.7800792263833,epithermal_intermediate
full_geometry,neutron,z_max,neutron_energy_resolved_current_z_max,563.4213933814742,686.5412978224565,621.9421634147777,123.11990444098228,0.08583333333333343,0.00011616666666666668,1.898458174703866e-06,0.00011616666666666668,1394.0000000000002,22.78149809644639,1.6342538089272873,12000000.0,False,16240.776699029111,265.41551180325865,epithermal_intermediate
full_geometry,neutron,z_max,neutron_energy_resolved_current_z_max,686.5412978224565,836.5655957558124,757.8501367841877,150.0242979333559,0.08583333333333343,0.00012203333333333344,2.1531643423684615e-06,0.00012203333333333344,1464.4000000000012,25.83797210842154,1.7644067268793717,12000000.0,False,17060.970873786402,301.0249177680176,epithermal_intermediate
full_geometry,neutron,z_max,neutron_energy_resolved_current_z_max,836.5655957558124,1019.3734859388737,923.4569765625972,182.80789018306132,0.08583333333333254,0.00013050000000000003,2.1859615947324986e-06,0.00013050000000000003,1566.0000000000002,26.231539136789984,1.675066356116857,12000000.0,False,18244.66019417493,305.61016470046866,epithermal_intermediate
full_geometry,neutron,z_max,neutron_energy_resolved_current_z_max,1019.3734859388737,1242.1289007186062,1125.2525349942327,222.75541477973252,0.08583333333333343,0.00014213333333333355,2.281804002485691e-06,0.00014213333333333355,1705.6000000000026,27.38164802982829,1.6053968122554088,12000000.0,False,19871.067961165056,319.0094916096496,epithermal_intermediate
full_geometry,neutron,z_max,neutron_energy_resolved_current_z_max,1242.1289007186062,1513.5612484362102,1371.1448390634562,271.432347717604,0.08583333333333343,0.0001663333333333333,2.5194155032247767e-06,0.0001663333333333333,1995.9999999999995,30.23298603869732,1.514678659253373,12000000.0,False,23254.368932038804,352.2289635576383,epithermal_intermediate
full_geometry,neutron,z_max,neutron_energy_resolved_current_z_max,1513.5612484362102,1844.3075041909485,1670.7699927110023,330.7462557547383,0.08583333333333343,0.0001787999999999998,2.484664222540715e-06,0.0001787999999999998,2145.5999999999976,29.815970670488582,1.3896332340831756,12000000.0,False,24997.281553398003,347.37053208336175,epithermal_intermediate
full_geometry,neutron,z_max,neutron_energy_resolved_current_z_max,1844.3075041909485,2247.3290549222215,2035.8697994664112,403.021550731273,0.08583333333333343,0.00019700000000000005,2.7409524827731987e-06,0.00019700000000000005,2364.0000000000005,32.891429793278384,1.3913464379559382,12000000.0,False,27541.747572815508,383.20112380518464,epithermal_intermediate
full_geometry,neutron,z_max,neutron_energy_resolved_current_z_max,2247.3290549222215,2738.419634264367,2480.751903889584,491.09057934214525,0.08583333333333343,0.00021726666666666675,2.9702325968975708e-06,0.00021726666666666675,2607.200000000001,35.64279116277085,1.3670907932943708,12000000.0,False,30375.145631067942,415.2558193720871,epithermal_intermediate
full_geometry,neutron,z_max,neutron_energy_resolved_current_z_max,2738.419634264367,3336.8242522829496,3022.850483987116,598.4046180185828,0.08583333333333343,0.00023776666666666674,2.84729069263547e-06,0.00023776666666666674,2853.2000000000007,34.16748831162564,1.1975146611392693,12000000.0,False,33241.16504854366,398.06782498981283,epithermal_intermediate
full_geometry,neutron,z_max,neutron_energy_resolved_current_z_max,3336.8242522829496,4065.993374903165,3683.409467191868,729.1691226202156,0.08583333333333343,0.00022336666666666663,2.9802390173474972e-06,0.00022336666666666663,2680.3999999999996,35.76286820816997,1.3342362411643776,12000000.0,False,31227.961165048506,416.65477524081473,epithermal_intermediate
full_geometry,neutron,z_max,neutron_energy_resolved_current_z_max,4065.993374903165,4954.501908047916,4488.315043985651,888.5085331447508,0.08583333333333343,0.00023246666666666685,2.8976880544571863e-06,0.00023246666666666685,2789.600000000002,34.77225665348624,1.2464961519030044,12000000.0,False,32500.19417475727,405.1136697493538,epithermal_intermediate
full_geometry,neutron,z_max,neutron_energy_resolved_current_z_max,4954.501908047916,6037.168999921217,5469.110103967317,1082.6670918733007,0.08583333333333343,0.00022819999999999988,2.717932521354377e-06,0.00022819999999999988,2738.3999999999987,32.615190256252525,1.19103090331042,12000000.0,False,31903.6893203883,379.9827991019707,epithermal_intermediate
full_geometry,neutron,z_max,neutron_energy_resolved_current_z_max,6037.168999921217,7356.422544596421,6664.230348401762,1319.2535446752045,0.08583333333333254,0.00010836666666666668,1.8659050444971369e-06,0.00010836666666666668,1300.4,22.390860533965643,1.7218440890468811,12000000.0,False,15150.291262136063,260.86439457047595,epithermal_intermediate
full_geometry,neutron,z_max,neutron_energy_resolved_current_z_max,7356.422544596421,8963.961859499512,8120.5105204121655,1607.5393149030906,0.08583333333333343,6.976666666666665e-05,1.7294216645869694e-06,6.976666666666665e-05,837.1999999999998,20.753059975043634,2.4788652621886813,12000000.0,False,9753.786407766978,241.78322301021683,epithermal_intermediate
full_geometry,neutron,z_max,neutron_energy_resolved_current_z_max,8963.961859499512,10922.783694308595,9895.019779431743,1958.8218348090832,0.08583333333333343,0.00020839999999999997,2.8935633793128503e-06,0.00020839999999999997,2500.7999999999997,34.722760551754206,1.3884661129140359,12000000.0,False,29135.533980582488,404.53701613694176,epithermal_intermediate
full_geometry,neutron,z_max,neutron_energy_resolved_current_z_max,10922.783694308595,13309.650967135536,12057.298145138764,2386.867272826941,0.08583333333333343,0.00032819999999999995,3.638374684608125e-06,0.00032819999999999995,3938.3999999999996,43.6604962152975,1.1085846083510436,12000000.0,False,45884.271844660136,508.6659753238538,epithermal_intermediate
full_geometry,neutron,z_max,neutron_energy_resolved_current_z_max,13309.650967135536,16218.100973589331,14692.081653334051,2908.450006453795,0.08583333333333343,0.00045913333333333324,4.250483173618811e-06,0.00045913333333333324,5509.5999999999985,51.00579808342573,0.925762271007437,12000000.0,False,64189.514563106706,594.2423077680661,epithermal_intermediate
full_geometry,neutron,z_max,neutron_energy_resolved_current_z_max,16218.100973589331,19762.1109553519,17902.62301801535,3544.0099817625705,0.08583333333333343,0.0007247333333333339,5.310302838757445e-06,0.0007247333333333339,8696.800000000007,63.72363406508934,0.7327250720390178,12000000.0,False,101321.94174757278,742.4112706612342,epithermal_intermediate
full_geometry,neutron,z_max,neutron_energy_resolved_current_z_max,19762.1109553519,24080.564675705467,21814.737930784755,4318.453720353566,0.08583333333333343,0.0014268333333333333,7.2976926047994436e-06,0.0014268333333333333,17122.0,87.57231125759333,0.5114607595934664,12000000.0,False,199479.61165048523,1020.2599369816687,epithermal_intermediate
full_geometry,neutron,z_max,neutron_energy_resolved_current_z_max,24080.564675705467,29342.695039559763,26581.735565226376,5262.130363854296,0.08583333333333343,0.001696766666666667,7.870300116998513e-06,0.001696766666666667,20361.200000000004,94.44360140398216,0.46384103787587244,12000000.0,False,237217.86407766968,1100.3138027648395,epithermal_intermediate
full_geometry,neutron,z_max,neutron_energy_resolved_current_z_max,29342.695039559763,35754.71604506223,32390.42650439039,6412.021005502469,0.08583333333333343,0.0001784666666666668,2.6962434469796474e-06,0.0001784666666666668,2141.6000000000017,32.35492136375577,1.5107826561335331,12000000.0,False,24950.679611650477,376.95054016026097,epithermal_intermediate
full_geometry,neutron,z_max,neutron_energy_resolved_current_z_max,35754.71604506223,43567.90396176953,39468.44353191055,7813.187916707298,0.08583333333333343,0.0004220999999999999,4.334632769751986e-06,0.0004220999999999999,5065.199999999999,52.015593237023836,1.0269208172831052,12000000.0,False,59012.03883495138,606.0069114993062,epithermal_intermediate
full_geometry,neutron,z_max,neutron_energy_resolved_current_z_max,43567.90396176953,53088.44442309901,48093.162176190046,9520.540461329481,0.08583333333333343,0.0006568666666666667,5.120678199694211e-06,0.0006568666666666667,7882.400000000001,61.44813839633053,0.7795612807816213,12000000.0,False,91833.7864077669,715.9006415106461,epithermal_intermediate
full_geometry,neutron,z_max,neutron_energy_resolved_current_z_max,53088.44442309901,64689.43132397588,58602.5705887103,11600.986900876866,0.08583333333333254,0.0008464333333333328,5.838101570861345e-06,0.0008464333333333328,10157.199999999993,70.05721885033614,0.6897296385848086,12000000.0,False,118336.31067961267,816.2006079650888,epithermal_intermediate
full_geometry,neutron,z_max,neutron_energy_resolved_current_z_max,64689.43132397588,78825.48774020227,71408.51472862824,14136.05641622639,0.08583333333333343,0.0014374999998402326,6.676824753198892e-06,0.0014374999998402326,17249.999998082792,80.1218970383867,0.4644747654915458,12000000.0,False,200970.87376407115,933.45899462198,epithermal_intermediate
full_geometry,neutron,z_max,neutron_energy_resolved_current_z_max,78825.48774020227,96050.58183867324,87012.83791006723,17225.094098470974,0.08583333333333343,0.0015403999990724945,7.353134199704474e-06,0.0015403999990724945,18484.799988869934,88.23761039645369,0.47735225942170495,12000000.0,False,215356.8930742126,1028.0109949101388,epithermal_intermediate
full_geometry,neutron,z_max,neutron_energy_resolved_current_z_max,96050.58183867324,117039.73595386233,106027.04719369092,20989.154115189085,0.08583333333333432,0.0014474999989414594,6.875404255873657e-06,0.0014474999989414594,17369.999987297513,82.50485107048388,0.47498475032135146,12000000.0,False,202368.9318908425,961.2215658697041,fast
full_geometry,neutron,z_max,neutron_energy_resolved_current_z_max,117039.73595386233,142615.47957260144,129196.27731521803,25575.743618739114,0.08583333333333343,0.003222666666666666,1.0532990412550958e-05,0.003222666666666666,38671.99999999999,126.39588495061149,0.3268408278615316,12000000.0,False,450547.5728155334,1472.5734169003265,fast
full_geometry,neutron,z_max,neutron_energy_resolved_current_z_max,142615.47957260144,173780.08287493835,157428.49125674728,31164.60330233691,0.08583333333333343,0.0020401666666666684,8.89984634458644e-06,0.0020401666666666684,24482.000000000022,106.79815613503729,0.4362313378606208,12000000.0,False,285227.18446601933,1244.250362738297,fast
full_geometry,neutron,z_max,neutron_energy_resolved_current_z_max,173780.08287493835,211754.8340090713,191830.06178194602,37974.75113413294,0.08583333333333165,0.0026305333333000004,9.986007304468568e-06,0.0026305333333000004,31566.399999600006,119.8320876536228,0.37961911290214045,12000000.0,False,367763.8834904927,1396.1019920810697,fast
full_geometry,neutron,z_max,neutron_energy_resolved_current_z_max,211754.8340090713,258027.8993104113,233749.12831534902,46273.065301340015,0.08583333333333343,0.0030716333332666684,1.020530589101475e-05,0.0030716333332666684,36859.59999920002,122.46367069217699,0.33224362362813176,12000000.0,False,429432.23300038814,1426.7612119476914,fast
full_geometry,neutron,z_max,neutron_energy_resolved_current_z_max,258027.8993104113,314412.64202587993,284828.428248611,56384.74271546863,0.08583333333333343,0.005967133333196663,1.4060680197222607e-05,0.005967133333196663,71605.59999835996,168.72816236667128,0.23563542847282307,12000000.0,False,834239.9999808918,1965.7649984466536,fast
full_geometry,neutron,z_max,neutron_energy_resolved_current_z_max,314412.64202587993,383118.6849557293,347069.67304334097,68706.04292984935,0.08583333333333343,0.005023,1.3131230272621018e-05,0.005023,60275.99999999999,157.5747632714522,0.2614220639582126,12000000.0,False,702244.6601941739,1835.822484715946,fast
full_geometry,neutron,z_max,neutron_energy_resolved_current_z_max,383118.6849557293,466838.5018377398,422911.9919212243,83719.81688201049,0.08583333333333343,0.0024138333333333355,9.268382659942876e-06,0.0024138333333333355,28966.000000000025,111.22059191931451,0.38396945356388323,12000000.0,False,337467.9611650485,1295.7738864386142,fast
full_geometry,neutron,z_max,neutron_energy_resolved_current_z_max,466838.5018377398,568852.9308438424,515327.5172171061,102014.42900610267,0.08583333333333343,0.003985466666536665,1.1628509663943847e-05,0.003985466666536665,47825.59999843998,139.54211596732617,0.29177284962839545,12000000.0,False,557191.456292504,1625.7333899105943,fast
full_geometry,neutron,z_max,neutron_energy_resolved_current_z_max,568852.9308438424,693159.7450848253,627937.8572235262,124306.81424098287,0.08583333333333343,0.006681166666613117,1.478477767306369e-05,0.006681166666613117,80173.9999993574,177.41733207676427,0.22129035856784776,12000000.0,False,934066.0194099881,2066.9980436127853,fast
full_geometry,neutron,z_max,neutron_energy_resolved_current_z_max,693159.7450848253,844630.3185839704,765156.0209006916,151470.5734991451,0.08583333333333343,0.0034239333330883344,1.1352052864937231e-05,0.0034239333330883344,41087.199997060015,136.22463437924677,0.3315500554649484,12000000.0,False,478685.8252084657,1587.083118981514,fast
full_geometry,neutron,z_max,neutron_energy_resolved_current_z_max,844630.3185839704,1029200.5271944307,932359.3562414775,184570.20861046028,0.08583333333333343,0.0036654333331849983,1.1254947451923866e-05,0.0036654333331849983,43985.19999821998,135.0593694230864,0.30705639494319015,12000000.0,False,512448.93201809627,1573.5072165796455,fast
full_geometry,neutron,z_max,neutron_energy_resolved_current_z_max,1029200.5271944307,1254103.365544753,1136100.2794537854,224902.8383503222,0.08583333333333343,0.0029541333333333326,1.0313521483029857e-05,0.0029541333333333326,35449.59999999999,123.76225779635828,0.3491217328160496,12000000.0,False,413005.0485436888,1441.890382093493,fast
full_geometry,neutron,z_max,neutron_energy_resolved_current_z_max,1254103.365544753,1528152.3958776172,1384363.0530808733,274049.03033286426,0.08583333333333343,0.002061966666666666,8.344945977908899e-06,0.002061966666666666,24743.59999999999,100.1393517349068,0.4047080931429009,12000000.0,False,288274.9514563103,1166.6720590474565,fast
full_geometry,neutron,z_max,neutron_energy_resolved_current_z_max,1528152.3958776172,1862087.1366628732,1686876.6757603418,333934.740785256,0.08583333333333343,0.0016867666665547887,7.634168676652378e-06,0.0016867666665547887,20241.199998657463,91.61002411982854,0.4525918627645829,12000000.0,False,235819.80580960124,1067.3012518814965,fast
full_geometry,neutron,z_max,neutron_energy_resolved_current_z_max,1862087.1366628732,2268993.9261810533,2055496.1452427802,406906.78951818007,0.08583333333333343,0.0013436333333333333,6.572246354778695e-06,0.0013436333333333333,16123.599999999999,78.86695625734434,0.4891398711041229,12000000.0,False,187847.76699029104,918.8383253282826,fast
full_geometry,neutron,z_max,neutron_energy_resolved_current_z_max,2268993.9261810533,2764818.754010117,2504667.035723596,495824.82782906387,0.08583333333333343,0.001035733333333334,6.252882204253833e-06,0.001035733333333334,12428.800000000008,75.034586451046,0.6037154548391312,12000000.0,False,144801.5533980582,874.1893567112145,fast
full_geometry,neutron,z_max,neutron_energy_resolved_current_z_max,2764818.754010117,3368992.1574149197,3051991.5954887187,604173.4034048025,0.08583333333333343,0.0007653333333333328,5.380988320268403e-06,0.0007653333333333328,9183.999999999995,64.57185984322084,0.7030908083974399,12000000.0,False,106998.058252427,752.2935127365525,fast
full_geometry,neutron,z_max,neutron_energy_resolved_current_z_max,3368992.1574149197,4105190.6712730955,3718918.549284449,736198.5138581758,0.08583333333333343,0.000648633333333333,4.656470386707458e-06,0.000648633333333333,7783.599999999996,55.8776446404895,0.7178894681187308,12000000.0,False,90682.7184466018,651.0016851319158,fast
full_geometry,neutron,z_max,neutron_energy_resolved_current_z_max,4105190.6712730955,5002264.671473413,4531583.637600836,897074.0002003172,0.08583333333333343,0.0006525333333333329,4.5827881504075025e-06,0.0006525333333333329,7830.399999999995,54.99345780489003,0.7023071337976357,12000000.0,False,91227.96116504839,640.7004792802715,fast
full_geometry,neutron,z_max,neutron_energy_resolved_current_z_max,5002264.671473413,6095368.972401719,5521833.832182957,1093104.3009283058,0.08583333333333343,0.0005885000000000004,4.4990089333525475e-06,0.0005885000000000004,7062.000000000005,53.98810720023057,0.7644874992952497,12000000.0,False,82275.72815533976,628.9876567017147,fast
full_geometry,neutron,z_max,neutron_energy_resolved_current_z_max,6095368.972401719,7427340.484719703,6728475.365045459,1331971.5123179844,0.08583333333333343,0.0005525,4.135962680074752e-06,0.0005525,6630.000000000001,49.63155216089703,0.7485905303302718,12000000.0,False,77242.71844660187,578.2316756609356,fast
full_geometry,neutron,z_max,neutron_energy_resolved_current_z_max,7427340.484719703,9050376.921517165,8198794.479138827,1623036.4367974624,0.08583333333333343,0.00047583333333333337,4.012093850383998e-06,0.00047583333333333337,5710.0,48.145126204607976,0.8431720876463744,12000000.0,False,66524.27184466012,560.91409170417,fast
full_geometry,neutron,z_max,neutron_energy_resolved_current_z_max,9050376.921517165,11028082.338495575,9990410.496316526,1977705.4169784095,0.08583333333333343,0.0002221333333333333,2.7281812389462196e-06,0.0002221333333333333,2665.5999999999995,32.73817486735464,1.2281728266564618,12000000.0,False,31055.533980582484,381.4156295225779,fast
full_geometry,neutron,z_max,neutron_energy_resolved_current_z_max,11028082.338495575,13437959.669446556,12173533.821205715,2409877.330950981,0.08583333333333165,0.0,0.0,0.0,0.0,0.0,,12000000.0,False,0.0,0.0,fast
full_geometry,neutron,z_max,neutron_energy_resolved_current_z_max,13437959.669446556,16374447.935279656,14833717.36833827,2936488.2658331003,0.08583333333333343,0.0,0.0,0.0,0.0,0.0,,12000000.0,False,0.0,0.0,fast
full_geometry,neutron,z_max,neutron_energy_resolved_current_z_max,16374447.935279656,19952623.149688788,18075209.2363224,3578175.2144091316,0.08583333333333254,0.0,0.0,0.0,0.0,0.0,,12000000.0,False,0.0,0.0,fast
full_geometry,photon,x_min,photon_energy_resolved_current_x_min,1000.0,1104.0786199020736,1050.7514548655518,104.07861990207357,0.04300000000000015,0.0,0.0,0.0,0.0,0.0,,7825771.383943637,False,0.0,0.0,low_energy
full_geometry,photon,x_min,photon_energy_resolved_current_x_min,1104.0786199020736,1218.9895989248662,1160.1122161480537,114.91097902279262,0.042999999999999705,0.0,0.0,0.0,0.0,0.0,,7825771.383943637,False,0.0,0.0,low_energy
full_geometry,photon,x_min,photon_energy_resolved_current_x_min,1218.9895989248662,1345.8603540559484,1280.8550945362786,126.8707551310822,0.04300000000000015,0.0,0.0,0.0,0.0,0.0,,7825771.383943637,False,0.0,0.0,low_energy
full_geometry,photon,x_min,photon_energy_resolved_current_x_min,1345.8603540559484,1485.9356422870076,1414.1647250701544,140.07528823105918,0.04300000000000015,0.0,0.0,0.0,0.0,0.0,,7825771.383943637,False,0.0,0.0,low_energy
full_geometry,photon,x_min,photon_energy_resolved_current_x_min,1485.9356422870076,1640.5897731995387,1561.3490379696502,154.65413091253117,0.042999999999999705,0.0,0.0,0.0,0.0,0.0,,7825771.383943637,False,0.0,0.0,low_energy
full_geometry,photon,x_min,photon_energy_resolved_current_x_min,1640.5897731995387,1811.3400926196025,1723.8520910269608,170.75031942006376,0.04300000000000015,0.0,0.0,0.0,0.0,0.0,,7825771.383943637,False,0.0,0.0,low_energy
full_geometry,photon,x_min,photon_energy_resolved_current_x_min,1811.3400926196025,1999.8618696327449,1903.2682375763507,188.52177701314235,0.04300000000000015,0.0,0.0,0.0,0.0,0.0,,7825771.383943637,False,0.0,0.0,low_energy
full_geometry,photon,x_min,photon_energy_resolved_current_x_min,1999.8618696327449,2208.004733018899,2101.3577690467478,208.1428633861542,0.042999999999999705,0.0,0.0,0.0,0.0,0.0,,7825771.383943637,False,0.0,0.0,low_energy
full_geometry,photon,x_min,photon_energy_resolved_current_x_min,2208.004733018899,2437.8108183687523,2320.064185569632,229.80608534985322,0.04300000000000015,-3.3333333333333334e-08,3.333333333333334e-08,3.3333333333333334e-08,0.26085904613145455,0.2608590461314546,100.00000000000001,7825771.383943637,False,6.066489444917527,6.066489444917528,low_energy
full_geometry,photon,x_min,photon_energy_resolved_current_x_min,2437.8108183687523,2691.534803926914,2561.5332640879465,253.72398555816153,0.042999999999999705,0.0,0.0,0.0,0.0,0.0,,7825771.383943637,False,0.0,0.0,low_energy
full_geometry,photon,x_min,photon_energy_resolved_current_x_min,2691.534803926914,2971.666031738025,2828.1341110474723,280.13122781111133,0.04300000000000015,0.0,0.0,0.0,0.0,0.0,,7825771.383943637,False,0.0,0.0,low_energy
full_geometry,photon,x_min,photon_energy_resolved_current_x_min,2971.666031738025,3280.9529311311903,3122.4824062232706,309.2868993931652,0.04300000000000015,0.0,0.0,0.0,0.0,0.0,,7825771.383943637,False,0.0,0.0,low_energy
full_geometry,photon,x_min,photon_energy_resolved_current_x_min,3280.9529311311903,3622.4299841669877,3447.4660657314944,341.4770530357973,0.04300000000000015,0.0,0.0,0.0,0.0,0.0,,7825771.383943637,False,0.0,0.0,low_energy
full_geometry,photon,x_min,photon_energy_resolved_current_x_min,3622.4299841669877,3999.4474976109736,3806.2735760120577,377.017513443986,0.042999999999999705,0.0,0.0,0.0,0.0,0.0,,7825771.383943637,False,0.0,0.0,low_energy
full_geometry,photon,x_min,photon_energy_resolved_current_x_min,3999.4474976109736,4415.704473533126,4202.4252767731205,416.2569759221519,0.04300000000000015,0.0,0.0,0.0,0.0,0.0,,7825771.383943637,False,0.0,0.0,low_energy
full_geometry,photon,x_min,photon_energy_resolved_current_x_min,4415.704473533126,4875.2849010338605,4639.807899821254,459.5804275007349,0.042999999999999705,0.0,0.0,0.0,0.0,0.0,,7825771.383943637,False,0.0,0.0,low_energy
full_geometry,photon,x_min,photon_energy_resolved_current_x_min,4875.2849010338605,5382.697825162882,5122.712702645386,507.4129241290211,0.04300000000000015,-1.0000000000000001e-07,5.754160919975787e-08,1.0000000000000001e-07,0.7825771383943637,0.45030747866153303,57.541609199757865,7825771.383943637,False,18.19946833475258,10.472266945617012,low_energy
full_geometry,photon,x_min,photon_energy_resolved_current_x_min,5382.697825162882,5942.921586155727,5655.877570891539,560.2237609928452,0.04300000000000015,-3.3333333333333334e-08,3.333333333333334e-08,3.3333333333333334e-08,0.26085904613145455,0.2608590461314546,100.00000000000001,7825771.383943637,False,6.066489444917527,6.066489444917528,low_energy
full_geometry,photon,x_min,photon_energy_resolved_current_x_min,5942.921586155727,6561.452663029057,6244.533502805022,618.5310768733298,0.04300000000000015,-2.0000000000000002e-07,9.372746849273028e-08,2.0000000000000002e-07,1.5651542767887274,0.7334897408198875,46.863734246365134,7825771.383943637,False,36.39893666950516,17.05790094929965,low_energy
full_geometry,photon,x_min,photon_energy_resolved_current_x_min,6561.452663029057,7244.359600749898,6894.455931709226,682.9069377208416,0.042999999999999705,-6.666666666666668e-08,6.666666666666668e-08,6.666666666666668e-08,0.5217180922629092,0.5217180922629092,100.0,7825771.383943637,False,12.132978889835181,12.132978889835181,low_energy
full_geometry,photon,x_min,photon_energy_resolved_current_x_min,7244.359600749898,7998.342550070284,7612.0213900571825,753.9829493203861,0.04300000000000015,-1.0000000000000001e-07,5.754160919975787e-08,1.0000000000000001e-07,0.7825771383943637,0.45030747866153303,57.541609199757865,7825771.383943637,False,18.19946833475258,10.472266945617012,low_energy
full_geometry,photon,x_min,photon_energy_resolved_current_x_min,7998.342550070284,8830.799004185623,8404.270070999393,832.4564541153386,0.042999999999999705,-1.0000000000000001e-07,7.443581928658478e-08,1.0000000000000001e-07,0.7825771383943637,0.582517704513355,74.43581928658477,7825771.383943637,False,18.19946833475277,13.546923360775791,low_energy
full_geometry,photon,x_min,photon_energy_resolved_current_x_min,8830.799004185623,9749.896377173867,9278.974901273308,919.0973729882444,0.04300000000000015,-6.666666666666667e-08,4.70615558697011e-08,6.666666666666667e-08,0.5217180922629091,0.3682929772089716,70.59233380455166,7825771.383943637,False,12.132978889835053,8.564952958348147,low_energy
full_geometry,photon,x_min,photon_energy_resolved_current_x_min,9749.896377173867,10764.65213629835,10244.717803103813,1014.7557591244822,0.04300000000000015,-6.666666666666667e-08,4.70615558697011e-08,6.666666666666667e-08,0.5217180922629091,0.3682929772089716,70.59233380455166,7825771.383943637,False,12.132978889835053,8.564952958348147,low_energy
full_geometry,photon,x_min,photon_energy_resolved_current_x_min,10764.65213629835,11885.022274370189,11310.973893337059,1120.3701380718394,0.04300000000000015,-1.6666666666666668e-07,8.781166292509644e-08,1.6666666666666668e-07,1.3042952306572728,0.6871939988957241,52.68699775505785,7825771.383943637,False,30.332447224587636,15.981255788272598,low_energy
full_geometry,photon,x_min,photon_energy_resolved_current_x_min,11885.022274370189,13121.998990192042,12488.204445903964,1236.9767158218528,0.04300000000000015,-2.6666666666666667e-07,1.0445306225664255e-07,2.6666666666666667e-07,2.0868723690516364,0.8174257855733165,39.169898346240956,7825771.383943637,False,48.53191555934021,19.00990199007706,low_energy
full_geometry,photon,x_min,photon_energy_resolved_current_x_min,13121.998990192042,14487.718535447602,13787.959529688575,1365.7195452555607,0.04299999999999926,-1.6666666666666668e-07,8.781166292509644e-08,1.6666666666666668e-07,1.3042952306572728,0.6871939988957241,52.68699775505785,7825771.383943637,False,30.33244722458826,15.981255788272927,low_energy
full_geometry,photon,x_min,photon_energy_resolved_current_x_min,14487.718535447602,15995.580286146678,15222.991328804188,1507.8617506990759,0.04300000000000015,-4.333333333333334e-07,1.1774860635912814e-07,4.333333333333334e-07,3.39116759970891,0.9214736741445088,27.17275531364495,7825771.383943637,False,78.86436278392786,21.42962032894199,low_energy
full_geometry,photon,x_min,photon_energy_resolved_current_x_min,15995.580286146678,17660.37820686164,16807.37925708736,1664.7979207149601,0.04300000000000015,-2.3333333333333336e-07,8.730235947285765e-08,2.3333333333333336e-07,1.826013322920182,0.6832083065134501,37.41529691693899,7825771.383943637,False,42.46542611442269,15.888565267754599,low_energy
full_geometry,photon,x_min,photon_energy_resolved_current_x_min,17660.37820686164,19498.445997580457,18556.66809433575,1838.0677907188183,0.04300000000000015,-3.0000000000000004e-07,1.0937136679743635e-07,3.0000000000000004e-07,2.3477314151830915,0.8559153125061806,36.45712226581211,7825771.383943637,False,54.59840500425775,19.905007267585525,low_energy
full_geometry,photon,x_min,photon_energy_resolved_current_x_min,19498.445997580457,21527.817347243737,20488.020499575057,2029.3713496632809,0.04300000000000015,-4.666666666666667e-07,1.3080092299639002e-07,4.666666666666667e-07,3.652026645840364,1.0236181201785641,28.028769213512142,7825771.383943637,False,84.93085222884538,23.805072562292107,low_energy
full_geometry,photon,x_min,photon_energy_resolved_current_x_min,21527.817347243737,23768.402866248736,22620.3853976962,2240.585519004999,0.04299999999999926,-2.3333333333333336e-07,9.925399928010713e-08,2.3333333333333336e-07,1.826013322920182,0.7767391073082247,42.537428262903056,7825771.383943637,False,42.465426114423565,18.063700169959024,low_energy
full_geometry,photon,x_min,photon_energy_resolved_current_x_min,23768.402866248736,26242.18543384439,24974.68389154141,2473.7825675956556,0.04300000000000015,-6.333333333333333e-07,1.4085527360052117e-07,6.333333333333333e-07,4.956321876497637,1.1023011694205103,22.240306357977026,7825771.383943637,False,115.26329945343302,25.634910916755963,low_energy
full_geometry,photon,x_min,photon_energy_resolved_current_x_min,26242.18543384439,28973.435877013213,27574.014523463586,2731.250443168821,0.04300000000000015,-7.333333333333333e-07,1.5797868513589096e-07,7.333333333333333e-07,5.7388990148920005,1.2363050734094976,21.542547973076044,7825771.383943637,False,133.4627677881856,28.75128077696496,low_energy
full_geometry,photon,x_min,photon_energy_resolved_current_x_min,28973.435877013213,31988.951096913974,30443.879900225405,3015.5152199007607,0.04300000000000015,-6.000000000000001e-07,1.5984942747749508e-07,6.000000000000001e-07,4.695462830366183,1.2509450752931548,26.64157124624918,7825771.383943637,False,109.1968100085155,29.09174593705001,low_energy
full_geometry,photon,x_min,photon_energy_resolved_current_x_min,31988.951096913974,35318.3169791957,33612.43690470534,3329.3658822817233,0.04300000000000015,-7.666666666666667e-07,1.9819887613249937e-07,7.666666666666667e-07,5.9997580610234555,1.551059093167503,25.852027321630352,7825771.383943637,False,139.52925723310312,36.071141701569715,low_energy
full_geometry,photon,x_min,photon_energy_resolved_current_x_min,35318.3169791957,38994.19866765436,37110.772949292594,3675.881688458663,0.04300000000000015,-1.2000000000000008e-06,2.1555973132833883e-07,1.2000000000000008e-06,9.390925660732371,1.6869211769598926,17.96331094402822,7825771.383943637,False,218.39362001703114,39.230725045578765,low_energy
full_geometry,photon,x_min,photon_energy_resolved_current_x_min,38994.19866765436,43052.661049171096,40973.210981354176,4058.462381516736,0.04300000000000015,-1.2333333333333342e-06,2.323758024488156e-07,1.2333333333333342e-06,9.651784706863825,1.8185199051248808,18.841281279633684,7825771.383943637,False,224.46010946194866,42.291160584299405,low_energy
full_geometry,photon,x_min,photon_energy_resolved_current_x_min,43052.661049171096,47533.52259428049,45237.64623324996,4480.861545109394,0.04299999999999926,-1.8000000000000022e-06,2.634984594396907e-07,1.8000000000000022e-06,14.086388491098564,2.0620787035963644,14.63880330220502,7825771.383943637,False,327.59043002555364,47.955318688288365,low_energy
full_geometry,photon,x_min,photon_energy_resolved_current_x_min,47533.52259428049,52480.74602497723,49945.9180208248,4947.223430696737,0.04300000000000015,-2.5666666666666703e-06,3.2924471295797065e-07,2.5666666666666703e-06,20.08614655212203,2.5765938529812233,12.827716089271565,7825771.383943637,False,467.1196872586503,59.92078727863289,low_energy
full_geometry,photon,x_min,photon_energy_resolved_current_x_min,52480.74602497723,57942.86964268809,55144.22023817434,5462.123617710866,0.04300000000000015,-3.700000000000006e-06,4.0609898788333116e-07,3.700000000000006e-06,28.955354120591505,3.1780378384258468,10.975648321171095,7825771.383943637,False,673.3803283858466,73.90785670757758,low_energy
full_geometry,photon,x_min,photon_energy_resolved_current_x_min,57942.86964268809,63973.48354826482,60883.554576139526,6030.613905576727,0.04300000000000015,-4.166666666666674e-06,4.4159014713344356e-07,4.166666666666674e-06,32.607380766431874,3.455783536868363,10.598163531202628,7825771.383943637,False,758.3111806146921,80.3670589969384,low_energy
full_geometry,photon,x_min,photon_energy_resolved_current_x_min,63973.48354826482,70631.75542629622,67220.23091115669,6658.271878031403,0.04300000000000015,-6.3000000000000125e-06,4.951605259794993e-07,6.3000000000000125e-06,49.30235971884501,3.875013074668845,7.859690888563464,7825771.383943637,False,1146.566505089415,90.1165831318333,low_energy
full_geometry,photon,x_min,photon_energy_resolved_current_x_min,70631.75542629622,77983.01105232578,74216.41977388851,7351.255626029553,0.04299999999999926,-9.200000000000019e-06,5.973557489025557e-07,9.200000000000019e-06,71.9970967322816,4.674769525795841,6.492997270679941,7825771.383943637,False,1674.3510867972755,108.71557036734701,low_energy
full_geometry,photon,x_min,photon_energy_resolved_current_x_min,77983.01105232578,86099.37521845999,81940.7623180277,8116.364166134212,0.04300000000000015,-1.413333333333335e-05,8.115296996186024e-07,1.413333333333335e-05,110.60423555973686,6.350845900495634,5.7419554218297275,7825771.383943637,False,2572.1915246450344,147.69409070920028,low_energy
full_geometry,photon,x_min,photon_energy_resolved_current_x_min,86099.37521845999,95060.4793656281,90469.04377381186,8961.10414716811,0.04300000000000015,-2.4733333333333282e-05,9.185240127221685e-07,2.4733333333333282e-05,193.55741222953887,7.1881589342262275,3.713708946316053,7825771.383943637,False,4501.335168128795,167.16648684246982,low_energy
full_geometry,photon,x_min,photon_energy_resolved_current_x_min,95060.4793656281,104954.2428652322,99884.93699365047,9893.763499604102,0.04300000000000015,-4.089999999999997e-05,1.386577638424969e-06,4.089999999999997e-05,320.0740496032945,10.851039604402269,3.390165375122176,7825771.383943637,False,7443.5825489138,252.34975824191235,low_energy
full_geometry,photon,x_min,photon_energy_resolved_current_x_min,104954.2428652322,115877.73561551262,110280.82338495519,10923.49275028042,0.04300000000000015,-6.139999999999996e-05,1.5943461980796685e-06,6.139999999999996e-05,480.502362974139,12.476988853031203,2.5966550457323607,7825771.383943637,False,11174.473557538076,290.1625314658409,intermediate
full_geometry,photon,x_min,photon_energy_resolved_current_x_min,115877.73561551262,127938.13041575227,121758.69928452552,12060.39480023965,0.04299999999999926,-9.006666666666667e-05,1.863809726446179e-06,9.006666666666667e-05,704.8411426471903,14.585748822338326,2.0693668317315086,7825771.383943637,False,16391.654480167497,339.20346098461806,intermediate
full_geometry,photon,x_min,photon_energy_resolved_current_x_min,127938.13041575227,141253.75446227554,134431.17666713052,13315.62404652327,0.04300000000000104,-0.00011973333333333331,2.2167364470454277e-06,0.00011973333333333331,937.0056937041846,17.347672653032998,1.851394582721683,7825771.383943637,False,21790.8300861433,403.4342477449437,intermediate
full_geometry,photon,x_min,photon_energy_resolved_current_x_min,141253.75446227554,155955.25028269523,148422.58800645728,14701.495820419688,0.04299999999999926,-0.00015316666666666669,2.446510646637379e-06,0.00015316666666666669,1198.6473169740339,19.145833008968243,1.5972866028100405,7825771.383943637,False,27875.518999396616,445.25193044112956,intermediate
full_geometry,photon,x_min,photon_energy_resolved_current_x_min,155955.25028269523,172186.8574986006,163870.20612846327,16231.607215905387,0.04300000000000015,-0.00017993333333333342,2.604769372841476e-06,0.00017993333333333342,1408.1171310175923,20.384329619755636,1.4476302553768847,7825771.383943637,False,32746.910023664823,474.0541772036178,intermediate
full_geometry,photon,x_min,photon_energy_resolved_current_x_min,172186.8574986006,190107.82799232996,180925.59102538202,17920.970493729343,0.04300000000000015,-0.0002091333333333333,2.840569813192326e-06,0.0002091333333333333,1636.6296554287458,22.229649958174626,1.358257800378862,7825771.383943637,False,38061.15477741256,516.9686036784778,intermediate
full_geometry,photon,x_min,photon_energy_resolved_current_x_min,190107.82799232996,209893.988362352,199756.07684427054,19786.16037002206,0.04299999999999926,-0.00023160000000000018,2.827701794018829e-06,0.00023160000000000018,1812.4486525213476,22.128947781958637,1.2209420526851584,7825771.383943637,False,42149.96866328788,514.6266926036981,intermediate
full_geometry,photon,x_min,photon_energy_resolved_current_x_min,209893.988362352,231739.46499684796,220546.41363927478,21845.47663449595,0.04300000000000104,-0.0002482666666666666,3.010384603159153e-06,0.0002482666666666666,1942.8781755870732,23.55858168206742,1.2125609303809695,7825771.383943637,False,45183.2133857448,547.8739926062059,intermediate
full_geometry,photon,x_min,photon_energy_resolved_current_x_min,231739.46499684796,255858.58869056427,243500.57999520234,24119.123693716305,0.04299999999999926,-0.0002647,2.8990310917449205e-06,0.0002647,2071.4816853298807,22.68715455894028,1.0952138616338951,7825771.383943637,False,48173.99268209108,527.6082455567597,intermediate
full_geometry,photon,x_min,photon_energy_resolved_current_x_min,255858.58869056427,282487.9974915705,268843.7843064572,26629.40880100621,0.04300000000000015,-0.00027926666666666693,3.1111671174021386e-06,0.00027926666666666693,2185.4770884893283,24.34728259803207,1.1140488603731689,7825771.383943637,False,50825.04856951909,566.2158743728369,intermediate
full_geometry,photon,x_min,photon_energy_resolved_current_x_min,282487.9974915705,311888.95840939356,296824.674346324,29400.960917823075,0.04300000000000015,-0.0002959666666666666,3.26294637197505e-06,0.0002959666666666666,2316.1674706011845,25.535072345145057,1.1024708994171815,7825771.383943637,False,53864.35978142271,593.8388917475575,intermediate
full_geometry,photon,x_min,photon_energy_resolved_current_x_min,311888.95840939356,344349.9307633384,327717.7768051718,32460.972353944846,0.04300000000000015,-0.00030706666666666685,3.209202672184454e-06,0.00030706666666666685,2403.0335329629606,25.114486437256552,1.0451159375329306,7825771.383943637,False,55884.500766580284,584.0578241222433,intermediate
full_geometry,photon,x_min,photon_energy_resolved_current_x_min,344349.9307633384,380189.39632056124,361826.19073242985,35839.46555722284,0.04300000000000015,-0.0003278333333333337,3.336049617907341e-06,0.0003278333333333337,2565.5487187028584,26.107161635235375,1.0176053740439261,7825771.383943637,False,59663.92369076394,607.143293842681,intermediate
full_geometry,photon,x_min,photon_energy_resolved_current_x_min,380189.39632056124,419758.9839910069,399484.56130828516,39569.587670445675,0.04299999999999926,-0.0003381999999999999,3.4194473009428013e-06,0.0003381999999999999,2646.6758820497375,26.75981283662148,1.0110725313254885,7825771.383943637,False,61550.601908134486,622.3212287586498,intermediate
full_geometry,photon,x_min,photon_energy_resolved_current_x_min,419758.9839910069,463446.91973628843,441062.3631214368,43687.93574528152,0.04300000000000104,-0.0003494333333333333,3.3823656842072567e-06,0.0003494333333333333,2734.585380596038,26.469620581502088,0.9679573645542089,7825771.383943637,False,63595.00885106911,615.5725716628244,intermediate
full_geometry,photon,x_min,photon_energy_resolved_current_x_min,463446.91973628843,511681.8355403073,486967.5251658631,48234.91580401885,0.04299999999999926,-0.0007308999999999999,4.662592185285894e-06,0.0007308999999999999,5719.856304524404,36.48838049860958,0.6379247756582153,7825771.383943637,False,133019.91405870934,848.5669883397723,intermediate
full_geometry,photon,x_min,photon_energy_resolved_current_x_min,511681.8355403073,564936.9748123023,537650.4331222539,53255.139271994994,0.04300000000000015,-0.0002976333333333335,3.0906405022637164e-06,0.0002976333333333335,2329.210422907759,24.18664600067258,1.0384053653030736,7825771.383943637,False,54167.68425366862,562.4801395505232,intermediate
full_geometry,photon,x_min,photon_energy_resolved_current_x_min,564936.9748123023,623734.8354824191,593608.3481913701,58797.86067011685,0.04300000000000015,-0.0003075333333333335,3.313387369486886e-06,0.0003075333333333335,2406.685559608801,25.929812060050754,1.0774075556536584,7825771.383943637,False,55969.43161880914,603.0188851174573,intermediate
full_geometry,photon,x_min,photon_energy_resolved_current_x_min,623734.8354824191,688652.2963442748,655390.2858334767,64917.46086185565,0.04299999999999926,-0.0003219000000000001,3.1086189386423517e-06,0.0003219000000000001,2519.1158084914578,24.327341133612556,0.96570951806224,7825771.383943637,False,58584.088569569794,565.7521193863482,intermediate
full_geometry,photon,x_min,photon_energy_resolved_current_x_min,688652.2963442748,760326.2769401822,723602.4022802506,71673.98059590743,0.04300000000000104,-0.0003335666666666669,3.3333617613057846e-06,0.0003335666666666669,2610.4164746374677,26.08612708395877,0.9993090120832764,7825771.383943637,False,60707.35987528848,606.6541182315847,intermediate
full_geometry,photon,x_min,photon_energy_resolved_current_x_min,760326.2769401822,839459.9865193964,798913.941667404,79133.70957921422,0.04299999999999926,-0.0003400000000000002,3.559965678188142e-06,0.0003400000000000002,2660.762270540838,27.859477532186265,1.0470487288788648,7825771.383943637,False,61878.19233816009,647.8948263299243,intermediate
full_geometry,photon,x_min,photon_energy_resolved_current_x_min,839459.9865193964,926829.8233793485,882063.8021366722,87369.83685995208,0.04300000000000015,-0.0003578333333333333,3.5172637882205603e-06,0.0003578333333333333,2800.3218602211646,27.525302303637652,0.9829335225581444,7825771.383943637,False,65123.76419118965,640.1233093869199,intermediate
full_geometry,photon,x_min,photon_energy_resolved_current_x_min,926829.8233793485,1023292.9922807537,973867.7853286328,96463.16890140518,0.04300000000000015,-0.0003652000000000004,3.3483851912637235e-06,0.0003652000000000004,2857.9717094162197,26.203697012212288,0.9168634149133952,7825771.383943637,False,66464.45835851651,609.3883026095859,intermediate
full_geometry,photon,x_min,photon_energy_resolved_current_x_min,1023292.9922807537,1129795.9146727975,1075226.6003927256,106502.92239204387,0.04300000000000015,-0.00037410000000000004,3.338997973845174e-06,0.00037410000000000004,2927.621074733315,26.130234794763346,0.8925415594346896,7825771.383943637,False,68084.21104030941,607.6798789479827,high_energy
full_geometry,photon,x_min,photon_energy_resolved_current_x_min,1129795.9146727975,1247383.5142429431,1187134.7010435988,117587.5995701456,0.04300000000000015,-0.0003892333333333332,3.930164719595345e-06,0.0003892333333333332,3046.051081676994,30.75657059679412,1.0097194620866694,7825771.383943637,False,70838.39724830193,715.2690836463725,high_energy
full_geometry,photon,x_min,photon_energy_resolved_current_x_min,1247383.5142429431,1377209.4688939445,1310690.0423660758,129825.95465100138,0.04299999999999926,-0.0004020333333333333,3.692258415068213e-06,0.0004020333333333333,3146.220955391473,28.89477024676591,0.9183960903079876,7825771.383943637,False,73167.9291951518,671.9714010875908,high_energy
full_geometry,photon,x_min,photon_energy_resolved_current_x_min,1377209.4688939445,1520547.529732497,1447104.8530949273,143338.06083855242,0.04300000000000104,-0.0004144333333333333,3.634351876708035e-06,0.0004144333333333333,3243.260520552374,28.441606915923593,0.8769448749396048,7825771.383943637,False,75424.66326865804,661.4327189749513,high_energy
full_geometry,photon,x_min,photon_energy_resolved_current_x_min,1520547.529732497,1678804.018122559,1597717.5290586404,158256.488390062,0.04299999999999926,-0.0004166333333333329,3.7776843825211338e-06,0.0004166333333333329,3260.4772175970475,29.563294338304676,0.9067167891482049,7825771.383943637,False,75825.05157202567,687.5184729838414,high_energy
full_geometry,photon,x_min,photon_energy_resolved_current_x_min,1678804.018122559,1853531.6234148105,1764005.764476413,174727.60529225157,0.04300000000000015,-0.0004295666666666667,3.876067359981752e-06,0.0004295666666666667,3361.690527496055,30.333217027983153,0.9023203290094868,7825771.383943637,False,78178.84947665218,705.4236518135592,high_energy
full_geometry,photon,x_min,photon_energy_resolved_current_x_min,1853531.6234148105,2046444.636724674,1947601.04994242,192913.0133098634,0.04300000000000015,-0.0004413333333333335,3.8082037050210954e-06,0.0004413333333333335,3453.77377078046,29.802131578982223,0.8628860358809124,7825771.383943637,False,80320.32025070809,693.0728274181888,high_energy
full_geometry,photon,x_min,photon_energy_resolved_current_x_min,2046444.636724674,2259435.7702209735,2150304.679340254,212991.13349629962,0.04299999999999926,-0.0004547666666666665,3.851021186242293e-06,0.0004547666666666665,3558.899966371433,30.13721139825562,0.8468125455344782,7825771.383943637,False,82765.11549701149,700.8653813547938,high_energy
full_geometry,photon,x_min,photon_energy_resolved_current_x_min,2259435.7702209735,2494594.726942956,2374105.4227349586,235158.95672198245,0.04300000000000104,-0.00046770000000000026,3.91565619451808e-06,0.00046770000000000026,3660.113276270441,30.64303019642123,0.8372153505490865,7825771.383943637,False,85118.9134016361,712.6286092190811,high_energy
full_geometry,photon,x_min,photon_energy_resolved_current_x_min,2494594.726942956,2754228.7033381634,2621199.0386352423,259633.97639520746,0.04299999999999926,-0.00047440000000000036,3.8986491100048805e-06,0.00047440000000000036,3712.545944542864,30.509936641113523,0.821806304807099,7825771.383943637,False,86338.27778006809,709.5334102584662,high_energy
full_geometry,photon,x_min,photon_energy_resolved_current_x_min,2754228.7033381634,3040885.025676277,2894009.8170650373,286656.32233811356,0.04300000000000015,-0.0005039666666666669,3.988528235818736e-06,0.0005039666666666669,3943.927918461463,31.213310131921464,0.7914269930191284,7825771.383943637,False,91719.25391770812,725.8909333004966,high_energy
full_geometry,photon,x_min,photon_energy_resolved_current_x_min,3040885.025676277,3357376.142429545,3195214.3648082186,316491.11675326806,0.04300000000000015,-0.0005114333333333331,4.406698644045226e-06,0.0005114333333333331,4002.3603447949054,34.48581614623235,0.8616369635752905,7825771.383943637,False,93078.14755336956,801.9957243309822,high_energy
full_geometry,photon,x_min,photon_energy_resolved_current_x_min,3357376.142429545,3706807.217825752,3527767.866188735,349431.07539620716,0.04299999999999926,-0.0005300999999999998,4.186692566792043e-06,0.0005300999999999998,4148.44141062852,32.76409888257071,0.7897929761916704,7825771.383943637,False,96475.38164252539,761.9557879667738,high_energy
full_geometry,photon,x_min,photon_energy_resolved_current_x_min,3706807.217825752,4092606.5973001095,3894933.077036541,385799.37947435724,0.04300000000000104,-0.0005564333333333327,4.458758953001413e-06,0.0005564333333333327,4354.5200570723655,34.89322822230095,0.801310540885656,7825771.383943637,False,101267.90830400605,811.4704237744211,high_energy
full_geometry,photon,x_min,photon_energy_resolved_current_x_min,4092606.5973001095,4518559.443749217,4300312.33630544,425952.84644910786,0.04299999999999926,-0.0030634333333333327,9.957078269008626e-06,0.0030634333333333327,23973.728916619064,77.92181818529475,0.32503002956406085,7825771.383943637,False,557528.5794562668,1812.1353066347929,high_energy
full_geometry,photon,x_min,photon_energy_resolved_current_x_min,4518559.443749217,4988844.874600116,4747882.909415968,470285.43085089885,0.04300000000000015,0.0,0.0,0.0,0.0,0.0,,7825771.383943637,False,0.0,0.0,high_energy
full_geometry,photon,x_min,photon_energy_resolved_current_x_min,4988844.874600116,5508076.964054029,5242036.0100846235,519232.0894539133,0.04300000000000015,0.0,0.0,0.0,0.0,0.0,,7825771.383943637,False,0.0,0.0,high_energy
full_geometry,photon,x_min,photon_energy_resolved_current_x_min,5508076.964054029,6081350.012787176,5787619.883491202,573273.0487331469,0.04300000000000015,0.0,0.0,0.0,0.0,0.0,,7825771.383943637,False,0.0,0.0,high_energy
full_geometry,photon,x_min,photon_energy_resolved_current_x_min,6081350.012787176,6714288.529259522,6389987.373482767,632938.5164723461,0.04300000000000015,0.0,0.0,0.0,0.0,0.0,,7825771.383943637,False,0.0,0.0,high_energy
full_geometry,photon,x_min,photon_energy_resolved_current_x_min,6714288.529259522,7413102.413009162,7055048.440506522,698813.8837496396,0.04299999999999926,0.0,0.0,0.0,0.0,0.0,,7825771.383943637,False,0.0,0.0,high_energy
full_geometry,photon,x_min,photon_energy_resolved_current_x_min,7413102.413009162,8184647.881347903,7789328.145536717,771545.468338741,0.04300000000000104,0.0,0.0,0.0,0.0,0.0,,7825771.383943637,False,0.0,0.0,high_energy
full_geometry,photon,x_min,photon_energy_resolved_current_x_min,8184647.881347903,9036494.737223005,8600030.668888556,851846.8558751019,0.04299999999999926,0.0,0.0,0.0,0.0,0.0,,7825771.383943637,False,0.0,0.0,high_energy
full_geometry,photon,x_min,photon_energy_resolved_current_x_min,9036494.737223005,9977000.638225526,9495109.992021974,940505.9010025207,0.04300000000000015,0.0,0.0,0.0,0.0,0.0,,7825771.383943637,False,0.0,0.0,high_energy
full_geometry,photon,x_min,photon_energy_resolved_current_x_min,9977000.638225526,11015393.095414145,10483347.935810009,1038392.4571886193,0.04300000000000015,0.0,0.0,0.0,0.0,0.0,,7825771.383943637,False,0.0,0.0,high_energy
full_geometry,photon,x_min,photon_energy_resolved_current_x_min,11015393.095414145,12161860.006463679,11574440.320922365,1146466.9110495336,0.04300000000000015,0.0,0.0,0.0,0.0,0.0,,7825771.383943637,False,0.0,0.0,high_energy
full_geometry,photon,x_min,photon_energy_resolved_current_x_min,12161860.006463679,13427649.611378642,12779092.095662879,1265789.6049149632,0.04300000000000015,0.0,0.0,0.0,0.0,0.0,,7825771.383943637,False,0.0,0.0,high_energy
full_geometry,photon,x_min,photon_energy_resolved_current_x_min,13427649.611378642,14825180.851459514,14109122.364580953,1397531.2400808726,0.04299999999999926,0.0,0.0,0.0,0.0,0.0,,7825771.383943637,False,0.0,0.0,high_energy
full_geometry,photon,x_min,photon_energy_resolved_current_x_min,14825180.851459514,16368165.214278068,15577580.348316003,1542984.362818554,0.04300000000000015,0.0,0.0,0.0,0.0,0.0,,7825771.383943637,False,0.0,0.0,high_energy
full_geometry,photon,x_min,photon_energy_resolved_current_x_min,16368165.214278068,18071741.260109257,17198873.412382394,1703576.0458311886,0.04300000000000015,0.0,0.0,0.0,0.0,0.0,,7825771.383943637,False,0.0,0.0,high_energy
full_geometry,photon,x_min,photon_energy_resolved_current_x_min,18071741.260109257,19952623.149688788,18988908.42101362,1880881.8895795308,0.04300000000000015,0.0,0.0,0.0,0.0,0.0,,7825771.383943637,False,0.0,0.0,high_energy
full_geometry,photon,x_max,photon_energy_resolved_current_x_max,1000.0,1104.0786199020736,1050.7514548655518,104.07861990207357,0.04300000000000015,0.0,0.0,0.0,0.0,0.0,,7825771.383943637,False,0.0,0.0,low_energy
full_geometry,photon,x_max,photon_energy_resolved_current_x_max,1104.0786199020736,1218.9895989248662,1160.1122161480537,114.91097902279262,0.042999999999999705,0.0,0.0,0.0,0.0,0.0,,7825771.383943637,False,0.0,0.0,low_energy
full_geometry,photon,x_max,photon_energy_resolved_current_x_max,1218.9895989248662,1345.8603540559484,1280.8550945362786,126.8707551310822,0.04300000000000015,0.0,0.0,0.0,0.0,0.0,,7825771.383943637,False,0.0,0.0,low_energy
full_geometry,photon,x_max,photon_energy_resolved_current_x_max,1345.8603540559484,1485.9356422870076,1414.1647250701544,140.07528823105918,0.04300000000000015,0.0,0.0,0.0,0.0,0.0,,7825771.383943637,False,0.0,0.0,low_energy
full_geometry,photon,x_max,photon_energy_resolved_current_x_max,1485.9356422870076,1640.5897731995387,1561.3490379696502,154.65413091253117,0.042999999999999705,0.0,0.0,0.0,0.0,0.0,,7825771.383943637,False,0.0,0.0,low_energy
full_geometry,photon,x_max,photon_energy_resolved_current_x_max,1640.5897731995387,1811.3400926196025,1723.8520910269608,170.75031942006376,0.04300000000000015,0.0,0.0,0.0,0.0,0.0,,7825771.383943637,False,0.0,0.0,low_energy
full_geometry,photon,x_max,photon_energy_resolved_current_x_max,1811.3400926196025,1999.8618696327449,1903.2682375763507,188.52177701314235,0.04300000000000015,0.0,0.0,0.0,0.0,0.0,,7825771.383943637,False,0.0,0.0,low_energy
full_geometry,photon,x_max,photon_energy_resolved_current_x_max,1999.8618696327449,2208.004733018899,2101.3577690467478,208.1428633861542,0.042999999999999705,0.0,0.0,0.0,0.0,0.0,,7825771.383943637,False,0.0,0.0,low_energy
full_geometry,photon,x_max,photon_energy_resolved_current_x_max,2208.004733018899,2437.8108183687523,2320.064185569632,229.80608534985322,0.04300000000000015,0.0,0.0,0.0,0.0,0.0,,7825771.383943637,False,0.0,0.0,low_energy
full_geometry,photon,x_max,photon_energy_resolved_current_x_max,2437.8108183687523,2691.534803926914,2561.5332640879465,253.72398555816153,0.042999999999999705,0.0,0.0,0.0,0.0,0.0,,7825771.383943637,False,0.0,0.0,low_energy
full_geometry,photon,x_max,photon_energy_resolved_current_x_max,2691.534803926914,2971.666031738025,2828.1341110474723,280.13122781111133,0.04300000000000015,0.0,0.0,0.0,0.0,0.0,,7825771.383943637,False,0.0,0.0,low_energy
full_geometry,photon,x_max,photon_energy_resolved_current_x_max,2971.666031738025,3280.9529311311903,3122.4824062232706,309.2868993931652,0.04300000000000015,0.0,0.0,0.0,0.0,0.0,,7825771.383943637,False,0.0,0.0,low_energy
full_geometry,photon,x_max,photon_energy_resolved_current_x_max,3280.9529311311903,3622.4299841669877,3447.4660657314944,341.4770530357973,0.04300000000000015,0.0,0.0,0.0,0.0,0.0,,7825771.383943637,False,0.0,0.0,low_energy
full_geometry,photon,x_max,photon_energy_resolved_current_x_max,3622.4299841669877,3999.4474976109736,3806.2735760120577,377.017513443986,0.042999999999999705,0.0,0.0,0.0,0.0,0.0,,7825771.383943637,False,0.0,0.0,low_energy
full_geometry,photon,x_max,photon_energy_resolved_current_x_max,3999.4474976109736,4415.704473533126,4202.4252767731205,416.2569759221519,0.04300000000000015,0.0,0.0,0.0,0.0,0.0,,7825771.383943637,False,0.0,0.0,low_energy
full_geometry,photon,x_max,photon_energy_resolved_current_x_max,4415.704473533126,4875.2849010338605,4639.807899821254,459.5804275007349,0.042999999999999705,0.0,0.0,0.0,0.0,0.0,,7825771.383943637,False,0.0,0.0,low_energy
full_geometry,photon,x_max,photon_energy_resolved_current_x_max,4875.2849010338605,5382.697825162882,5122.712702645386,507.4129241290211,0.04300000000000015,3.3333333333333334e-08,3.333333333333334e-08,3.3333333333333334e-08,0.26085904613145455,0.2608590461314546,100.00000000000001,7825771.383943637,False,6.066489444917527,6.066489444917528,low_energy
full_geometry,photon,x_max,photon_energy_resolved_current_x_max,5382.697825162882,5942.921586155727,5655.877570891539,560.2237609928452,0.04300000000000015,0.0,0.0,0.0,0.0,0.0,,7825771.383943637,False,0.0,0.0,low_energy
full_geometry,photon,x_max,photon_energy_resolved_current_x_max,5942.921586155727,6561.452663029057,6244.533502805022,618.5310768733298,0.04300000000000015,3.3333333333333334e-08,3.333333333333334e-08,3.3333333333333334e-08,0.26085904613145455,0.2608590461314546,100.00000000000001,7825771.383943637,False,6.066489444917527,6.066489444917528,low_energy
full_geometry,photon,x_max,photon_energy_resolved_current_x_max,6561.452663029057,7244.359600749898,6894.455931709226,682.9069377208416,0.042999999999999705,0.0,0.0,0.0,0.0,0.0,,7825771.383943637,False,0.0,0.0,low_energy
full_geometry,photon,x_max,photon_energy_resolved_current_x_max,7244.359600749898,7998.342550070284,7612.0213900571825,753.9829493203861,0.04300000000000015,3.3333333333333334e-08,3.333333333333334e-08,3.3333333333333334e-08,0.26085904613145455,0.2608590461314546,100.00000000000001,7825771.383943637,False,6.066489444917527,6.066489444917528,low_energy
full_geometry,photon,x_max,photon_energy_resolved_current_x_max,7998.342550070284,8830.799004185623,8404.270070999393,832.4564541153386,0.042999999999999705,3.3333333333333334e-08,3.333333333333334e-08,3.3333333333333334e-08,0.26085904613145455,0.2608590461314546,100.00000000000001,7825771.383943637,False,6.06648944491759,6.066489444917591,low_energy
full_geometry,photon,x_max,photon_energy_resolved_current_x_max,8830.799004185623,9749.896377173867,9278.974901273308,919.0973729882444,0.04300000000000015,0.0,0.0,0.0,0.0,0.0,,7825771.383943637,False,0.0,0.0,low_energy
full_geometry,photon,x_max,photon_energy_resolved_current_x_max,9749.896377173867,10764.65213629835,10244.717803103813,1014.7557591244822,0.04300000000000015,0.0,0.0,0.0,0.0,0.0,,7825771.383943637,False,0.0,0.0,low_energy
full_geometry,photon,x_max,photon_energy_resolved_current_x_max,10764.65213629835,11885.022274370189,11310.973893337059,1120.3701380718394,0.04300000000000015,3.3333333333333334e-08,3.333333333333334e-08,3.3333333333333334e-08,0.26085904613145455,0.2608590461314546,100.00000000000001,7825771.383943637,False,6.066489444917527,6.066489444917528,low_energy
full_geometry,photon,x_max,photon_energy_resolved_current_x_max,11885.022274370189,13121.998990192042,12488.204445903964,1236.9767158218528,0.04300000000000015,0.0,0.0,0.0,0.0,0.0,,7825771.383943637,False,0.0,0.0,low_energy
full_geometry,photon,x_max,photon_energy_resolved_current_x_max,13121.998990192042,14487.718535447602,13787.959529688575,1365.7195452555607,0.04299999999999926,6.666666666666667e-08,4.70615558697011e-08,6.666666666666667e-08,0.5217180922629091,0.3682929772089716,70.59233380455166,7825771.383943637,False,12.132978889835304,8.564952958348323,low_energy
full_geometry,photon,x_max,photon_energy_resolved_current_x_max,14487.718535447602,15995.580286146678,15222.991328804188,1507.8617506990759,0.04300000000000015,3.3333333333333334e-08,3.333333333333334e-08,3.3333333333333334e-08,0.26085904613145455,0.2608590461314546,100.00000000000001,7825771.383943637,False,6.066489444917527,6.066489444917528,low_energy
full_geometry,photon,x_max,photon_energy_resolved_current_x_max,15995.580286146678,17660.37820686164,16807.37925708736,1664.7979207149601,0.04300000000000015,6.666666666666667e-08,4.70615558697011e-08,6.666666666666667e-08,0.5217180922629091,0.3682929772089716,70.59233380455166,7825771.383943637,False,12.132978889835053,8.564952958348147,low_energy
full_geometry,photon,x_max,photon_energy_resolved_current_x_max,17660.37820686164,19498.445997580457,18556.66809433575,1838.0677907188183,0.04300000000000015,1.0000000000000001e-07,5.754160919975787e-08,1.0000000000000001e-07,0.7825771383943637,0.45030747866153303,57.541609199757865,7825771.383943637,False,18.19946833475258,10.472266945617012,low_energy
full_geometry,photon,x_max,photon_energy_resolved_current_x_max,19498.445997580457,21527.817347243737,20488.020499575057,2029.3713496632809,0.04300000000000015,6.666666666666667e-08,4.70615558697011e-08,6.666666666666667e-08,0.5217180922629091,0.3682929772089716,70.59233380455166,7825771.383943637,False,12.132978889835053,8.564952958348147,low_energy
full_geometry,photon,x_max,photon_energy_resolved_current_x_max,21527.817347243737,23768.402866248736,22620.3853976962,2240.585519004999,0.04299999999999926,2.0000000000000002e-07,8.096409047527365e-08,2.0000000000000002e-07,1.5651542767887274,0.6336064623684201,40.482045237636825,7825771.383943637,False,36.398936669505915,14.735034008568162,low_energy
full_geometry,photon,x_max,photon_energy_resolved_current_x_max,23768.402866248736,26242.18543384439,24974.68389154141,2473.7825675956556,0.04300000000000015,1.0000000000000001e-07,5.754160919975787e-08,1.0000000000000001e-07,0.7825771383943637,0.45030747866153303,57.541609199757865,7825771.383943637,False,18.19946833475258,10.472266945617012,low_energy
full_geometry,photon,x_max,photon_energy_resolved_current_x_max,26242.18543384439,28973.435877013213,27574.014523463586,2731.250443168821,0.04300000000000015,1.0000000000000001e-07,5.754160919975787e-08,1.0000000000000001e-07,0.7825771383943637,0.45030747866153303,57.541609199757865,7825771.383943637,False,18.19946833475258,10.472266945617012,low_energy
full_geometry,photon,x_max,photon_energy_resolved_current_x_max,28973.435877013213,31988.951096913974,30443.879900225405,3015.5152199007607,0.04300000000000015,5.000000000000001e-07,1.260408172990721e-07,5.000000000000001e-07,3.912885691971819,0.9863666212279465,25.208163459814415,7825771.383943637,False,90.99734167376292,22.93875863320798,low_energy
full_geometry,photon,x_max,photon_energy_resolved_current_x_max,31988.951096913974,35318.3169791957,33612.43690470534,3329.3658822817233,0.04300000000000015,1.3333333333333334e-07,6.633137535414969e-08,1.3333333333333334e-07,1.0434361845258182,0.5190941791041288,49.748531515612264,7825771.383943637,False,24.265957779670106,12.071957653584349,low_energy
full_geometry,photon,x_max,photon_energy_resolved_current_x_max,35318.3169791957,38994.19866765436,37110.772949292594,3675.881688458663,0.04300000000000015,2.3333333333333336e-07,8.730235947285765e-08,2.3333333333333336e-07,1.826013322920182,0.6832083065134501,37.41529691693899,7825771.383943637,False,42.46542611442269,15.888565267754599,low_energy
full_geometry,photon,x_max,photon_energy_resolved_current_x_max,38994.19866765436,43052.661049171096,40973.210981354176,4058.462381516736,0.04300000000000015,4.333333333333334e-07,1.1774860635912814e-07,4.333333333333334e-07,3.39116759970891,0.9214736741445088,27.17275531364495,7825771.383943637,False,78.86436278392786,21.42962032894199,low_energy
full_geometry,photon,x_max,photon_energy_resolved_current_x_max,43052.661049171096,47533.52259428049,45237.64623324996,4480.861545109394,0.04299999999999926,3.3333333333333335e-07,1.0381070730216608e-07,3.3333333333333335e-07,2.6085904613145456,0.8123988625522401,31.143212190649823,7825771.383943637,False,60.66489444917652,18.892996803540793,low_energy
full_geometry,photon,x_max,photon_energy_resolved_current_x_max,47533.52259428049,52480.74602497723,49945.9180208248,4947.223430696737,0.04300000000000015,5.666666666666667e-07,1.41801856932502e-07,5.666666666666667e-07,4.434603784234728,1.1097089141724439,25.023857105735647,7825771.383943637,False,103.13032056359796,25.80718405052186,low_energy
full_geometry,photon,x_max,photon_energy_resolved_current_x_max,52480.74602497723,57942.86964268809,55144.22023817434,5462.123617710866,0.04300000000000015,5.000000000000001e-07,1.345954755145414e-07,5.000000000000001e-07,3.912885691971819,1.0533134206899846,26.919095102908276,7825771.383943637,False,90.99734167376292,24.495660946278626,low_energy
full_geometry,photon,x_max,photon_energy_resolved_current_x_max,57942.86964268809,63973.48354826482,60883.554576139526,6030.613905576727,0.04300000000000015,9.333333333333336e-07,1.8705803851563955e-07,9.333333333333336e-07,7.30405329168073,1.4638734449523187,20.041932698104233,7825771.383943637,False,169.8617044576908,34.04356848726311,low_energy
full_geometry,photon,x_max,photon_energy_resolved_current_x_max,63973.48354826482,70631.75542629622,67220.23091115669,6658.271878031403,0.04300000000000015,1.2333333333333342e-06,2.323758024488156e-07,1.2333333333333342e-06,9.651784706863825,1.8185199051248808,18.841281279633684,7825771.383943637,False,224.46010946194866,42.291160584299405,low_energy
full_geometry,photon,x_max,photon_energy_resolved_current_x_max,70631.75542629622,77983.01105232578,74216.41977388851,7351.255626029553,0.04299999999999926,2.533333333333337e-06,3.000309658241344e-07,2.533333333333337e-06,19.825287505990577,2.3479737466434822,11.843327598321077,7825771.383943637,False,461.05319781374226,54.604040619616804,low_energy
full_geometry,photon,x_max,photon_energy_resolved_current_x_max,77983.01105232578,86099.37521845999,81940.7623180277,8116.364166134212,0.04300000000000015,3.400000000000005e-06,3.616511126946329e-07,3.400000000000005e-06,26.607622705408406,2.8301989286970333,10.636797432195067,7825771.383943637,False,618.7819233815887,65.81857973714008,low_energy
full_geometry,photon,x_max,photon_energy_resolved_current_x_max,86099.37521845999,95060.4793656281,90469.04377381186,8961.10414716811,0.04300000000000015,6.300000000000012e-06,5.171851607731688e-07,6.300000000000012e-06,49.302359718845004,4.047372831378953,8.20928826624076,7825771.383943637,False,1146.5665050894147,94.12494956695208,low_energy
full_geometry,photon,x_max,photon_energy_resolved_current_x_max,95060.4793656281,104954.2428652322,99884.93699365047,9893.763499604102,0.04300000000000015,1.0833333333333357e-05,5.733943863165916e-07,1.0833333333333357e-05,84.77918999272292,4.487253380150306,5.292871258306988,7825771.383943637,False,1971.6090695982007,104.35472977093698,low_energy
full_geometry,photon,x_max,photon_energy_resolved_current_x_max,104954.2428652322,115877.73561551262,110280.82338495519,10923.49275028042,0.04300000000000015,1.3900000000000013e-05,7.187332471025123e-07,1.3900000000000013e-05,108.77822223681665,5.624642077863731,5.170742784910155,7825771.383943637,False,2529.7260985306107,130.80562971776072,intermediate
full_geometry,photon,x_max,photon_energy_resolved_current_x_max,115877.73561551262,127938.13041575227,121758.69928452552,12060.39480023965,0.04299999999999926,2.126666666666662e-05,8.213881896867177e-07,2.126666666666662e-05,166.42807143186764,6.427996189959583,3.8623269107526,7825771.383943637,False,3870.4202658574536,149.48828348743473,intermediate
full_geometry,photon,x_max,photon_energy_resolved_current_x_max,127938.13041575227,141253.75446227554,134431.17666713052,13315.62404652327,0.04300000000000104,2.893333333333331e-05,1.0064378426798166e-06,2.893333333333331e-05,226.42565204210237,7.876152468961677,3.478471806497065,7825771.383943637,False,5265.7128381883,183.16633648747643,intermediate
full_geometry,photon,x_max,photon_energy_resolved_current_x_max,141253.75446227554,155955.25028269523,148422.58800645728,14701.495820419688,0.04299999999999926,3.2666666666666616e-05,1.077108865430791e-06,3.2666666666666616e-05,255.64186520882507,8.429207736480281,3.2972720370330384,7825771.383943637,False,5945.15965601929,196.02808689489362,intermediate
full_geometry,photon,x_max,photon_energy_resolved_current_x_max,155955.25028269523,172186.8574986006,163870.20612846327,16231.607215905387,0.04300000000000015,3.8133333333333255e-05,1.1877987410023368e-06,3.8133333333333255e-05,298.4227487743834,9.295441397220367,3.1148568382928477,7825771.383943637,False,6940.063924985637,216.17305574931012,intermediate
full_geometry,photon,x_max,photon_energy_resolved_current_x_max,172186.8574986006,190107.82799232996,180925.59102538202,17920.970493729343,0.04300000000000015,4.4833333333333276e-05,1.1827997446616927e-06,4.4833333333333276e-05,350.85541704680594,9.256320394709315,2.6382150438550798,7825771.383943637,False,8159.4283034140635,215.26326499323912,intermediate
full_geometry,photon,x_max,photon_energy_resolved_current_x_max,190107.82799232996,209893.988362352,199756.07684427054,19786.16037002206,0.04299999999999926,4.7599999999999985e-05,1.3777657903363574e-06,4.7599999999999985e-05,372.506717875717,10.782080095790754,2.8944659460847855,7825771.383943637,False,8662.946927342406,250.74604873932415,intermediate
full_geometry,photon,x_max,photon_energy_resolved_current_x_max,209893.988362352,231739.46499684796,220546.41363927478,21845.47663449595,0.04300000000000104,5.363333333333331e-05,1.3277740850047099e-06,5.363333333333331e-05,419.7222052255102,10.390856438771804,2.4756508732219586,7825771.383943637,False,9760.981516872094,241.647824157478,intermediate
full_geometry,photon,x_max,photon_energy_resolved_current_x_max,231739.46499684796,255858.58869056427,243500.57999520234,24119.123693716305,0.04299999999999926,5.646666666666666e-05,1.3441091866957559e-06,5.646666666666666e-05,441.895224146684,10.518691210139401,2.3803586541247155,7825771.383943637,False,10276.633119690501,244.6207258171996,intermediate
full_geometry,photon,x_max,photon_energy_resolved_current_x_max,255858.58869056427,282487.9974915705,268843.7843064572,26629.40880100621,0.04300000000000015,5.689999999999996e-05,1.3944347100295228e-06,5.689999999999996e-05,445.2863917463926,10.912527250526782,2.4506761160448574,7825771.383943637,False,10355.497482474211,253.77970350062196,intermediate
full_geometry,photon,x_max,photon_energy_resolved_current_x_max,282487.9974915705,311888.95840939356,296824.674346324,29400.960917823075,0.04300000000000015,5.7066666666666586e-05,1.4516306391258472e-06,5.7066666666666586e-05,446.5906869770496,11.360129515726866,2.5437452788420254,7825771.383943637,False,10385.829929698792,264.18905850527506,intermediate
full_geometry,photon,x_max,photon_energy_resolved_current_x_max,311888.95840939356,344349.9307633384,327717.7768051718,32460.972353944846,0.04300000000000015,6.136666666666669e-05,1.3853013495481066e-06,6.136666666666669e-05,480.24150392800806,10.841051659432074,2.2574166478241815,7825771.383943637,False,11168.407068093173,252.11748045190782,intermediate
full_geometry,photon,x_max,photon_energy_resolved_current_x_max,344349.9307633384,380189.39632056124,361826.19073242985,35839.46555722284,0.04300000000000015,6.666666666666667e-05,1.5491453632158198e-06,6.666666666666667e-05,521.7180922629092,12.123257453023335,2.3237180448237296,7825771.383943637,False,12132.978889835054,281.936219837751,intermediate
full_geometry,photon,x_max,photon_energy_resolved_current_x_max,380189.39632056124,419758.9839910069,399484.56130828516,39569.587670445675,0.04299999999999926,6.540000000000002e-05,1.5669809215407373e-06,6.540000000000002e-05,511.805448509914,12.262834454979131,2.395995292875744,7825771.383943637,False,11902.452290928437,285.18219662742655,intermediate
full_geometry,photon,x_max,photon_energy_resolved_current_x_max,419758.9839910069,463446.91973628843,441062.3631214368,43687.93574528152,0.04300000000000104,6.690000000000003e-05,1.5431981154843048e-06,6.690000000000003e-05,523.5441055858295,12.07671565191282,2.3067236404847598,7825771.383943637,False,12175.44431594923,280.8538523700588,intermediate
full_geometry,photon,x_max,photon_energy_resolved_current_x_max,463446.91973628843,511681.8355403073,486967.5251658631,48234.91580401885,0.04299999999999926,0.00013816666666666673,2.2079507356671994e-06,0.00013816666666666673,1081.2607462148796,17.27891768434167,1.5980343080824113,7825771.383943637,False,25145.59874918368,401.83529498469693,intermediate
full_geometry,photon,x_max,photon_energy_resolved_current_x_max,511681.8355403073,564936.9748123023,537650.4331222539,53255.139271994994,0.04300000000000015,5.853333333333332e-05,1.3295151573778717e-06,5.853333333333332e-05,458.06848500683407,10.40448167312707,2.271381248367663,7825771.383943637,False,10652.755465275173,241.9646900727217,intermediate
full_geometry,photon,x_max,photon_energy_resolved_current_x_max,564936.9748123023,623734.8354824191,593608.3481913701,58797.86067011685,0.04300000000000015,5.9333333333333296e-05,1.3777442126789763e-06,5.9333333333333296e-05,464.3291021139888,10.78191123397709,2.3220408078859167,7825771.383943637,False,10798.351211953192,250.74212172039657,intermediate
full_geometry,photon,x_max,photon_energy_resolved_current_x_max,623734.8354824191,688652.2963442748,655390.2858334767,64917.46086185565,0.04299999999999926,5.736666666666659e-05,1.3686230117699856e-06,5.736666666666659e-05,448.93841839223273,10.71053080091631,2.385746098378828,7825771.383943637,False,10440.428334703267,249.0821116492208,intermediate
full_geometry,photon,x_max,photon_energy_resolved_current_x_max,688652.2963442748,760326.2769401822,723602.4022802506,71673.98059590743,0.04300000000000104,6.046666666666664e-05,1.4311967171240427e-06,6.046666666666664e-05,473.1983096824584,11.20021831366341,2.366918495795,7825771.383943637,False,11004.611853080161,260.47019334100327,intermediate
full_geometry,photon,x_max,photon_energy_resolved_current_x_max,760326.2769401822,839459.9865193964,798913.941667404,79133.70957921422,0.04299999999999926,5.8499999999999985e-05,1.3928668414116683e-06,5.8499999999999985e-05,457.80762596070264,10.900257469163394,2.380968959678066,7825771.383943637,False,10646.688975830477,253.49435974799027,intermediate
full_geometry,photon,x_max,photon_energy_resolved_current_x_max,839459.9865193964,926829.8233793485,882063.8021366722,87369.83685995208,0.04300000000000015,5.593333333333331e-05,1.350662196345257e-06,5.593333333333331e-05,437.72147940858054,10.569973565533173,2.414771507172689,7825771.383943637,False,10179.569288571605,245.81333873332875,intermediate
full_geometry,photon,x_max,photon_energy_resolved_current_x_max,926829.8233793485,1023292.9922807537,973867.7853286328,96463.16890140518,0.04300000000000015,5.559999999999997e-05,1.4275205563089092e-06,5.559999999999997e-05,435.11288894726596,11.171449519553564,2.567483014944083,7825771.383943637,False,10118.904394122428,259.80115161752383,intermediate
full_geometry,photon,x_max,photon_energy_resolved_current_x_max,1023292.9922807537,1129795.9146727975,1075226.6003927256,106502.92239204387,0.04300000000000015,5.796666666666664e-05,1.422308589675976e-06,5.796666666666664e-05,453.6338812225993,11.130661860223485,2.453666342166722,7825771.383943637,False,10549.625144711576,258.85260140054527,high_energy
full_geometry,photon,x_max,photon_energy_resolved_current_x_max,1129795.9146727975,1247383.5142429431,1187134.7010435988,117587.5995701456,0.04300000000000015,5.499999999999995e-05,1.3640552040797453e-06,5.499999999999995e-05,430.4174261168996,10.674784182206668,2.4801003710540845,7825771.383943637,False,10009.70758411391,248.25079493503793,high_energy
full_geometry,photon,x_max,photon_energy_resolved_current_x_max,1247383.5142429431,1377209.4688939445,1310690.0423660758,129825.95465100138,0.04299999999999926,5.326666666666662e-05,1.2870968718351875e-06,5.326666666666662e-05,416.85275571806403,10.072525867971182,2.416327043495348,7825771.383943637,False,9694.250132978399,234.2447876272408,high_energy
full_geometry,photon,x_max,photon_energy_resolved_current_x_max,1377209.4688939445,1520547.529732497,1447104.8530949273,143338.06083855242,0.04300000000000104,5.0766666666666615e-05,1.329385180173511e-06,5.0766666666666615e-05,397.2883272582049,10.403464501240618,2.618618214392999,7825771.383943637,False,9239.263424609193,241.9410349125667,high_energy
full_geometry,photon,x_max,photon_energy_resolved_current_x_max,1520547.529732497,1678804.018122559,1597717.5290586404,158256.488390062,0.04299999999999926,5.336666666666665e-05,1.2978829630611999e-06,5.336666666666665e-05,417.63533285645866,10.156935352032313,2.4320105491465336,7825771.383943637,False,9712.44960131316,236.20779888447646,high_energy
full_geometry,photon,x_max,photon_energy_resolved_current_x_max,1678804.018122559,1853531.6234148105,1764005.764476413,174727.60529225157,0.04300000000000015,5.046666666666658e-05,1.3294313025715782e-06,5.046666666666658e-05,394.9405958430215,10.403825444583571,2.6342760288736735,7825771.383943637,False,9184.66501960512,241.94942894380313,high_energy
full_geometry,photon,x_max,photon_energy_resolved_current_x_max,1853531.6234148105,2046444.636724674,1947601.04994242,192913.0133098634,0.04300000000000015,4.989999999999992e-05,1.3200157088352828e-06,4.989999999999992e-05,390.50599205878683,10.330141160559231,2.645322061794158,7825771.383943637,False,9081.534699041522,240.2358409432371,high_energy
full_geometry,photon,x_max,photon_energy_resolved_current_x_max,2046444.636724674,2259435.7702209735,2150304.679340254,212991.13349629962,0.04299999999999926,4.959999999999993e-05,1.3006815810377452e-06,4.959999999999993e-05,388.15826064360385,10.178836696507753,2.622341897253522,7825771.383943637,False,9026.936294037454,236.71713247692855,high_energy
full_geometry,photon,x_max,photon_energy_resolved_current_x_max,2259435.7702209735,2494594.726942956,2374105.4227349586,235158.95672198245,0.04300000000000104,4.726666666666661e-05,1.3270140103159716e-06,4.726666666666661e-05,369.89812741440215,10.384908268023016,2.807504958355373,7825771.383943637,False,8602.282032892866,241.5094946051806,high_energy
full_geometry,photon,x_max,photon_energy_resolved_current_x_max,2494594.726942956,2754228.7033381634,2621199.0386352423,259633.97639520746,0.04299999999999926,4.8533333333333325e-05,1.1457578519782184e-06,4.8533333333333325e-05,379.8107711673978,8.96643901093987,2.360764804900176,7825771.383943637,False,8832.8086318001,208.5218374637215,high_energy
full_geometry,photon,x_max,photon_energy_resolved_current_x_max,2754228.7033381634,3040885.025676277,2894009.8170650373,286656.32233811356,0.04300000000000015,4.446666666666664e-05,1.1777132702863397e-06,4.446666666666664e-05,347.98596753936016,9.216514809097516,2.6485305928478424,7825771.383943637,False,8092.696919519975,214.33755369994148,high_energy
full_geometry,photon,x_max,photon_energy_resolved_current_x_max,3040885.025676277,3357376.142429545,3195214.3648082186,316491.11675326806,0.04300000000000015,4.166666666666659e-05,1.0868970626621016e-06,4.166666666666659e-05,326.0738076643176,8.505807930273468,2.6085529503890483,7825771.383943637,False,7583.111806146894,197.8094867505451,high_energy
full_geometry,photon,x_max,photon_energy_resolved_current_x_max,3357376.142429545,3706807.217825752,3527767.866188735,349431.07539620716,0.04299999999999926,3.9033333333333284e-05,1.0747931105090063e-06,3.9033333333333284e-05,305.4659430199329,8.411085167881152,2.7535263292288836,7825771.383943637,False,7103.859139998563,195.60663181119295,high_energy
full_geometry,photon,x_max,photon_energy_resolved_current_x_max,3706807.217825752,4092606.5973001095,3894933.077036541,385799.37947435724,0.04300000000000104,3.859999999999992e-05,1.1134727781350248e-06,3.859999999999992e-05,302.0747754202238,8.7137834039293,2.884644502940485,7825771.383943637,False,7024.994777214337,202.64612567276953,high_energy
full_geometry,photon,x_max,photon_energy_resolved_current_x_max,4092606.5973001095,4518559.443749217,4300312.33630544,425952.84644910786,0.04299999999999926,0.0001397333333333334,2.2551283477297335e-06,0.0001397333333333334,1093.521121383058,17.648118890783444,1.6138800198447514,7825771.383943637,False,25430.723753094808,410.42136955311037,high_energy
full_geometry,photon,x_max,photon_energy_resolved_current_x_max,4518559.443749217,4988844.874600116,4747882.909415968,470285.43085089885,0.04300000000000015,0.0,0.0,0.0,0.0,0.0,,7825771.383943637,False,0.0,0.0,high_energy
full_geometry,photon,x_max,photon_energy_resolved_current_x_max,4988844.874600116,5508076.964054029,5242036.0100846235,519232.0894539133,0.04300000000000015,0.0,0.0,0.0,0.0,0.0,,7825771.383943637,False,0.0,0.0,high_energy
full_geometry,photon,x_max,photon_energy_resolved_current_x_max,5508076.964054029,6081350.012787176,5787619.883491202,573273.0487331469,0.04300000000000015,0.0,0.0,0.0,0.0,0.0,,7825771.383943637,False,0.0,0.0,high_energy
full_geometry,photon,x_max,photon_energy_resolved_current_x_max,6081350.012787176,6714288.529259522,6389987.373482767,632938.5164723461,0.04300000000000015,0.0,0.0,0.0,0.0,0.0,,7825771.383943637,False,0.0,0.0,high_energy
full_geometry,photon,x_max,photon_energy_resolved_current_x_max,6714288.529259522,7413102.413009162,7055048.440506522,698813.8837496396,0.04299999999999926,0.0,0.0,0.0,0.0,0.0,,7825771.383943637,False,0.0,0.0,high_energy
full_geometry,photon,x_max,photon_energy_resolved_current_x_max,7413102.413009162,8184647.881347903,7789328.145536717,771545.468338741,0.04300000000000104,0.0,0.0,0.0,0.0,0.0,,7825771.383943637,False,0.0,0.0,high_energy
full_geometry,photon,x_max,photon_energy_resolved_current_x_max,8184647.881347903,9036494.737223005,8600030.668888556,851846.8558751019,0.04299999999999926,0.0,0.0,0.0,0.0,0.0,,7825771.383943637,False,0.0,0.0,high_energy
full_geometry,photon,x_max,photon_energy_resolved_current_x_max,9036494.737223005,9977000.638225526,9495109.992021974,940505.9010025207,0.04300000000000015,0.0,0.0,0.0,0.0,0.0,,7825771.383943637,False,0.0,0.0,high_energy
full_geometry,photon,x_max,photon_energy_resolved_current_x_max,9977000.638225526,11015393.095414145,10483347.935810009,1038392.4571886193,0.04300000000000015,0.0,0.0,0.0,0.0,0.0,,7825771.383943637,False,0.0,0.0,high_energy
full_geometry,photon,x_max,photon_energy_resolved_current_x_max,11015393.095414145,12161860.006463679,11574440.320922365,1146466.9110495336,0.04300000000000015,0.0,0.0,0.0,0.0,0.0,,7825771.383943637,False,0.0,0.0,high_energy
full_geometry,photon,x_max,photon_energy_resolved_current_x_max,12161860.006463679,13427649.611378642,12779092.095662879,1265789.6049149632,0.04300000000000015,0.0,0.0,0.0,0.0,0.0,,7825771.383943637,False,0.0,0.0,high_energy
full_geometry,photon,x_max,photon_energy_resolved_current_x_max,13427649.611378642,14825180.851459514,14109122.364580953,1397531.2400808726,0.04299999999999926,0.0,0.0,0.0,0.0,0.0,,7825771.383943637,False,0.0,0.0,high_energy
full_geometry,photon,x_max,photon_energy_resolved_current_x_max,14825180.851459514,16368165.214278068,15577580.348316003,1542984.362818554,0.04300000000000015,0.0,0.0,0.0,0.0,0.0,,7825771.383943637,False,0.0,0.0,high_energy
full_geometry,photon,x_max,photon_energy_resolved_current_x_max,16368165.214278068,18071741.260109257,17198873.412382394,1703576.0458311886,0.04300000000000015,0.0,0.0,0.0,0.0,0.0,,7825771.383943637,False,0.0,0.0,high_energy
full_geometry,photon,x_max,photon_energy_resolved_current_x_max,18071741.260109257,19952623.149688788,18988908.42101362,1880881.8895795308,0.04300000000000015,0.0,0.0,0.0,0.0,0.0,,7825771.383943637,False,0.0,0.0,high_energy
full_geometry,photon,y_min,photon_energy_resolved_current_y_min,1000.0,1104.0786199020736,1050.7514548655518,104.07861990207357,0.04300000000000015,0.0,0.0,0.0,0.0,0.0,,7825771.383943637,False,0.0,0.0,low_energy
full_geometry,photon,y_min,photon_energy_resolved_current_y_min,1104.0786199020736,1218.9895989248662,1160.1122161480537,114.91097902279262,0.042999999999999705,0.0,0.0,0.0,0.0,0.0,,7825771.383943637,False,0.0,0.0,low_energy
full_geometry,photon,y_min,photon_energy_resolved_current_y_min,1218.9895989248662,1345.8603540559484,1280.8550945362786,126.8707551310822,0.04300000000000015,0.0,0.0,0.0,0.0,0.0,,7825771.383943637,False,0.0,0.0,low_energy
full_geometry,photon,y_min,photon_energy_resolved_current_y_min,1345.8603540559484,1485.9356422870076,1414.1647250701544,140.07528823105918,0.04300000000000015,0.0,0.0,0.0,0.0,0.0,,7825771.383943637,False,0.0,0.0,low_energy
full_geometry,photon,y_min,photon_energy_resolved_current_y_min,1485.9356422870076,1640.5897731995387,1561.3490379696502,154.65413091253117,0.042999999999999705,0.0,0.0,0.0,0.0,0.0,,7825771.383943637,False,0.0,0.0,low_energy
full_geometry,photon,y_min,photon_energy_resolved_current_y_min,1640.5897731995387,1811.3400926196025,1723.8520910269608,170.75031942006376,0.04300000000000015,0.0,0.0,0.0,0.0,0.0,,7825771.383943637,False,0.0,0.0,low_energy
full_geometry,photon,y_min,photon_energy_resolved_current_y_min,1811.3400926196025,1999.8618696327449,1903.2682375763507,188.52177701314235,0.04300000000000015,0.0,0.0,0.0,0.0,0.0,,7825771.383943637,False,0.0,0.0,low_energy
full_geometry,photon,y_min,photon_energy_resolved_current_y_min,1999.8618696327449,2208.004733018899,2101.3577690467478,208.1428633861542,0.042999999999999705,0.0,0.0,0.0,0.0,0.0,,7825771.383943637,False,0.0,0.0,low_energy
full_geometry,photon,y_min,photon_energy_resolved_current_y_min,2208.004733018899,2437.8108183687523,2320.064185569632,229.80608534985322,0.04300000000000015,0.0,0.0,0.0,0.0,0.0,,7825771.383943637,False,0.0,0.0,low_energy
full_geometry,photon,y_min,photon_energy_resolved_current_y_min,2437.8108183687523,2691.534803926914,2561.5332640879465,253.72398555816153,0.042999999999999705,0.0,0.0,0.0,0.0,0.0,,7825771.383943637,False,0.0,0.0,low_energy
full_geometry,photon,y_min,photon_energy_resolved_current_y_min,2691.534803926914,2971.666031738025,2828.1341110474723,280.13122781111133,0.04300000000000015,0.0,0.0,0.0,0.0,0.0,,7825771.383943637,False,0.0,0.0,low_energy
full_geometry,photon,y_min,photon_energy_resolved_current_y_min,2971.666031738025,3280.9529311311903,3122.4824062232706,309.2868993931652,0.04300000000000015,0.0,0.0,0.0,0.0,0.0,,7825771.383943637,False,0.0,0.0,low_energy
full_geometry,photon,y_min,photon_energy_resolved_current_y_min,3280.9529311311903,3622.4299841669877,3447.4660657314944,341.4770530357973,0.04300000000000015,-3.3333333333333334e-08,3.333333333333334e-08,3.3333333333333334e-08,0.26085904613145455,0.2608590461314546,100.00000000000001,7825771.383943637,False,6.066489444917527,6.066489444917528,low_energy
full_geometry,photon,y_min,photon_energy_resolved_current_y_min,3622.4299841669877,3999.4474976109736,3806.2735760120577,377.017513443986,0.042999999999999705,0.0,0.0,0.0,0.0,0.0,,7825771.383943637,False,0.0,0.0,low_energy
full_geometry,photon,y_min,photon_energy_resolved_current_y_min,3999.4474976109736,4415.704473533126,4202.4252767731205,416.2569759221519,0.04300000000000015,0.0,0.0,0.0,0.0,0.0,,7825771.383943637,False,0.0,0.0,low_energy
full_geometry,photon,y_min,photon_energy_resolved_current_y_min,4415.704473533126,4875.2849010338605,4639.807899821254,459.5804275007349,0.042999999999999705,0.0,0.0,0.0,0.0,0.0,,7825771.383943637,False,0.0,0.0,low_energy
full_geometry,photon,y_min,photon_energy_resolved_current_y_min,4875.2849010338605,5382.697825162882,5122.712702645386,507.4129241290211,0.04300000000000015,-3.3333333333333334e-08,3.333333333333334e-08,3.3333333333333334e-08,0.26085904613145455,0.2608590461314546,100.00000000000001,7825771.383943637,False,6.066489444917527,6.066489444917528,low_energy
full_geometry,photon,y_min,photon_energy_resolved_current_y_min,5382.697825162882,5942.921586155727,5655.877570891539,560.2237609928452,0.04300000000000015,-3.3333333333333334e-08,3.333333333333334e-08,3.3333333333333334e-08,0.26085904613145455,0.2608590461314546,100.00000000000001,7825771.383943637,False,6.066489444917527,6.066489444917528,low_energy
full_geometry,photon,y_min,photon_energy_resolved_current_y_min,5942.921586155727,6561.452663029057,6244.533502805022,618.5310768733298,0.04300000000000015,-3.3333333333333334e-08,3.333333333333334e-08,3.3333333333333334e-08,0.26085904613145455,0.2608590461314546,100.00000000000001,7825771.383943637,False,6.066489444917527,6.066489444917528,low_energy
full_geometry,photon,y_min,photon_energy_resolved_current_y_min,6561.452663029057,7244.359600749898,6894.455931709226,682.9069377208416,0.042999999999999705,-3.3333333333333334e-08,3.333333333333334e-08,3.3333333333333334e-08,0.26085904613145455,0.2608590461314546,100.00000000000001,7825771.383943637,False,6.06648944491759,6.066489444917591,low_energy
full_geometry,photon,y_min,photon_energy_resolved_current_y_min,7244.359600749898,7998.342550070284,7612.0213900571825,753.9829493203861,0.04300000000000015,-6.666666666666667e-08,4.70615558697011e-08,6.666666666666667e-08,0.5217180922629091,0.3682929772089716,70.59233380455166,7825771.383943637,False,12.132978889835053,8.564952958348147,low_energy
full_geometry,photon,y_min,photon_energy_resolved_current_y_min,7998.342550070284,8830.799004185623,8404.270070999393,832.4564541153386,0.042999999999999705,-6.666666666666667e-08,4.70615558697011e-08,6.666666666666667e-08,0.5217180922629091,0.3682929772089716,70.59233380455166,7825771.383943637,False,12.13297888983518,8.564952958348234,low_energy
full_geometry,photon,y_min,photon_energy_resolved_current_y_min,8830.799004185623,9749.896377173867,9278.974901273308,919.0973729882444,0.04300000000000015,-1.0000000000000001e-07,5.754160919975787e-08,1.0000000000000001e-07,0.7825771383943637,0.45030747866153303,57.541609199757865,7825771.383943637,False,18.19946833475258,10.472266945617012,low_energy
full_geometry,photon,y_min,photon_energy_resolved_current_y_min,9749.896377173867,10764.65213629835,10244.717803103813,1014.7557591244822,0.04300000000000015,-1.0000000000000001e-07,5.754160919975787e-08,1.0000000000000001e-07,0.7825771383943637,0.45030747866153303,57.541609199757865,7825771.383943637,False,18.19946833475258,10.472266945617012,low_energy
full_geometry,photon,y_min,photon_energy_resolved_current_y_min,10764.65213629835,11885.022274370189,11310.973893337059,1120.3701380718394,0.04300000000000015,-2.6666666666666667e-07,9.317074546885732e-08,2.6666666666666667e-07,2.0868723690516364,0.7291329537108799,34.9390295508215,7825771.383943637,False,48.53191555934021,16.956580318857615,low_energy
full_geometry,photon,y_min,photon_energy_resolved_current_y_min,11885.022274370189,13121.998990192042,12488.204445903964,1236.9767158218528,0.04300000000000015,-2.0000000000000002e-07,8.096409047527365e-08,2.0000000000000002e-07,1.5651542767887274,0.6336064623684201,40.482045237636825,7825771.383943637,False,36.39893666950516,14.735034008567858,low_energy
full_geometry,photon,y_min,photon_energy_resolved_current_y_min,13121.998990192042,14487.718535447602,13787.959529688575,1365.7195452555607,0.04299999999999926,-2.6666666666666667e-07,9.317074546885732e-08,2.6666666666666667e-07,2.0868723690516364,0.7291329537108799,34.9390295508215,7825771.383943637,False,48.531915559341215,16.956580318857963,low_energy
full_geometry,photon,y_min,photon_energy_resolved_current_y_min,14487.718535447602,15995.580286146678,15222.991328804188,1507.8617506990759,0.04300000000000015,-3.3333333333333335e-07,1.0381070730216608e-07,3.3333333333333335e-07,2.6085904613145456,0.8123988625522401,31.143212190649823,7825771.383943637,False,60.66489444917527,18.892996803540402,low_energy
full_geometry,photon,y_min,photon_energy_resolved_current_y_min,15995.580286146678,17660.37820686164,16807.37925708736,1664.7979207149601,0.04300000000000015,-3.0000000000000004e-07,9.865313716031493e-08,3.0000000000000004e-07,2.3477314151830915,0.7720368977254592,32.88437905343831,7825771.383943637,False,54.59840500425775,17.95434645873155,low_energy
full_geometry,photon,y_min,photon_energy_resolved_current_y_min,17660.37820686164,19498.445997580457,18556.66809433575,1838.0677907188183,0.04300000000000015,-5.000000000000001e-07,1.260408172990721e-07,5.000000000000001e-07,3.912885691971819,0.9863666212279465,25.208163459814415,7825771.383943637,False,90.99734167376292,22.93875863320798,low_energy
full_geometry,photon,y_min,photon_energy_resolved_current_y_min,19498.445997580457,21527.817347243737,20488.020499575057,2029.3713496632809,0.04300000000000015,-4.333333333333334e-07,1.1774860635912814e-07,4.333333333333334e-07,3.39116759970891,0.9214736741445088,27.17275531364495,7825771.383943637,False,78.86436278392786,21.42962032894199,low_energy
full_geometry,photon,y_min,photon_energy_resolved_current_y_min,21527.817347243737,23768.402866248736,22620.3853976962,2240.585519004999,0.04299999999999926,-1.0000000000000004e-06,1.734944795898721e-07,1.0000000000000004e-06,7.82577138394364,1.3577281336466145,17.349447958987206,7825771.383943637,False,181.99468334752964,31.575072875503206,low_energy
full_geometry,photon,y_min,photon_energy_resolved_current_y_min,23768.402866248736,26242.18543384439,24974.68389154141,2473.7825675956556,0.04300000000000015,-7.333333333333333e-07,1.648845637433426e-07,7.333333333333333e-07,5.7388990148920005,1.290348900596681,22.48425869227399,7825771.383943637,False,133.4627677881856,30.008113967364572,low_energy
full_geometry,photon,y_min,photon_energy_resolved_current_y_min,26242.18543384439,28973.435877013213,27574.014523463586,2731.250443168821,0.04300000000000015,-9.66666666666667e-07,1.8347769729096737e-07,9.66666666666667e-07,7.564912337812185,1.4358545130515254,18.98045144389317,7825771.383943637,False,175.92819390260834,33.3919654198028,low_energy
full_geometry,photon,y_min,photon_energy_resolved_current_y_min,28973.435877013213,31988.951096913974,30443.879900225405,3015.5152199007607,0.04300000000000015,-1.033333333333334e-06,1.7603545131283902e-07,1.033333333333334e-06,8.086630430075097,1.377613197443619,17.035688836726347,7825771.383943637,False,188.06117279244347,32.03751621961894,low_energy
full_geometry,photon,y_min,photon_energy_resolved_current_y_min,31988.951096913974,35318.3169791957,33612.43690470534,3329.3658822817233,0.04300000000000015,-1.133333333333334e-06,1.893092138451642e-07,1.133333333333334e-06,8.869207568469461,1.4814906284263525,16.703754162808597,7825771.383943637,False,206.26064112719607,34.45327042851971,low_energy
full_geometry,photon,y_min,photon_energy_resolved_current_y_min,35318.3169791957,38994.19866765436,37110.772949292594,3675.881688458663,0.04300000000000015,-1.4000000000000012e-06,2.3161494975461493e-07,1.4000000000000012e-06,10.956079937521102,1.812565645883209,16.54392498247248,7825771.383943637,False,254.79255668653636,42.15268943914425,low_energy
full_geometry,photon,y_min,photon_energy_resolved_current_y_min,38994.19866765436,43052.661049171096,40973.210981354176,4058.462381516736,0.04300000000000015,-1.5000000000000017e-06,2.221060640300705e-07,1.5000000000000017e-06,11.73865707591547,1.7381512800868788,14.807070935338015,7825771.383943637,False,272.992025021289,40.42212279271797,low_energy
full_geometry,photon,y_min,photon_energy_resolved_current_y_min,43052.661049171096,47533.52259428049,45237.64623324996,4480.861545109394,0.04299999999999926,-1.6333333333333348e-06,2.430681501222749e-07,1.6333333333333348e-06,12.782093260441284,1.902195773575015,14.881723476873962,7825771.383943637,False,297.2579828009652,44.2371110133732,low_energy
full_geometry,photon,y_min,photon_energy_resolved_current_y_min,47533.52259428049,52480.74602497723,49945.9180208248,4947.223430696737,0.04300000000000015,-2.100000000000003e-06,2.6241737033622717e-07,2.100000000000003e-06,16.434119906281662,2.0536183474269865,12.496065254106037,7825771.383943637,False,382.18883502980475,47.75856621923208,low_energy
full_geometry,photon,y_min,photon_energy_resolved_current_y_min,52480.74602497723,57942.86964268809,55144.22023817434,5462.123617710866,0.04300000000000015,-2.733333333333338e-06,3.160279305965393e-07,2.733333333333338e-06,21.39044178277931,2.4731623357893233,11.561997460848982,7825771.383943637,False,497.452134483238,57.51540315789104,low_energy
full_geometry,photon,y_min,photon_energy_resolved_current_y_min,57942.86964268809,63973.48354826482,60883.554576139526,6030.613905576727,0.04300000000000015,-3.200000000000005e-06,3.3602038479332643e-07,3.200000000000005e-06,25.042468428619678,2.6296187117373435,10.500637024791436,7825771.383943637,False,582.3829867120835,61.153923528775216,low_energy
full_geometry,photon,y_min,photon_energy_resolved_current_y_min,63973.48354826482,70631.75542629622,67220.23091115669,6658.271878031403,0.04300000000000015,-4.833333333333343e-06,4.2090928098201475e-07,4.833333333333343e-06,37.824561689060985,3.293939806345343,8.708467882386495,7825771.383943637,False,879.6409695130432,76.60325131035654,low_energy
full_geometry,photon,y_min,photon_energy_resolved_current_y_min,70631.75542629622,77983.01105232578,74216.41977388851,7351.255626029553,0.04299999999999926,-6.966666666666681e-06,4.761849816532818e-07,6.966666666666681e-06,54.519540641474116,3.7265148028859785,6.835191124209772,7825771.383943637,False,1267.896293987792,86.6631349508382,low_energy
full_geometry,photon,y_min,photon_energy_resolved_current_y_min,77983.01105232578,86099.37521845999,81940.7623180277,8116.364166134212,0.04300000000000015,-8.766666666666684e-06,5.768061320839622e-07,8.766666666666684e-06,68.60592913257268,4.513952922545885,6.5795376283341565,7825771.383943637,False,1595.4867240133126,104.97564936153184,low_energy
full_geometry,photon,y_min,photon_energy_resolved_current_y_min,86099.37521845999,95060.4793656281,90469.04377381186,8961.10414716811,0.04300000000000015,-1.5533333333333336e-05,7.068281929781112e-07,1.5533333333333336e-05,121.56031549725785,5.531475845972694,4.550396092133763,7825771.383943637,False,2826.984081331568,128.63897316215522,low_energy
full_geometry,photon,y_min,photon_energy_resolved_current_y_min,95060.4793656281,104954.2428652322,99884.93699365047,9893.763499604102,0.04300000000000015,-2.5366666666666625e-05,9.576289156539847e-07,2.5366666666666625e-05,198.5137341060366,7.494184964561929,3.7751468422627585,7825771.383943637,False,4616.59846758223,174.28337126888147,low_energy
full_geometry,photon,y_min,photon_energy_resolved_current_y_min,104954.2428652322,115877.73561551262,110280.82338495519,10923.49275028042,0.04300000000000015,-3.909999999999996e-05,1.160752648611997e-06,3.909999999999996e-05,305.9876611121959,9.083784861344549,2.9686768506700716,7825771.383943637,False,7115.992118888252,211.25081072894227,intermediate
full_geometry,photon,y_min,photon_energy_resolved_current_y_min,115877.73561551262,127938.13041575227,121758.69928452552,12060.39480023965,0.04299999999999926,-5.669999999999997e-05,1.3719315615538191e-06,5.669999999999997e-05,443.721237469604,10.736422755136987,2.419632383692804,7825771.383943637,False,10319.098545804922,249.6842501194691,intermediate
full_geometry,photon,y_min,photon_energy_resolved_current_y_min,127938.13041575227,141253.75446227554,134431.17666713052,13315.62404652327,0.04300000000000104,-7.410000000000003e-05,1.5060524492636615e-06,7.410000000000003e-05,579.8896595502237,11.786022160165789,2.032459445699948,7825771.383943637,False,13485.806036051388,274.0935386085001,intermediate
full_geometry,photon,y_min,photon_energy_resolved_current_y_min,141253.75446227554,155955.25028269523,148422.58800645728,14701.495820419688,0.04299999999999926,-8.866666666666668e-05,1.8580226680148166e-06,8.866666666666668e-05,693.8850627096692,14.54046062606896,2.095514287234755,7825771.383943637,False,16136.861923480958,338.15024711788857,intermediate
full_geometry,photon,y_min,photon_energy_resolved_current_y_min,155955.25028269523,172186.8574986006,163870.20612846327,16231.607215905387,0.04300000000000015,-0.00010933333333333334,1.938481593450316e-06,0.00010933333333333334,855.617671311171,15.170113782324945,1.7730014574240693,7825771.383943637,False,19898.08537932949,352.7933437749975,intermediate
full_geometry,photon,y_min,photon_energy_resolved_current_y_min,172186.8574986006,190107.82799232996,180925.59102538202,17920.970493729343,0.04300000000000015,-0.00012289999999999998,2.069519195126409e-06,0.00012289999999999998,961.7873030866729,16.19558409574232,1.683904959419373,7825771.383943637,False,22367.14658341092,376.6414905986573,intermediate
full_geometry,photon,y_min,photon_energy_resolved_current_y_min,190107.82799232996,209893.988362352,199756.07684427054,19786.16037002206,0.04299999999999926,-0.00013793333333333348,2.3125817148879337e-06,0.00013793333333333348,1079.43473289196,18.097735807401293,1.6765938000637493,7825771.383943637,False,25103.13332306927,420.87757691631634,intermediate
full_geometry,photon,y_min,photon_energy_resolved_current_y_min,209893.988362352,231739.46499684796,220546.41363927478,21845.47663449595,0.04300000000000104,-0.00015053333333333327,2.2115402872692307e-06,0.00015053333333333327,1178.0394523296484,17.307008694550035,1.4691365947315533,7825771.383943637,False,27396.266333246975,402.4885742918516,intermediate
full_geometry,photon,y_min,photon_energy_resolved_current_y_min,231739.46499684796,255858.58869056427,243500.57999520234,24119.123693716305,0.04299999999999926,-0.0001593,2.4324840838704796e-06,0.0001593,1246.6453814622214,19.036064335451954,1.5269831034968484,7825771.383943637,False,28991.75305726146,442.6991705919135,intermediate
full_geometry,photon,y_min,photon_energy_resolved_current_y_min,255858.58869056427,282487.9974915705,268843.7843064572,26629.40880100621,0.04300000000000015,-0.00016053333333333343,2.4502057035267303e-06,0.00016053333333333343,1256.297166169086,19.174749679434974,1.5262909282766168,7825771.383943637,False,29216.21316672283,445.924411149649,intermediate
full_geometry,photon,y_min,photon_energy_resolved_current_y_min,282487.9974915705,311888.95840939356,296824.674346324,29400.960917823075,0.04300000000000015,-0.00017490000000000008,2.4836073487274956e-06,0.00017490000000000008,1368.7274150517428,19.43614331862376,1.420015636779585,7825771.383943637,False,31830.87011748228,452.00333299124867,intermediate
full_geometry,photon,y_min,photon_energy_resolved_current_y_min,311888.95840939356,344349.9307633384,327717.7768051718,32460.972353944846,0.04300000000000015,-0.0001831333333333335,2.494262461094117e-06,0.0001831333333333335,1433.1595994462127,19.51952779207517,1.3619926070772377,7825771.383943637,False,33329.293010376925,453.94250679244425,intermediate
full_geometry,photon,y_min,photon_energy_resolved_current_y_min,344349.9307633384,380189.39632056124,361826.19073242985,35839.46555722284,0.04300000000000015,-0.0001974666666666667,2.550438060317685e-06,0.0001974666666666667,1545.3289892827372,19.959145188954853,1.2915790312209745,7825771.383943637,False,35937.883471691435,464.16616718499495,intermediate
full_geometry,photon,y_min,photon_energy_resolved_current_y_min,380189.39632056124,419758.9839910069,399484.56130828516,39569.587670445675,0.04299999999999926,-0.00019866666666666652,2.4614455575184767e-06,0.00019866666666666652,1554.719914943468,19.262710207163288,1.2389826631804424,7825771.383943637,False,36156.27709170918,447.9700048177586,intermediate
full_geometry,photon,y_min,photon_energy_resolved_current_y_min,419758.9839910069,463446.91973628843,441062.3631214368,43687.93574528152,0.04300000000000104,-0.00021203333333333344,2.4790306001463973e-06,0.00021203333333333344,1659.3243924421834,19.400326730546297,1.1691702248764642,7825771.383943637,False,38588.93935911961,451.17038908246116,intermediate
full_geometry,photon,y_min,photon_energy_resolved_current_y_min,463446.91973628843,511681.8355403073,486967.5251658631,48234.91580401885,0.04299999999999926,-0.0004238999999999996,3.729626185386623e-06,0.0004238999999999996,3317.344489653705,29.1872018744055,0.87983632587559,7825771.383943637,False,77147.54627101772,678.772136614093,intermediate
full_geometry,photon,y_min,photon_energy_resolved_current_y_min,511681.8355403073,564936.9748123023,537650.4331222539,53255.139271994994,0.04300000000000015,-0.00017576666666666675,2.4163223911926878e-06,0.00017576666666666675,1375.5097502511605,18.909586623377997,1.3747330122469297,7825771.383943637,False,31988.598843050135,439.7578284506496,intermediate
full_geometry,photon,y_min,photon_energy_resolved_current_y_min,564936.9748123023,623734.8354824191,593608.3481913701,58797.86067011685,0.04300000000000015,-0.00018466666666666666,2.466422597825944e-06,0.00018466666666666666,1445.1591155682584,19.301659386778198,1.3356079049598972,7825771.383943637,False,33608.3515248431,448.87579969251465,intermediate
full_geometry,photon,y_min,photon_energy_resolved_current_y_min,623734.8354824191,688652.2963442748,655390.2858334767,64917.46086185565,0.04299999999999926,-0.0001948333333333331,2.613513604912427e-06,0.0001948333333333331,1524.7211246383501,20.452759980871047,1.3414098913151908,7825771.383943637,False,35458.63080554364,475.6455809504976,intermediate
full_geometry,photon,y_min,photon_energy_resolved_current_y_min,688652.2963442748,760326.2769401822,723602.4022802506,71673.98059590743,0.04300000000000104,-0.00020213333333333336,2.56516990048563e-06,0.00020213333333333336,1581.8492557411407,20.07443320217399,1.2690484336175607,7825771.383943637,False,36787.191993979126,466.84728377147684,intermediate
full_geometry,photon,y_min,photon_energy_resolved_current_y_min,760326.2769401822,839459.9865193964,798913.941667404,79133.70957921422,0.04299999999999926,-0.00020643333333333333,2.6092274015214213e-06,0.00020643333333333333,1615.500072692098,20.419217133027953,1.2639564354213249,7825771.383943637,False,37569.76913237502,474.86551472158845,intermediate
full_geometry,photon,y_min,photon_energy_resolved_current_y_min,839459.9865193964,926829.8233793485,882063.8021366722,87369.83685995208,0.04300000000000015,-0.00021490000000000005,2.866593424176463e-06,0.00021490000000000005,1681.758270409488,22.433304788321166,1.3339196948238539,7825771.383943637,False,39110.657451383304,521.7047625190951,intermediate
full_geometry,photon,y_min,photon_energy_resolved_current_y_min,926829.8233793485,1023292.9922807537,973867.7853286328,96463.16890140518,0.04300000000000015,-0.00022286666666666667,2.7434622127290067e-06,0.00022286666666666667,1744.1035824349053,21.469708077305352,1.2309881301506163,7825771.383943637,False,40560.54842871859,499.29553668151806,intermediate
full_geometry,photon,y_min,photon_energy_resolved_current_y_min,1023292.9922807537,1129795.9146727975,1075226.6003927256,106502.92239204387,0.04300000000000015,-0.0002358333333333334,2.8012810946224227e-06,0.0002358333333333334,1845.5777513800415,21.922185428678464,1.1878223722780588,7825771.383943637,False,42920.41282279151,509.81826578321835,high_energy
full_geometry,photon,y_min,photon_energy_resolved_current_y_min,1129795.9146727975,1247383.5142429431,1187134.7010435988,117587.5995701456,0.04300000000000015,-0.0002443,2.8358137218236626e-06,0.0002443,1911.8359490974303,22.19242987444232,1.1607915357444383,7825771.383943637,False,44461.30114180055,516.1030203358661,high_energy
full_geometry,photon,y_min,photon_energy_resolved_current_y_min,1247383.5142429431,1377209.4688939445,1310690.0423660758,129825.95465100138,0.04299999999999926,-0.0002466333333333333,3.0777724115772563e-06,0.0002466333333333333,1930.0960823266319,24.08594326481249,1.247914209316363,7825771.383943637,False,44885.9554029457,560.1382154607652,high_energy
full_geometry,photon,y_min,photon_energy_resolved_current_y_min,1377209.4688939445,1520547.529732497,1447104.8530949273,143338.06083855242,0.04300000000000104,-0.0002621,2.8464552854925154e-06,0.0002621,2051.134679731627,22.275708318882444,1.086018804079556,7825771.383943637,False,47700.80650538552,518.0397283460909,high_energy
full_geometry,photon,y_min,photon_energy_resolved_current_y_min,1520547.529732497,1678804.018122559,1597717.5290586404,158256.488390062,0.04299999999999926,-0.00026463333333333355,2.839166400394073e-06,0.00026463333333333355,2070.9599672376194,22.2186671704582,1.0728680187910586,7825771.383943637,False,48161.85970320128,516.7131900106647,high_energy
full_geometry,photon,y_min,photon_energy_resolved_current_y_min,1678804.018122559,1853531.6234148105,1764005.764476413,174727.60529225157,0.04300000000000015,-0.00027183333333333345,2.991797904413863e-06,0.00027183333333333345,2127.305521202013,23.41312642690455,1.100600087460648,7825771.383943637,False,49472.22142330246,544.4913122535924,high_energy
full_geometry,photon,y_min,photon_energy_resolved_current_y_min,1853531.6234148105,2046444.636724674,1947601.04994242,192913.0133098634,0.04300000000000015,-0.0002798333333333335,2.9629666403421267e-06,0.0002798333333333335,2189.911692273562,23.187499545569032,1.0588326290680614,7825771.383943637,False,50928.178890082665,539.2441754783478,high_energy
full_geometry,photon,y_min,photon_energy_resolved_current_y_min,2046444.636724674,2259435.7702209735,2150304.679340254,212991.13349629962,0.04299999999999926,-0.00029400000000000026,3.223381690185699e-06,0.00029400000000000026,2300.7767868794313,25.22544819058312,1.096388329995135,7825771.383943637,False,53506.43690417374,586.638330013571,high_energy
full_geometry,photon,y_min,photon_energy_resolved_current_y_min,2259435.7702209735,2494594.726942956,2374105.4227349586,235158.95672198245,0.04300000000000104,-0.00030149999999999996,3.293222999700052e-06,0.00030149999999999996,2359.470072259006,25.772010311997693,1.0922796018905647,7825771.383943637,False,54871.39702927788,599.3490770231878,high_energy
full_geometry,photon,y_min,photon_energy_resolved_current_y_min,2494594.726942956,2754228.7033381634,2621199.0386352423,259633.97639520746,0.04299999999999926,-0.00030859999999999997,3.037506164804766e-06,0.00030859999999999997,2415.033049085006,23.770828823081523,0.9842858602737417,7825771.383943637,False,56163.559281047616,552.8099726298124,high_energy
full_geometry,photon,y_min,photon_energy_resolved_current_y_min,2754228.7033381634,3040885.025676277,2894009.8170650373,286656.32233811356,0.04300000000000015,-0.0003254333333333336,3.2976523973997786e-06,0.0003254333333333336,2546.7668673813932,25.806673765764316,1.0133111945303008,7825771.383943637,False,59227.13645072987,600.155203854982,high_energy
full_geometry,photon,y_min,photon_energy_resolved_current_y_min,3040885.025676277,3357376.142429545,3195214.3648082186,316491.11675326806,0.04300000000000015,-0.0003384333333333332,3.4743263932785767e-06,0.0003384333333333332,2648.501895372657,27.18928406699959,1.0265910745430644,7825771.383943637,False,61593.06733424763,632.308931790686,high_energy
full_geometry,photon,y_min,photon_energy_resolved_current_y_min,3357376.142429545,3706807.217825752,3527767.866188735,349431.07539620716,0.04299999999999926,-0.0003568333333333333,3.4077943099188383e-06,0.0003568333333333333,2792.4960888372207,26.668619192928798,0.9550100821818325,7825771.383943637,False,64941.769507843455,620.200446347192,high_energy
full_geometry,photon,y_min,photon_energy_resolved_current_y_min,3706807.217825752,4092606.5973001095,3894933.077036541,385799.37947435724,0.04300000000000104,-0.00037979999999999985,3.5991885620877823e-06,0.00037979999999999985,2972.227971621792,28.166426854603813,0.9476536498388056,7825771.383943637,False,69121.58073538885,655.0331826651892,high_energy
full_geometry,photon,y_min,photon_energy_resolved_current_y_min,4092606.5973001095,4518559.443749217,4300312.33630544,425952.84644910786,0.04299999999999926,-0.0022012000000000004,8.379494002172813e-06,0.0022012000000000004,17226.087970336735,65.57600437413133,0.38067844821791796,7825771.383943637,False,400606.6969845821,1525.023357537964,high_energy
full_geometry,photon,y_min,photon_energy_resolved_current_y_min,4518559.443749217,4988844.874600116,4747882.909415968,470285.43085089885,0.04300000000000015,0.0,0.0,0.0,0.0,0.0,,7825771.383943637,False,0.0,0.0,high_energy
full_geometry,photon,y_min,photon_energy_resolved_current_y_min,4988844.874600116,5508076.964054029,5242036.0100846235,519232.0894539133,0.04300000000000015,0.0,0.0,0.0,0.0,0.0,,7825771.383943637,False,0.0,0.0,high_energy
full_geometry,photon,y_min,photon_energy_resolved_current_y_min,5508076.964054029,6081350.012787176,5787619.883491202,573273.0487331469,0.04300000000000015,0.0,0.0,0.0,0.0,0.0,,7825771.383943637,False,0.0,0.0,high_energy
full_geometry,photon,y_min,photon_energy_resolved_current_y_min,6081350.012787176,6714288.529259522,6389987.373482767,632938.5164723461,0.04300000000000015,0.0,0.0,0.0,0.0,0.0,,7825771.383943637,False,0.0,0.0,high_energy
full_geometry,photon,y_min,photon_energy_resolved_current_y_min,6714288.529259522,7413102.413009162,7055048.440506522,698813.8837496396,0.04299999999999926,0.0,0.0,0.0,0.0,0.0,,7825771.383943637,False,0.0,0.0,high_energy
full_geometry,photon,y_min,photon_energy_resolved_current_y_min,7413102.413009162,8184647.881347903,7789328.145536717,771545.468338741,0.04300000000000104,0.0,0.0,0.0,0.0,0.0,,7825771.383943637,False,0.0,0.0,high_energy
full_geometry,photon,y_min,photon_energy_resolved_current_y_min,8184647.881347903,9036494.737223005,8600030.668888556,851846.8558751019,0.04299999999999926,0.0,0.0,0.0,0.0,0.0,,7825771.383943637,False,0.0,0.0,high_energy
full_geometry,photon,y_min,photon_energy_resolved_current_y_min,9036494.737223005,9977000.638225526,9495109.992021974,940505.9010025207,0.04300000000000015,0.0,0.0,0.0,0.0,0.0,,7825771.383943637,False,0.0,0.0,high_energy
full_geometry,photon,y_min,photon_energy_resolved_current_y_min,9977000.638225526,11015393.095414145,10483347.935810009,1038392.4571886193,0.04300000000000015,0.0,0.0,0.0,0.0,0.0,,7825771.383943637,False,0.0,0.0,high_energy
full_geometry,photon,y_min,photon_energy_resolved_current_y_min,11015393.095414145,12161860.006463679,11574440.320922365,1146466.9110495336,0.04300000000000015,0.0,0.0,0.0,0.0,0.0,,7825771.383943637,False,0.0,0.0,high_energy
full_geometry,photon,y_min,photon_energy_resolved_current_y_min,12161860.006463679,13427649.611378642,12779092.095662879,1265789.6049149632,0.04300000000000015,0.0,0.0,0.0,0.0,0.0,,7825771.383943637,False,0.0,0.0,high_energy
full_geometry,photon,y_min,photon_energy_resolved_current_y_min,13427649.611378642,14825180.851459514,14109122.364580953,1397531.2400808726,0.04299999999999926,0.0,0.0,0.0,0.0,0.0,,7825771.383943637,False,0.0,0.0,high_energy
full_geometry,photon,y_min,photon_energy_resolved_current_y_min,14825180.851459514,16368165.214278068,15577580.348316003,1542984.362818554,0.04300000000000015,0.0,0.0,0.0,0.0,0.0,,7825771.383943637,False,0.0,0.0,high_energy
full_geometry,photon,y_min,photon_energy_resolved_current_y_min,16368165.214278068,18071741.260109257,17198873.412382394,1703576.0458311886,0.04300000000000015,0.0,0.0,0.0,0.0,0.0,,7825771.383943637,False,0.0,0.0,high_energy
full_geometry,photon,y_min,photon_energy_resolved_current_y_min,18071741.260109257,19952623.149688788,18988908.42101362,1880881.8895795308,0.04300000000000015,0.0,0.0,0.0,0.0,0.0,,7825771.383943637,False,0.0,0.0,high_energy
full_geometry,photon,y_max,photon_energy_resolved_current_y_max,1000.0,1104.0786199020736,1050.7514548655518,104.07861990207357,0.04300000000000015,0.0,0.0,0.0,0.0,0.0,,7825771.383943637,False,0.0,0.0,low_energy
full_geometry,photon,y_max,photon_energy_resolved_current_y_max,1104.0786199020736,1218.9895989248662,1160.1122161480537,114.91097902279262,0.042999999999999705,0.0,0.0,0.0,0.0,0.0,,7825771.383943637,False,0.0,0.0,low_energy
full_geometry,photon,y_max,photon_energy_resolved_current_y_max,1218.9895989248662,1345.8603540559484,1280.8550945362786,126.8707551310822,0.04300000000000015,0.0,0.0,0.0,0.0,0.0,,7825771.383943637,False,0.0,0.0,low_energy
full_geometry,photon,y_max,photon_energy_resolved_current_y_max,1345.8603540559484,1485.9356422870076,1414.1647250701544,140.07528823105918,0.04300000000000015,0.0,0.0,0.0,0.0,0.0,,7825771.383943637,False,0.0,0.0,low_energy
full_geometry,photon,y_max,photon_energy_resolved_current_y_max,1485.9356422870076,1640.5897731995387,1561.3490379696502,154.65413091253117,0.042999999999999705,0.0,0.0,0.0,0.0,0.0,,7825771.383943637,False,0.0,0.0,low_energy
full_geometry,photon,y_max,photon_energy_resolved_current_y_max,1640.5897731995387,1811.3400926196025,1723.8520910269608,170.75031942006376,0.04300000000000015,0.0,0.0,0.0,0.0,0.0,,7825771.383943637,False,0.0,0.0,low_energy
full_geometry,photon,y_max,photon_energy_resolved_current_y_max,1811.3400926196025,1999.8618696327449,1903.2682375763507,188.52177701314235,0.04300000000000015,0.0,0.0,0.0,0.0,0.0,,7825771.383943637,False,0.0,0.0,low_energy
full_geometry,photon,y_max,photon_energy_resolved_current_y_max,1999.8618696327449,2208.004733018899,2101.3577690467478,208.1428633861542,0.042999999999999705,3.3333333333333334e-08,3.333333333333334e-08,3.3333333333333334e-08,0.26085904613145455,0.2608590461314546,100.00000000000001,7825771.383943637,False,6.06648944491759,6.066489444917591,low_energy
full_geometry,photon,y_max,photon_energy_resolved_current_y_max,2208.004733018899,2437.8108183687523,2320.064185569632,229.80608534985322,0.04300000000000015,0.0,0.0,0.0,0.0,0.0,,7825771.383943637,False,0.0,0.0,low_energy
full_geometry,photon,y_max,photon_energy_resolved_current_y_max,2437.8108183687523,2691.534803926914,2561.5332640879465,253.72398555816153,0.042999999999999705,3.3333333333333334e-08,3.333333333333334e-08,3.3333333333333334e-08,0.26085904613145455,0.2608590461314546,100.00000000000001,7825771.383943637,False,6.06648944491759,6.066489444917591,low_energy
full_geometry,photon,y_max,photon_energy_resolved_current_y_max,2691.534803926914,2971.666031738025,2828.1341110474723,280.13122781111133,0.04300000000000015,0.0,0.0,0.0,0.0,0.0,,7825771.383943637,False,0.0,0.0,low_energy
full_geometry,photon,y_max,photon_energy_resolved_current_y_max,2971.666031738025,3280.9529311311903,3122.4824062232706,309.2868993931652,0.04300000000000015,0.0,0.0,0.0,0.0,0.0,,7825771.383943637,False,0.0,0.0,low_energy
full_geometry,photon,y_max,photon_energy_resolved_current_y_max,3280.9529311311903,3622.4299841669877,3447.4660657314944,341.4770530357973,0.04300000000000015,0.0,0.0,0.0,0.0,0.0,,7825771.383943637,False,0.0,0.0,low_energy
full_geometry,photon,y_max,photon_energy_resolved_current_y_max,3622.4299841669877,3999.4474976109736,3806.2735760120577,377.017513443986,0.042999999999999705,3.3333333333333334e-08,3.333333333333334e-08,3.3333333333333334e-08,0.26085904613145455,0.2608590461314546,100.00000000000001,7825771.383943637,False,6.06648944491759,6.066489444917591,low_energy
full_geometry,photon,y_max,photon_energy_resolved_current_y_max,3999.4474976109736,4415.704473533126,4202.4252767731205,416.2569759221519,0.04300000000000015,0.0,0.0,0.0,0.0,0.0,,7825771.383943637,False,0.0,0.0,low_energy
full_geometry,photon,y_max,photon_energy_resolved_current_y_max,4415.704473533126,4875.2849010338605,4639.807899821254,459.5804275007349,0.042999999999999705,0.0,0.0,0.0,0.0,0.0,,7825771.383943637,False,0.0,0.0,low_energy
full_geometry,photon,y_max,photon_energy_resolved_current_y_max,4875.2849010338605,5382.697825162882,5122.712702645386,507.4129241290211,0.04300000000000015,3.3333333333333334e-08,3.333333333333334e-08,3.3333333333333334e-08,0.26085904613145455,0.2608590461314546,100.00000000000001,7825771.383943637,False,6.066489444917527,6.066489444917528,low_energy
full_geometry,photon,y_max,photon_energy_resolved_current_y_max,5382.697825162882,5942.921586155727,5655.877570891539,560.2237609928452,0.04300000000000015,3.3333333333333334e-08,3.333333333333334e-08,3.3333333333333334e-08,0.26085904613145455,0.2608590461314546,100.00000000000001,7825771.383943637,False,6.066489444917527,6.066489444917528,low_energy
full_geometry,photon,y_max,photon_energy_resolved_current_y_max,5942.921586155727,6561.452663029057,6244.533502805022,618.5310768733298,0.04300000000000015,6.666666666666667e-08,4.70615558697011e-08,6.666666666666667e-08,0.5217180922629091,0.3682929772089716,70.59233380455166,7825771.383943637,False,12.132978889835053,8.564952958348147,low_energy
full_geometry,photon,y_max,photon_energy_resolved_current_y_max,6561.452663029057,7244.359600749898,6894.455931709226,682.9069377208416,0.042999999999999705,6.666666666666667e-08,4.70615558697011e-08,6.666666666666667e-08,0.5217180922629091,0.3682929772089716,70.59233380455166,7825771.383943637,False,12.13297888983518,8.564952958348234,low_energy
full_geometry,photon,y_max,photon_energy_resolved_current_y_max,7244.359600749898,7998.342550070284,7612.0213900571825,753.9829493203861,0.04300000000000015,6.666666666666667e-08,4.70615558697011e-08,6.666666666666667e-08,0.5217180922629091,0.3682929772089716,70.59233380455166,7825771.383943637,False,12.132978889835053,8.564952958348147,low_energy
full_geometry,photon,y_max,photon_energy_resolved_current_y_max,7998.342550070284,8830.799004185623,8404.270070999393,832.4564541153386,0.042999999999999705,6.666666666666667e-08,4.70615558697011e-08,6.666666666666667e-08,0.5217180922629091,0.3682929772089716,70.59233380455166,7825771.383943637,False,12.13297888983518,8.564952958348234,low_energy
full_geometry,photon,y_max,photon_energy_resolved_current_y_max,8830.799004185623,9749.896377173867,9278.974901273308,919.0973729882444,0.04300000000000015,1.3333333333333334e-07,6.633137535414969e-08,1.3333333333333334e-07,1.0434361845258182,0.5190941791041288,49.748531515612264,7825771.383943637,False,24.265957779670106,12.071957653584349,low_energy
full_geometry,photon,y_max,photon_energy_resolved_current_y_max,9749.896377173867,10764.65213629835,10244.717803103813,1014.7557591244822,0.04300000000000015,3.3333333333333334e-08,3.333333333333334e-08,3.3333333333333334e-08,0.26085904613145455,0.2608590461314546,100.00000000000001,7825771.383943637,False,6.066489444917527,6.066489444917528,low_energy
full_geometry,photon,y_max,photon_energy_resolved_current_y_max,10764.65213629835,11885.022274370189,11310.973893337059,1120.3701380718394,0.04300000000000015,0.0,0.0,0.0,0.0,0.0,,7825771.383943637,False,0.0,0.0,low_energy
full_geometry,photon,y_max,photon_energy_resolved_current_y_max,11885.022274370189,13121.998990192042,12488.204445903964,1236.9767158218528,0.04300000000000015,1.3333333333333334e-07,6.633137535414969e-08,1.3333333333333334e-07,1.0434361845258182,0.5190941791041288,49.748531515612264,7825771.383943637,False,24.265957779670106,12.071957653584349,low_energy
full_geometry,photon,y_max,photon_energy_resolved_current_y_max,13121.998990192042,14487.718535447602,13787.959529688575,1365.7195452555607,0.04299999999999926,2.3333333333333336e-07,8.730235947285765e-08,2.3333333333333336e-07,1.826013322920182,0.6832083065134501,37.41529691693899,7825771.383943637,False,42.465426114423565,15.888565267754927,low_energy
full_geometry,photon,y_max,photon_energy_resolved_current_y_max,14487.718535447602,15995.580286146678,15222.991328804188,1507.8617506990759,0.04300000000000015,1.6666666666666668e-07,8.781166292509644e-08,1.6666666666666668e-07,1.3042952306572728,0.6871939988957241,52.68699775505785,7825771.383943637,False,30.332447224587636,15.981255788272598,low_energy
full_geometry,photon,y_max,photon_energy_resolved_current_y_max,15995.580286146678,17660.37820686164,16807.37925708736,1664.7979207149601,0.04300000000000015,6.666666666666667e-08,6.666666666666668e-08,6.666666666666667e-08,0.5217180922629091,0.5217180922629092,100.00000000000001,7825771.383943637,False,12.132978889835053,12.132978889835057,low_energy
full_geometry,photon,y_max,photon_energy_resolved_current_y_max,17660.37820686164,19498.445997580457,18556.66809433575,1838.0677907188183,0.04300000000000015,1.0000000000000001e-07,5.754160919975787e-08,1.0000000000000001e-07,0.7825771383943637,0.45030747866153303,57.541609199757865,7825771.383943637,False,18.19946833475258,10.472266945617012,low_energy
full_geometry,photon,y_max,photon_energy_resolved_current_y_max,19498.445997580457,21527.817347243737,20488.020499575057,2029.3713496632809,0.04300000000000015,3.6666666666666667e-07,1.0868970626620933e-07,3.6666666666666667e-07,2.8694495074460002,0.8505807930273404,29.642647163511633,7825771.383943637,False,66.7313838940928,19.780948675054358,low_energy
full_geometry,photon,y_max,photon_energy_resolved_current_y_max,21527.817347243737,23768.402866248736,22620.3853976962,2240.585519004999,0.04299999999999926,2.6666666666666667e-07,9.317074546885732e-08,2.6666666666666667e-07,2.0868723690516364,0.7291329537108799,34.9390295508215,7825771.383943637,False,48.531915559341215,16.956580318857963,low_energy
full_geometry,photon,y_max,photon_energy_resolved_current_y_max,23768.402866248736,26242.18543384439,24974.68389154141,2473.7825675956556,0.04300000000000015,2.0000000000000002e-07,9.372746849273028e-08,2.0000000000000002e-07,1.5651542767887274,0.7334897408198875,46.863734246365134,7825771.383943637,False,36.39893666950516,17.05790094929965,low_energy
full_geometry,photon,y_max,photon_energy_resolved_current_y_max,26242.18543384439,28973.435877013213,27574.014523463586,2731.250443168821,0.04300000000000015,3.6666666666666667e-07,1.3602358420118623e-07,3.6666666666666667e-07,2.8694495074460002,1.064489472783091,37.09734114577806,7825771.383943637,False,66.7313838940928,24.7555691344904,low_energy
full_geometry,photon,y_max,photon_energy_resolved_current_y_max,28973.435877013213,31988.951096913974,30443.879900225405,3015.5152199007607,0.04300000000000015,2.3333333333333336e-07,1.1962719247825891e-07,2.3333333333333336e-07,1.826013322920182,0.9361750596378761,51.26879677639668,7825771.383943637,False,42.46542611442269,21.77151301483425,low_energy
full_geometry,photon,y_max,photon_energy_resolved_current_y_max,31988.951096913974,35318.3169791957,33612.43690470534,3329.3658822817233,0.04300000000000015,5.333333333333333e-07,1.461000507306062e-07,5.333333333333333e-07,4.173744738103273,1.1433455962002916,27.393759511988666,7825771.383943637,False,97.06383111868043,26.58943246977413,low_energy
full_geometry,photon,y_max,photon_energy_resolved_current_y_max,35318.3169791957,38994.19866765436,37110.772949292594,3675.881688458663,0.04300000000000015,6.000000000000001e-07,1.5271602751943067e-07,6.000000000000001e-07,4.695462830366183,1.1951207180311094,25.45267125323844,7825771.383943637,False,109.1968100085155,27.79350507049082,low_energy
full_geometry,photon,y_max,photon_energy_resolved_current_y_max,38994.19866765436,43052.661049171096,40973.210981354176,4058.462381516736,0.04300000000000015,1.0666666666666673e-06,2.0740652262202676e-07,1.0666666666666673e-06,8.347489476206551,1.6231160295787155,19.444361495814995,7825771.383943637,False,194.12766223736097,37.746884408807205,low_energy
full_geometry,photon,y_max,photon_energy_resolved_current_y_max,43052.661049171096,47533.52259428049,45237.64623324996,4480.861545109394,0.04299999999999926,8.333333333333333e-07,1.8565220437280061e-07,8.333333333333333e-07,6.521476153286364,1.4528717083467189,22.278264524736077,7825771.383943637,False,151.6622361229413,33.78771414759869,low_energy
full_geometry,photon,y_max,photon_energy_resolved_current_y_max,47533.52259428049,52480.74602497723,49945.9180208248,4947.223430696737,0.04300000000000015,1.700000000000002e-06,2.3687391807832035e-07,1.700000000000002e-06,13.303811352704198,1.8537211296999287,13.933759886960006,7825771.383943637,False,309.3909616907942,43.10979371395168,low_energy
full_geometry,photon,y_max,photon_energy_resolved_current_y_max,52480.74602497723,57942.86964268809,55144.22023817434,5462.123617710866,0.04300000000000015,2.100000000000003e-06,2.6663182604060613e-07,2.100000000000003e-06,16.434119906281662,2.0865997142772135,12.696753620981227,7825771.383943637,False,382.18883502980475,48.5255747506327,low_energy
full_geometry,photon,y_max,photon_energy_resolved_current_y_max,57942.86964268809,63973.48354826482,60883.554576139526,6030.613905576727,0.04300000000000015,2.4333333333333377e-06,2.972123674726028e-07,2.4333333333333377e-06,19.042710367596218,2.3259160403212356,12.214206882435708,7825771.383943637,False,442.85372947898026,54.09107070514482,low_energy
full_geometry,photon,y_max,photon_energy_resolved_current_y_max,63973.48354826482,70631.75542629622,67220.23091115669,6658.271878031403,0.04300000000000015,3.4333333333333387e-06,3.9455133299281384e-07,3.4333333333333387e-06,26.86848175153986,3.0876685312319796,11.49178639784893,7825771.383943637,False,624.8484128265062,71.80624491237137,low_energy
full_geometry,photon,y_max,photon_energy_resolved_current_y_max,70631.75542629622,77983.01105232578,74216.41977388851,7351.255626029553,0.04299999999999926,6.700000000000013e-06,5.630087195445251e-07,6.700000000000013e-06,52.43266827242247,4.405977526322293,8.40311521708245,7825771.383943637,False,1219.3643784284504,102.46459363540393,low_energy
full_geometry,photon,y_max,photon_energy_resolved_current_y_max,77983.01105232578,86099.37521845999,81940.7623180277,8116.364166134212,0.04300000000000015,9.833333333333353e-06,6.735293377865274e-07,9.833333333333353e-06,76.95341860877926,5.270886617896314,6.849450892744332,7825771.383943637,False,1789.6143862506742,122.5787585557278,low_energy
full_geometry,photon,y_max,photon_energy_resolved_current_y_max,86099.37521845999,95060.4793656281,90469.04377381186,8961.10414716811,0.04300000000000015,1.753333333333332e-05,8.932714333202583e-07,1.753333333333332e-05,137.211858265145,6.990538020971994,5.094703992320869,7825771.383943637,False,3190.9734480266166,162.5706516505109,low_energy
full_geometry,photon,y_max,photon_energy_resolved_current_y_max,95060.4793656281,104954.2428652322,99884.93699365047,9893.763499604102,0.04300000000000015,2.669999999999994e-05,9.770670282552085e-07,2.669999999999994e-05,208.94809595129465,7.646303189914459,3.6594270721168933,7825771.383943637,False,4859.258045378929,177.8210044166147,low_energy
full_geometry,photon,y_max,photon_energy_resolved_current_y_max,104954.2428652322,115877.73561551262,110280.82338495519,10923.49275028042,0.04300000000000015,4.099999999999994e-05,1.2918577015562684e-06,4.099999999999994e-05,320.8566267416886,10.109783032966245,3.1508724428201718,7825771.383943637,False,7461.782017248546,235.1112333247956,intermediate
full_geometry,photon,y_max,photon_energy_resolved_current_y_max,115877.73561551262,127938.13041575227,121758.69928452552,12060.39480023965,0.04299999999999926,5.9299999999999964e-05,1.5240655890520105e-06,5.9299999999999964e-05,464.0682430678574,11.926988874056427,2.570093742077591,7825771.383943637,False,10792.284722508497,277.3718342803868,intermediate
full_geometry,photon,y_max,photon_energy_resolved_current_y_max,127938.13041575227,141253.75446227554,134431.17666713052,13315.62404652327,0.04300000000000104,7.650000000000006e-05,1.7110858945957266e-06,7.650000000000006e-05,598.6715108716887,13.390567029396836,2.2367135877068303,7825771.383943637,False,13922.593276085448,311.4085355673608,intermediate
full_geometry,photon,y_max,photon_energy_resolved_current_y_max,141253.75446227554,155955.25028269523,148422.58800645728,14701.495820419688,0.04299999999999926,9.48666666666667e-05,1.8914071568737294e-06,9.48666666666667e-05,742.40484529012,14.801720003648626,1.9937531520102552,7825771.383943637,False,17265.228960235643,344.22604659648556,intermediate
full_geometry,photon,y_max,photon_energy_resolved_current_y_max,155955.25028269523,172186.8574986006,163870.20612846327,16231.607215905387,0.04300000000000015,0.00010840000000000002,2.156714128146385e-06,0.00010840000000000002,848.3136180194904,16.87795170739493,1.9895886791018311,7825771.383943637,False,19728.223674871802,392.51050482313656,intermediate
full_geometry,photon,y_max,photon_energy_resolved_current_y_max,172186.8574986006,190107.82799232996,180925.59102538202,17920.970493729343,0.04300000000000015,0.00012926666666666678,2.1997229648888312e-06,0.00012926666666666678,1011.6113808977817,17.21452903123067,1.7016938872270468,7825771.383943637,False,23525.84606739019,400.3378844472235,intermediate
full_geometry,photon,y_max,photon_energy_resolved_current_y_max,190107.82799232996,209893.988362352,199756.07684427054,19786.16037002206,0.04299999999999926,0.00014120000000000002,2.2387287362507716e-06,0.00014120000000000002,1104.9989194128416,17.51977928056359,1.585501937854654,7825771.383943637,False,25697.649288671175,407.43672745497423,intermediate
full_geometry,photon,y_max,photon_energy_resolved_current_y_max,209893.988362352,231739.46499684796,220546.41363927478,21845.47663449595,0.04300000000000104,0.00015110000000000007,2.3423230234197702e-06,0.00015110000000000007,1182.474056113884,18.33048448863078,1.5501806905491524,7825771.383943637,False,27499.396653810592,426.2903369448916,intermediate
full_geometry,photon,y_max,photon_energy_resolved_current_y_max,231739.46499684796,255858.58869056427,243500.57999520234,24119.123693716305,0.04299999999999926,0.00016326666666666674,2.330063005226262e-06,0.00016326666666666674,1277.687607951865,18.234540389085392,1.42715169777027,7825771.383943637,False,29713.66530120667,424.05907881594663,intermediate
full_geometry,photon,y_max,photon_energy_resolved_current_y_max,255858.58869056427,282487.9974915705,268843.7843064572,26629.40880100621,0.04300000000000015,0.0001723,2.443823694027812e-06,0.0001723,1348.3804094534885,19.12480553212628,1.4183538560811446,7825771.383943637,False,31357.683940778694,444.76291935177244,intermediate
full_geometry,photon,y_max,photon_energy_resolved_current_y_max,282487.9974915705,311888.95840939356,296824.674346324,29400.960917823075,0.04300000000000015,0.00018063333333333335,2.6585292508787235e-06,0.00018063333333333335,1413.5951709863525,20.80504213490383,1.4717822019996623,7825771.383943637,False,32874.30630200808,483.8381891838083,intermediate
full_geometry,photon,y_max,photon_energy_resolved_current_y_max,311888.95840939356,344349.9307633384,327717.7768051718,32460.972353944846,0.04300000000000015,0.00018533333333333325,2.4189577038665948e-06,0.00018533333333333325,1450.3762964908867,18.930209977889202,1.305193005683415,7825771.383943637,False,33729.681313741436,440.237441346259,intermediate
full_geometry,photon,y_max,photon_energy_resolved_current_y_max,344349.9307633384,380189.39632056124,361826.19073242985,35839.46555722284,0.04300000000000015,0.0002012999999999998,2.636238748295735e-06,0.0002012999999999998,1575.3277795878525,20.630601757656155,1.3096069291086625,7825771.383943637,False,36635.52975785691,479.7814362245601,intermediate
full_geometry,photon,y_max,photon_energy_resolved_current_y_max,380189.39632056124,419758.9839910069,399484.56130828516,39569.587670445675,0.04299999999999926,0.00020643333333333335,2.73888483736715e-06,0.00020643333333333335,1615.5000726920982,21.433886584184965,1.3267648170678912,7825771.383943637,False,37569.769132375026,498.4624787019845,intermediate
full_geometry,photon,y_max,photon_energy_resolved_current_y_max,419758.9839910069,463446.91973628843,441062.3631214368,43687.93574528152,0.04300000000000104,0.00021023333333333334,2.560926851679042e-06,0.00021023333333333334,1645.238003951084,20.04122807224272,1.2181354931087882,7825771.383943637,False,38261.348929094056,466.0750714474939,intermediate
full_geometry,photon,y_max,photon_energy_resolved_current_y_max,463446.91973628843,511681.8355403073,486967.5251658631,48234.91580401885,0.04299999999999926,0.00042833333333333325,3.831988034014198e-06,0.00042833333333333325,3352.0387427891906,29.98826230020275,0.8946275565791905,7825771.383943637,False,77954.38936719182,697.4014488419364,intermediate
full_geometry,photon,y_max,photon_energy_resolved_current_y_max,511681.8355403073,564936.9748123023,537650.4331222539,53255.139271994994,0.04300000000000015,0.00018190000000000008,2.5927972437851744e-06,0.00018190000000000008,1423.5078147393483,20.29063847478195,1.425397055406912,7825771.383943637,False,33104.83290091496,471.87531336702045,intermediate
full_geometry,photon,y_max,photon_energy_resolved_current_y_max,564936.9748123023,623734.8354824191,593608.3481913701,58797.86067011685,0.04300000000000015,0.0001907,2.4733879021706744e-06,0.0001907,1492.3746029180516,19.35616826619965,1.2970046681545226,7825771.383943637,False,34706.38611437317,450.1434480511531,intermediate
full_geometry,photon,y_max,photon_energy_resolved_current_y_max,623734.8354824191,688652.2963442748,655390.2858334767,64917.46086185565,0.04299999999999926,0.00019540000000000014,2.5138457171940808e-06,0.00019540000000000014,1529.1557284225878,19.672781877266704,1.2865126495363761,7825771.383943637,False,35561.7611261073,457.50655528528006,intermediate
full_geometry,photon,y_max,photon_energy_resolved_current_y_max,688652.2963442748,760326.2769401822,723602.4022802506,71673.98059590743,0.04300000000000104,0.00019743333333333343,2.5852761781154292e-06,0.00019743333333333343,1545.068130236606,20.2317803342869,1.309442602455898,7825771.383943637,False,35931.816982245786,470.5065194020096,intermediate
full_geometry,photon,y_max,photon_energy_resolved_current_y_max,760326.2769401822,839459.9865193964,798913.941667404,79133.70957921422,0.04299999999999926,0.00020293333333333351,2.6282460773925653e-06,0.00020293333333333351,1588.1098728482968,20.568052942420852,1.2951278305153893,7825771.383943637,False,36932.7877406587,478.3268126144466,intermediate
full_geometry,photon,y_max,photon_energy_resolved_current_y_max,839459.9865193964,926829.8233793485,882063.8021366722,87369.83685995208,0.04300000000000015,0.00021153333333333334,2.5817614882119243e-06,0.00021153333333333334,1655.4115067502107,20.204275174616615,1.2204986550009098,7825771.383943637,False,38497.94201744663,469.86686452596615,intermediate
full_geometry,photon,y_max,photon_energy_resolved_current_y_max,926829.8233793485,1023292.9922807537,973867.7853286328,96463.16890140518,0.04300000000000015,0.00021749999999999992,2.611237613261139e-06,0.00021749999999999992,1702.1052760077405,20.434948590536305,1.2005690175913288,7825771.383943637,False,39583.84362808685,475.2313625706101,intermediate
full_geometry,photon,y_max,photon_energy_resolved_current_y_max,1023292.9922807537,1129795.9146727975,1075226.6003927256,106502.92239204387,0.04300000000000015,0.00022193333333333362,2.559609664593345e-06,0.00022193333333333362,1736.7995291432267,20.030920067240167,1.1533236698377929,7825771.383943637,False,40390.686724260944,465.8353504009325,high_energy
full_geometry,photon,y_max,photon_energy_resolved_current_y_max,1129795.9146727975,1247383.5142429431,1187134.7010435988,117587.5995701456,0.04300000000000015,0.00022403333333333335,2.743634909348057e-06,0.00022403333333333335,1753.2336490495063,21.471059561564818,1.2246547728082382,7825771.383943637,False,40772.875559290704,499.3269665480173,high_energy
full_geometry,photon,y_max,photon_energy_resolved_current_y_max,1247383.5142429431,1377209.4688939445,1310690.0423660758,129825.95465100138,0.04299999999999926,0.00023336666666666682,2.717669313166449e-06,0.00023336666666666682,1826.2741819663147,21.267858741999756,1.164549055777652,7825771.383943637,False,42471.492603868515,494.60136609302606,high_energy
full_geometry,photon,y_max,photon_energy_resolved_current_y_max,1377209.4688939445,1520547.529732497,1447104.8530949273,143338.06083855242,0.04300000000000104,0.00023543333333333352,2.6741332203386583e-06,0.00023543333333333352,1842.447442826465,20.927155232579317,1.1358345831822128,7825771.383943637,False,42847.61494945164,486.6780286646235,high_energy
full_geometry,photon,y_max,photon_energy_resolved_current_y_max,1520547.529732497,1678804.018122559,1597717.5290586404,158256.488390062,0.04299999999999926,0.00023883333333333357,2.8759016164963683e-06,0.00023883333333333357,1869.0550655318739,22.506148573414528,1.2041458268651914,7825771.383943637,False,43466.39687283502,523.398804032905,high_energy
full_geometry,photon,y_max,photon_energy_resolved_current_y_max,1678804.018122559,1853531.6234148105,1764005.764476413,174727.60529225157,0.04300000000000015,0.0002465666666666668,2.85503265227555e-06,0.0002465666666666668,1929.5743642343703,22.342832830402703,1.1579150948799035,7825771.383943637,False,44873.82242405497,519.6007634977354,high_energy
full_geometry,photon,y_max,photon_energy_resolved_current_y_max,1853531.6234148105,2046444.636724674,1947601.04994242,192913.0133098634,0.04300000000000015,0.00024953333333333335,2.614031827113574e-06,0.00024953333333333335,1952.790819340069,20.456815469343308,1.0475681914695059,7825771.383943637,False,45413.73998465261,475.73989463588924,high_energy
full_geometry,photon,y_max,photon_energy_resolved_current_y_max,2046444.636724674,2259435.7702209735,2150304.679340254,212991.13349629962,0.04299999999999926,0.00025393333333333345,3.003080296493421e-06,0.00025393333333333345,1987.2242134294218,23.501419847983186,1.1826254777474743,7825771.383943637,False,46214.51659138269,546.5446476275254,high_energy
full_geometry,photon,y_max,photon_energy_resolved_current_y_max,2259435.7702209735,2494594.726942956,2374105.4227349586,235158.95672198245,0.04300000000000104,0.0002595999999999999,3.1149511789543846e-06,0.0002595999999999999,2031.5702512717676,24.376895798642717,1.1999041521395937,7825771.383943637,False,47245.81979701671,566.9045534567937,high_energy
full_geometry,photon,y_max,photon_energy_resolved_current_y_max,2494594.726942956,2754228.7033381634,2621199.0386352423,259633.97639520746,0.04299999999999926,0.00026643333333333354,2.97908664945439e-06,0.00026643333333333354,2085.046355728718,23.313651051588696,1.1181358624250173,7825771.383943637,False,48489.450133226834,542.1779314323046,high_energy
full_geometry,photon,y_max,photon_energy_resolved_current_y_max,2754228.7033381634,3040885.025676277,2894009.8170650373,286656.32233811356,0.04300000000000015,0.0002759333333333336,2.936030481910923e-06,0.0002759333333333336,2159.391183876183,22.976703327724746,1.0640361736811743,7825771.383943637,False,50218.399625027334,534.341937854062,high_energy
full_geometry,photon,y_max,photon_energy_resolved_current_y_max,3040885.025676277,3357376.142429545,3195214.3648082186,316491.11675326806,0.04300000000000015,0.00028253333333333355,3.046050619663934e-06,0.00028253333333333355,2211.0412750102105,23.8376957734098,1.0781207950674607,7825771.383943637,False,51419.564535121,554.3650179862725,high_energy
full_geometry,photon,y_max,photon_energy_resolved_current_y_max,3357376.142429545,3706807.217825752,3527767.866188735,349431.07539620716,0.04299999999999926,0.00028843333333333337,3.264217109930956e-06,0.00028843333333333337,2257.2133261754766,25.545016849876877,1.1317059204660658,7825771.383943637,False,52493.33316687245,594.0701592994725,high_energy
full_geometry,photon,y_max,photon_energy_resolved_current_y_max,3706807.217825752,4092606.5973001095,3894933.077036541,385799.37947435724,0.04300000000000104,0.00029939999999999996,2.996266722070841e-06,0.00029939999999999996,2343.0359523527245,23.44809837224459,1.0007570882000139,7825771.383943637,False,54489.208194248095,545.3046133080006,high_energy
full_geometry,photon,y_max,photon_energy_resolved_current_y_max,4092606.5973001095,4518559.443749217,4300312.33630544,425952.84644910786,0.04299999999999926,0.001583666666666667,7.133358338759169e-06,0.001583666666666667,12393.413281705409,55.82403155887722,0.4504330670654073,7825771.383943637,False,288218.9135280377,1298.2332920669344,high_energy
full_geometry,photon,y_max,photon_energy_resolved_current_y_max,4518559.443749217,4988844.874600116,4747882.909415968,470285.43085089885,0.04300000000000015,0.0,0.0,0.0,0.0,0.0,,7825771.383943637,False,0.0,0.0,high_energy
full_geometry,photon,y_max,photon_energy_resolved_current_y_max,4988844.874600116,5508076.964054029,5242036.0100846235,519232.0894539133,0.04300000000000015,0.0,0.0,0.0,0.0,0.0,,7825771.383943637,False,0.0,0.0,high_energy
full_geometry,photon,y_max,photon_energy_resolved_current_y_max,5508076.964054029,6081350.012787176,5787619.883491202,573273.0487331469,0.04300000000000015,0.0,0.0,0.0,0.0,0.0,,7825771.383943637,False,0.0,0.0,high_energy
full_geometry,photon,y_max,photon_energy_resolved_current_y_max,6081350.012787176,6714288.529259522,6389987.373482767,632938.5164723461,0.04300000000000015,0.0,0.0,0.0,0.0,0.0,,7825771.383943637,False,0.0,0.0,high_energy
full_geometry,photon,y_max,photon_energy_resolved_current_y_max,6714288.529259522,7413102.413009162,7055048.440506522,698813.8837496396,0.04299999999999926,0.0,0.0,0.0,0.0,0.0,,7825771.383943637,False,0.0,0.0,high_energy
full_geometry,photon,y_max,photon_energy_resolved_current_y_max,7413102.413009162,8184647.881347903,7789328.145536717,771545.468338741,0.04300000000000104,0.0,0.0,0.0,0.0,0.0,,7825771.383943637,False,0.0,0.0,high_energy
full_geometry,photon,y_max,photon_energy_resolved_current_y_max,8184647.881347903,9036494.737223005,8600030.668888556,851846.8558751019,0.04299999999999926,0.0,0.0,0.0,0.0,0.0,,7825771.383943637,False,0.0,0.0,high_energy
full_geometry,photon,y_max,photon_energy_resolved_current_y_max,9036494.737223005,9977000.638225526,9495109.992021974,940505.9010025207,0.04300000000000015,0.0,0.0,0.0,0.0,0.0,,7825771.383943637,False,0.0,0.0,high_energy
full_geometry,photon,y_max,photon_energy_resolved_current_y_max,9977000.638225526,11015393.095414145,10483347.935810009,1038392.4571886193,0.04300000000000015,0.0,0.0,0.0,0.0,0.0,,7825771.383943637,False,0.0,0.0,high_energy
full_geometry,photon,y_max,photon_energy_resolved_current_y_max,11015393.095414145,12161860.006463679,11574440.320922365,1146466.9110495336,0.04300000000000015,0.0,0.0,0.0,0.0,0.0,,7825771.383943637,False,0.0,0.0,high_energy
full_geometry,photon,y_max,photon_energy_resolved_current_y_max,12161860.006463679,13427649.611378642,12779092.095662879,1265789.6049149632,0.04300000000000015,0.0,0.0,0.0,0.0,0.0,,7825771.383943637,False,0.0,0.0,high_energy
full_geometry,photon,y_max,photon_energy_resolved_current_y_max,13427649.611378642,14825180.851459514,14109122.364580953,1397531.2400808726,0.04299999999999926,0.0,0.0,0.0,0.0,0.0,,7825771.383943637,False,0.0,0.0,high_energy
full_geometry,photon,y_max,photon_energy_resolved_current_y_max,14825180.851459514,16368165.214278068,15577580.348316003,1542984.362818554,0.04300000000000015,0.0,0.0,0.0,0.0,0.0,,7825771.383943637,False,0.0,0.0,high_energy
full_geometry,photon,y_max,photon_energy_resolved_current_y_max,16368165.214278068,18071741.260109257,17198873.412382394,1703576.0458311886,0.04300000000000015,0.0,0.0,0.0,0.0,0.0,,7825771.383943637,False,0.0,0.0,high_energy
full_geometry,photon,y_max,photon_energy_resolved_current_y_max,18071741.260109257,19952623.149688788,18988908.42101362,1880881.8895795308,0.04300000000000015,0.0,0.0,0.0,0.0,0.0,,7825771.383943637,False,0.0,0.0,high_energy
full_geometry,photon,z_min,photon_energy_resolved_current_z_min,1000.0,1104.0786199020736,1050.7514548655518,104.07861990207357,0.04300000000000015,0.0,0.0,0.0,0.0,0.0,,7825771.383943637,False,0.0,0.0,low_energy
full_geometry,photon,z_min,photon_energy_resolved_current_z_min,1104.0786199020736,1218.9895989248662,1160.1122161480537,114.91097902279262,0.042999999999999705,0.0,0.0,0.0,0.0,0.0,,7825771.383943637,False,0.0,0.0,low_energy
full_geometry,photon,z_min,photon_energy_resolved_current_z_min,1218.9895989248662,1345.8603540559484,1280.8550945362786,126.8707551310822,0.04300000000000015,0.0,0.0,0.0,0.0,0.0,,7825771.383943637,False,0.0,0.0,low_energy
full_geometry,photon,z_min,photon_energy_resolved_current_z_min,1345.8603540559484,1485.9356422870076,1414.1647250701544,140.07528823105918,0.04300000000000015,0.0,0.0,0.0,0.0,0.0,,7825771.383943637,False,0.0,0.0,low_energy
full_geometry,photon,z_min,photon_energy_resolved_current_z_min,1485.9356422870076,1640.5897731995387,1561.3490379696502,154.65413091253117,0.042999999999999705,0.0,0.0,0.0,0.0,0.0,,7825771.383943637,False,0.0,0.0,low_energy
full_geometry,photon,z_min,photon_energy_resolved_current_z_min,1640.5897731995387,1811.3400926196025,1723.8520910269608,170.75031942006376,0.04300000000000015,0.0,0.0,0.0,0.0,0.0,,7825771.383943637,False,0.0,0.0,low_energy
full_geometry,photon,z_min,photon_energy_resolved_current_z_min,1811.3400926196025,1999.8618696327449,1903.2682375763507,188.52177701314235,0.04300000000000015,0.0,0.0,0.0,0.0,0.0,,7825771.383943637,False,0.0,0.0,low_energy
full_geometry,photon,z_min,photon_energy_resolved_current_z_min,1999.8618696327449,2208.004733018899,2101.3577690467478,208.1428633861542,0.042999999999999705,0.0,0.0,0.0,0.0,0.0,,7825771.383943637,False,0.0,0.0,low_energy
full_geometry,photon,z_min,photon_energy_resolved_current_z_min,2208.004733018899,2437.8108183687523,2320.064185569632,229.80608534985322,0.04300000000000015,0.0,0.0,0.0,0.0,0.0,,7825771.383943637,False,0.0,0.0,low_energy
full_geometry,photon,z_min,photon_energy_resolved_current_z_min,2437.8108183687523,2691.534803926914,2561.5332640879465,253.72398555816153,0.042999999999999705,0.0,0.0,0.0,0.0,0.0,,7825771.383943637,False,0.0,0.0,low_energy
full_geometry,photon,z_min,photon_energy_resolved_current_z_min,2691.534803926914,2971.666031738025,2828.1341110474723,280.13122781111133,0.04300000000000015,0.0,0.0,0.0,0.0,0.0,,7825771.383943637,False,0.0,0.0,low_energy
full_geometry,photon,z_min,photon_energy_resolved_current_z_min,2971.666031738025,3280.9529311311903,3122.4824062232706,309.2868993931652,0.04300000000000015,0.0,0.0,0.0,0.0,0.0,,7825771.383943637,False,0.0,0.0,low_energy
full_geometry,photon,z_min,photon_energy_resolved_current_z_min,3280.9529311311903,3622.4299841669877,3447.4660657314944,341.4770530357973,0.04300000000000015,0.0,0.0,0.0,0.0,0.0,,7825771.383943637,False,0.0,0.0,low_energy
full_geometry,photon,z_min,photon_energy_resolved_current_z_min,3622.4299841669877,3999.4474976109736,3806.2735760120577,377.017513443986,0.042999999999999705,0.0,0.0,0.0,0.0,0.0,,7825771.383943637,False,0.0,0.0,low_energy
full_geometry,photon,z_min,photon_energy_resolved_current_z_min,3999.4474976109736,4415.704473533126,4202.4252767731205,416.2569759221519,0.04300000000000015,0.0,0.0,0.0,0.0,0.0,,7825771.383943637,False,0.0,0.0,low_energy
full_geometry,photon,z_min,photon_energy_resolved_current_z_min,4415.704473533126,4875.2849010338605,4639.807899821254,459.5804275007349,0.042999999999999705,0.0,0.0,0.0,0.0,0.0,,7825771.383943637,False,0.0,0.0,low_energy
full_geometry,photon,z_min,photon_energy_resolved_current_z_min,4875.2849010338605,5382.697825162882,5122.712702645386,507.4129241290211,0.04300000000000015,-3.3333333333333334e-08,3.333333333333334e-08,3.3333333333333334e-08,0.26085904613145455,0.2608590461314546,100.00000000000001,7825771.383943637,False,6.066489444917527,6.066489444917528,low_energy
full_geometry,photon,z_min,photon_energy_resolved_current_z_min,5382.697825162882,5942.921586155727,5655.877570891539,560.2237609928452,0.04300000000000015,0.0,0.0,0.0,0.0,0.0,,7825771.383943637,False,0.0,0.0,low_energy
full_geometry,photon,z_min,photon_energy_resolved_current_z_min,5942.921586155727,6561.452663029057,6244.533502805022,618.5310768733298,0.04300000000000015,-1.3333333333333334e-07,8.142177693922275e-08,1.3333333333333334e-07,1.0434361845258182,0.6371882120008113,61.066332704417064,7825771.383943637,False,24.265957779670106,14.818330511646723,low_energy
full_geometry,photon,z_min,photon_energy_resolved_current_z_min,6561.452663029057,7244.359600749898,6894.455931709226,682.9069377208416,0.042999999999999705,-1.0000000000000001e-07,5.754160919975787e-08,1.0000000000000001e-07,0.7825771383943637,0.45030747866153303,57.541609199757865,7825771.383943637,False,18.19946833475277,10.472266945617118,low_energy
full_geometry,photon,z_min,photon_energy_resolved_current_z_min,7244.359600749898,7998.342550070284,7612.0213900571825,753.9829493203861,0.04300000000000015,-6.666666666666667e-08,4.70615558697011e-08,6.666666666666667e-08,0.5217180922629091,0.3682929772089716,70.59233380455166,7825771.383943637,False,12.132978889835053,8.564952958348147,low_energy
full_geometry,photon,z_min,photon_energy_resolved_current_z_min,7998.342550070284,8830.799004185623,8404.270070999393,832.4564541153386,0.042999999999999705,0.0,0.0,0.0,0.0,0.0,,7825771.383943637,False,0.0,0.0,low_energy
full_geometry,photon,z_min,photon_energy_resolved_current_z_min,8830.799004185623,9749.896377173867,9278.974901273308,919.0973729882444,0.04300000000000015,-1.3333333333333334e-07,6.633137535414969e-08,1.3333333333333334e-07,1.0434361845258182,0.5190941791041288,49.748531515612264,7825771.383943637,False,24.265957779670106,12.071957653584349,low_energy
full_geometry,photon,z_min,photon_energy_resolved_current_z_min,9749.896377173867,10764.65213629835,10244.717803103813,1014.7557591244822,0.04300000000000015,-6.666666666666667e-08,4.70615558697011e-08,6.666666666666667e-08,0.5217180922629091,0.3682929772089716,70.59233380455166,7825771.383943637,False,12.132978889835053,8.564952958348147,low_energy
full_geometry,photon,z_min,photon_energy_resolved_current_z_min,10764.65213629835,11885.022274370189,11310.973893337059,1120.3701380718394,0.04300000000000015,-1.0000000000000001e-07,7.443581928658478e-08,1.0000000000000001e-07,0.7825771383943637,0.582517704513355,74.43581928658477,7825771.383943637,False,18.19946833475258,13.546923360775653,low_energy
full_geometry,photon,z_min,photon_energy_resolved_current_z_min,11885.022274370189,13121.998990192042,12488.204445903964,1236.9767158218528,0.04300000000000015,-2.0000000000000002e-07,8.096409047527365e-08,2.0000000000000002e-07,1.5651542767887274,0.6336064623684201,40.482045237636825,7825771.383943637,False,36.39893666950516,14.735034008567858,low_energy
full_geometry,photon,z_min,photon_energy_resolved_current_z_min,13121.998990192042,14487.718535447602,13787.959529688575,1365.7195452555607,0.04299999999999926,-6.666666666666667e-08,4.70615558697011e-08,6.666666666666667e-08,0.5217180922629091,0.3682929772089716,70.59233380455166,7825771.383943637,False,12.132978889835304,8.564952958348323,low_energy
full_geometry,photon,z_min,photon_energy_resolved_current_z_min,14487.718535447602,15995.580286146678,15222.991328804188,1507.8617506990759,0.04300000000000015,-1.0000000000000001e-07,7.443581928658478e-08,1.0000000000000001e-07,0.7825771383943637,0.582517704513355,74.43581928658477,7825771.383943637,False,18.19946833475258,13.546923360775653,low_energy
full_geometry,photon,z_min,photon_energy_resolved_current_z_min,15995.580286146678,17660.37820686164,16807.37925708736,1664.7979207149601,0.04300000000000015,-1.0000000000000001e-07,7.443581928658478e-08,1.0000000000000001e-07,0.7825771383943637,0.582517704513355,74.43581928658477,7825771.383943637,False,18.19946833475258,13.546923360775653,low_energy
full_geometry,photon,z_min,photon_energy_resolved_current_z_min,17660.37820686164,19498.445997580457,18556.66809433575,1838.0677907188183,0.04300000000000015,-3.3333333333333335e-07,1.1404524257567016e-07,3.3333333333333335e-07,2.6085904613145456,0.8924919958235901,34.21357277270105,7825771.383943637,False,60.66489444917527,20.75562780985086,low_energy
full_geometry,photon,z_min,photon_energy_resolved_current_z_min,19498.445997580457,21527.817347243737,20488.020499575057,2029.3713496632809,0.04300000000000015,-3.0000000000000004e-07,9.865313716031493e-08,3.0000000000000004e-07,2.3477314151830915,0.7720368977254592,32.88437905343831,7825771.383943637,False,54.59840500425775,17.95434645873155,low_energy
full_geometry,photon,z_min,photon_energy_resolved_current_z_min,21527.817347243737,23768.402866248736,22620.3853976962,2240.585519004999,0.04299999999999926,-5.333333333333333e-07,1.29945819541649e-07,5.333333333333333e-07,4.173744738103273,1.0169262760321407,24.36484116405919,7825771.383943637,False,97.06383111868243,23.649448279817634,low_energy
full_geometry,photon,z_min,photon_energy_resolved_current_z_min,23768.402866248736,26242.18543384439,24974.68389154141,2473.7825675956556,0.04300000000000015,-4.333333333333334e-07,1.2686366187007357e-07,4.333333333333334e-07,3.39116759970891,0.9928060147251233,29.276229662324667,7825771.383943637,False,78.86436278392786,23.088511970351625,low_energy
full_geometry,photon,z_min,photon_energy_resolved_current_z_min,26242.18543384439,28973.435877013213,27574.014523463586,2731.250443168821,0.04300000000000015,-4.0000000000000003e-07,1.3153751621375323e-07,4.0000000000000003e-07,3.130308553577455,1.029382530300612,32.8843790534383,7825771.383943637,False,72.79787333901032,23.939128611642058,low_energy
full_geometry,photon,z_min,photon_energy_resolved_current_z_min,28973.435877013213,31988.951096913974,30443.879900225405,3015.5152199007607,0.04300000000000015,-4.0000000000000003e-07,1.3153751621375323e-07,4.0000000000000003e-07,3.130308553577455,1.029382530300612,32.8843790534383,7825771.383943637,False,72.79787333901032,23.939128611642058,low_energy
full_geometry,photon,z_min,photon_energy_resolved_current_z_min,31988.951096913974,35318.3169791957,33612.43690470534,3329.3658822817233,0.04300000000000015,-5.333333333333333e-07,1.382590699372676e-07,5.333333333333333e-07,4.173744738103273,1.0819838730857307,25.923575613237677,7825771.383943637,False,97.06383111868043,25.16241565315644,low_energy
full_geometry,photon,z_min,photon_energy_resolved_current_z_min,35318.3169791957,38994.19866765436,37110.772949292594,3675.881688458663,0.04300000000000015,-4.333333333333334e-07,1.5815500724717557e-07,4.333333333333334e-07,3.39116759970891,1.2376849299423451,36.49730936473282,7825771.383943637,False,78.86436278392786,28.78337046377537,low_energy
full_geometry,photon,z_min,photon_energy_resolved_current_z_min,38994.19866765436,43052.661049171096,40973.210981354176,4058.462381516736,0.04300000000000015,-9.66666666666667e-07,2.063557196141305e-07,9.66666666666667e-07,7.564912337812185,1.6148926854693593,21.347143408358324,7825771.383943637,False,175.92819390260834,37.555643848124504,low_energy
full_geometry,photon,z_min,photon_energy_resolved_current_z_min,43052.661049171096,47533.52259428049,45237.64623324996,4480.861545109394,0.04299999999999926,-1.0000000000000004e-06,2.085144140570748e-07,1.0000000000000004e-06,7.82577138394364,1.6317861346676308,20.85144140570747,7825771.383943637,False,181.99468334752964,37.948514759713,low_energy
full_geometry,photon,z_min,photon_energy_resolved_current_z_min,47533.52259428049,52480.74602497723,49945.9180208248,4947.223430696737,0.04300000000000015,-1.300000000000001e-06,2.359307571832493e-07,1.300000000000001e-06,10.173502799126737,1.846340168156827,18.148519783326854,7825771.383943637,False,236.59308835178376,42.93814344550746,low_energy
full_geometry,photon,z_min,photon_energy_resolved_current_z_min,52480.74602497723,57942.86964268809,55144.22023817434,5462.123617710866,0.04300000000000015,-1.9000000000000023e-06,3.063249999169769e-07,1.9000000000000023e-06,14.868965629492928,2.397229418536815,16.122368416682974,7825771.383943637,False,345.78989836029945,55.74952136132108,low_energy
full_geometry,photon,z_min,photon_energy_resolved_current_z_min,57942.86964268809,63973.48354826482,60883.554576139526,6030.613905576727,0.04300000000000015,-2.9666666666666716e-06,3.247444182708415e-07,2.9666666666666716e-06,23.216455105699495,2.5413755755993748,10.946441065309246,7825771.383943637,False,539.9175605976608,59.10175757207828,low_energy
full_geometry,photon,z_min,photon_energy_resolved_current_z_min,63973.48354826482,70631.75542629622,67220.23091115669,6658.271878031403,0.04300000000000015,-4.300000000000007e-06,4.4986062501601477e-07,4.300000000000007e-06,33.6508169509577,3.5205064060133275,10.46187500037242,7825771.383943637,False,782.5771383943624,81.87224200030965,low_energy
full_geometry,photon,z_min,photon_energy_resolved_current_z_min,70631.75542629622,77983.01105232578,74216.41977388851,7351.255626029553,0.04299999999999926,-6.00000000000001e-06,5.783149319662401e-07,6.00000000000001e-06,46.9546283036619,4.5257604454887135,9.63858219943732,7825771.383943637,False,1091.9681000851792,105.25024291834399,low_energy
full_geometry,photon,z_min,photon_energy_resolved_current_z_min,77983.01105232578,86099.37521845999,81940.7623180277,8116.364166134212,0.04300000000000015,-8.500000000000019e-06,5.823969231913038e-07,8.500000000000019e-06,66.51905676352106,4.5577051756073255,6.851728508132971,7825771.383943637,False,1546.9548084539729,105.99314361877464,low_energy
full_geometry,photon,z_min,photon_energy_resolved_current_z_min,86099.37521845999,95060.4793656281,90469.04377381186,8961.10414716811,0.04300000000000015,-1.8266666666666656e-05,8.725893160333758e-07,1.8266666666666656e-05,142.950757280037,6.828684499348943,4.776948810401695,7825771.383943637,False,3324.436215814803,158.80661626392833,low_energy
full_geometry,photon,z_min,photon_energy_resolved_current_z_min,95060.4793656281,104954.2428652322,99884.93699365047,9893.763499604102,0.04300000000000015,-2.8199999999999957e-05,1.0706794641955992e-06,2.8199999999999957e-05,220.68675302721022,8.378892712278025,3.796735688636882,7825771.383943637,False,5132.25007040022,194.85797005297667,low_energy
full_geometry,photon,z_min,photon_energy_resolved_current_z_min,104954.2428652322,115877.73561551262,110280.82338495519,10923.49275028042,0.04300000000000015,-4.2233333333333273e-05,1.2749348756693695e-06,4.2233333333333273e-05,330.50841144855247,9.97734886640509,3.0187881823268463,7825771.383943637,False,7686.2421267104955,232.0313689861641,intermediate
full_geometry,photon,z_min,photon_energy_resolved_current_z_min,115877.73561551262,127938.13041575227,121758.69928452552,12060.39480023965,0.04299999999999926,-6.220000000000001e-05,1.587815927710086e-06,6.220000000000001e-05,486.7629800812943,12.42588445004351,2.552758726222003,7825771.383943637,False,11320.06930421634,288.974056977761,intermediate
full_geometry,photon,z_min,photon_energy_resolved_current_z_min,127938.13041575227,141253.75446227554,134431.17666713052,13315.62404652327,0.04300000000000104,-8.133333333333342e-05,1.7479615988407423e-06,8.133333333333342e-05,636.4960725607498,13.679147860440247,2.149133113328779,7825771.383943637,False,14802.234245598474,318.11971768464923,intermediate
full_geometry,photon,z_min,photon_energy_resolved_current_z_min,141253.75446227554,155955.25028269523,148422.58800645728,14701.495820419688,0.04299999999999926,-0.00010033333333333331,1.9819887613249888e-06,0.00010033333333333331,785.185728855678,15.510590931674992,1.9754040810548066,7825771.383943637,False,18260.13322920213,360.71141701570366,intermediate
full_geometry,photon,z_min,photon_energy_resolved_current_z_min,155955.25028269523,172186.8574986006,163870.20612846327,16231.607215905387,0.04300000000000015,-0.00011949999999999991,2.21735578260836e-06,0.00011949999999999991,935.1796803812639,17.352519431558452,1.8555278515551146,7825771.383943637,False,21748.364660029318,403.5469635246138,intermediate
full_geometry,photon,z_min,photon_energy_resolved_current_z_min,172186.8574986006,190107.82799232996,180925.59102538202,17920.970493729343,0.04300000000000015,-0.0001426333333333334,2.44998957217234e-06,0.0001426333333333334,1116.2158583964947,19.173058284866613,1.7176837383774284,7825771.383943637,False,25958.50833480211,445.88507639224525,intermediate
full_geometry,photon,z_min,photon_energy_resolved_current_z_min,190107.82799232996,209893.988362352,199756.07684427054,19786.16037002206,0.04299999999999926,-0.00015233333333333323,2.411803625886722e-06,0.00015233333333333323,1192.1258408207466,18.87422379915581,1.5832408922669956,7825771.383943637,False,27723.856763273652,438.93543718967754,intermediate
full_geometry,photon,z_min,photon_energy_resolved_current_z_min,209893.988362352,231739.46499684796,220546.41363927478,21845.47663449595,0.04300000000000104,-0.0001699666666666667,2.51084529790194e-06,0.0001699666666666667,1330.120276224287,19.649301281830436,1.4772574806247927,7825771.383943637,False,30933.029679633833,456.96049492627816,intermediate
full_geometry,photon,z_min,photon_energy_resolved_current_z_min,231739.46499684796,255858.58869056427,243500.57999520234,24119.123693716305,0.04299999999999926,-0.00017693333333333348,2.4693859487641443e-06,0.00017693333333333348,1384.639816865762,19.324849893750947,1.3956589763173373,7825771.383943637,False,32200.925973622925,449.4151138081693,intermediate
full_geometry,photon,z_min,photon_energy_resolved_current_z_min,255858.58869056427,282487.9974915705,268843.7843064572,26629.40880100621,0.04300000000000015,-0.00018616666666666678,2.662535121622972e-06,0.00018616666666666678,1456.8977726441747,20.836391163541947,1.4301889641663226,7825771.383943637,False,33881.34354986441,484.567236361439,intermediate
full_geometry,photon,z_min,photon_energy_resolved_current_z_min,282487.9974915705,311888.95840939356,296824.674346324,29400.960917823075,0.04300000000000015,-0.00019563333333333344,2.5641809909968115e-06,0.00019563333333333344,1530.9817417455076,20.066694222595082,1.3107076116869023,7825771.383943637,False,35604.226552220985,466.6673075022096,intermediate
full_geometry,photon,z_min,photon_energy_resolved_current_z_min,311888.95840939356,344349.9307633384,327717.7768051718,32460.972353944846,0.04300000000000015,-0.00020389999999999991,2.7173356516040527e-06,0.00020389999999999991,1595.6747851861069,21.265247582892833,1.3326805549799188,7825771.383943637,False,37108.715934560496,494.5406414626223,intermediate
full_geometry,photon,z_min,photon_energy_resolved_current_z_min,344349.9307633384,380189.39632056124,361826.19073242985,35839.46555722284,0.04300000000000015,-0.00021753333333333346,2.663127528838391e-06,0.00021753333333333346,1702.3661350538734,20.841027206976012,1.2242388272318678,7825771.383943637,False,39589.91011753181,484.67505132502185,intermediate
full_geometry,photon,z_min,photon_energy_resolved_current_z_min,380189.39632056124,419758.9839910069,399484.56130828516,39569.587670445675,0.04299999999999926,-0.00022430000000000006,2.6068108203873745e-06,0.00022430000000000006,1755.3205214185582,20.40030552154215,1.1621983149297253,7825771.383943637,False,40821.407474850894,474.425709803314,intermediate
full_geometry,photon,z_min,photon_energy_resolved_current_z_min,419758.9839910069,463446.91973628843,441062.3631214368,43687.93574528152,0.04300000000000104,-0.00022563333333333325,2.7268426346906357e-06,0.00022563333333333325,1765.7548832638154,21.33964705907945,1.2085282765655059,7825771.383943637,False,41064.06705264588,496.270861839045,intermediate
full_geometry,photon,z_min,photon_energy_resolved_current_z_min,463446.91973628843,511681.8355403073,486967.5251658631,48234.91580401885,0.04299999999999926,-0.0004655666666666668,4.3305500880838985e-06,0.0004655666666666668,3643.418297318027,33.88989495606157,0.9301675566873123,7825771.383943637,False,84730.65807716487,788.1370920014454,intermediate
full_geometry,photon,z_min,photon_energy_resolved_current_z_min,511681.8355403073,564936.9748123023,537650.4331222539,53255.139271994994,0.04300000000000015,-0.00019200000000000006,2.647646774933568e-06,0.00019200000000000006,1502.5481057171787,20.719878366065775,1.3789826952778994,7825771.383943637,False,34942.979202724964,481.8576364201326,intermediate
full_geometry,photon,z_min,photon_energy_resolved_current_z_min,564936.9748123023,623734.8354824191,593608.3481913701,58797.86067011685,0.04300000000000015,-0.00020180000000000005,2.6078263137136226e-06,0.00020180000000000005,1579.2406652798263,20.40825254015529,1.29228261333678,7825771.383943637,False,36726.527099530715,474.61052418965625,intermediate
full_geometry,photon,z_min,photon_energy_resolved_current_z_min,623734.8354824191,688652.2963442748,655390.2858334767,64917.46086185565,0.04299999999999926,-0.00020070000000000014,2.596956026198078e-06,0.00020070000000000014,1570.632316757489,20.3231841551809,1.2939491909307803,7825771.383943637,False,36526.33294784921,472.6321896553779,intermediate
full_geometry,photon,z_min,photon_energy_resolved_current_z_min,688652.2963442748,760326.2769401822,723602.4022802506,71673.98059590743,0.04300000000000104,-0.00020726666666666678,2.5105322550490667e-06,0.00020726666666666678,1622.0215488453853,19.646851480030474,1.2112571188721768,7825771.383943637,False,37721.43136849642,456.90352279139535,intermediate
full_geometry,photon,z_min,photon_energy_resolved_current_z_min,760326.2769401822,839459.9865193964,798913.941667404,79133.70957921422,0.04299999999999926,-0.000207,2.6742506425992977e-06,0.000207,1619.9346764763327,20.928074152346465,1.29190852299483,7825771.383943637,False,37672.89945293862,486.69939889178664,intermediate
full_geometry,photon,z_min,photon_energy_resolved_current_z_min,839459.9865193964,926829.8233793485,882063.8021366722,87369.83685995208,0.04300000000000015,-0.00021470000000000004,2.746180077256865e-06,0.00021470000000000004,1680.193116132699,21.4909774637529,1.2790778189365926,7825771.383943637,False,39074.258514713794,499.7901735756471,intermediate
full_geometry,photon,z_min,photon_energy_resolved_current_z_min,926829.8233793485,1023292.9922807537,973867.7853286328,96463.16890140518,0.04300000000000015,-0.00021833333333333335,2.7798580096288338e-06,0.00021833333333333335,1708.6267521610275,21.75453326317984,1.2732174089903054,7825771.383943637,False,39735.5058642098,505.9193782134829,intermediate
full_geometry,photon,z_min,photon_energy_resolved_current_z_min,1023292.9922807537,1129795.9146727975,1075226.6003927256,106502.92239204387,0.04300000000000015,-0.00021639999999999997,2.4970707476642874e-06,0.00021639999999999997,1693.496927485403,19.541504800753923,1.153914393560207,7825771.383943637,False,39383.649476404586,454.4536000175315,high_energy
full_geometry,photon,z_min,photon_energy_resolved_current_z_min,1129795.9146727975,1247383.5142429431,1187134.7010435988,117587.5995701456,0.04300000000000015,-0.0002189666666666667,2.8181203494485833e-06,0.0002189666666666667,1713.5830740375254,22.053965587223967,1.2870088367096586,7825771.383943637,False,39850.769163663244,512.8829206331137,high_energy
full_geometry,photon,z_min,photon_energy_resolved_current_z_min,1247383.5142429431,1377209.4688939445,1310690.0423660758,129825.95465100138,0.04299999999999926,-0.00022239999999999996,2.8230457867231618e-06,0.00022239999999999996,1740.4515557890645,22.092510933300773,1.2693551199294797,7825771.383943637,False,40475.61757649057,513.7793240302593,high_energy
full_geometry,photon,z_min,photon_energy_resolved_current_z_min,1377209.4688939445,1520547.529732497,1447104.8530949273,143338.06083855242,0.04300000000000104,-0.0002276333333333335,2.8985439520545037e-06,0.0002276333333333335,1781.4064260317045,22.683342315091032,1.273338974397936,7825771.383943637,False,41428.05641934097,527.5195887230345,high_energy
full_geometry,photon,z_min,photon_energy_resolved_current_z_min,1520547.529732497,1678804.018122559,1597717.5290586404,158256.488390062,0.04299999999999926,-0.00023023333333333336,2.6916686081220046e-06,0.00023023333333333336,1801.7534316299568,21.064383168500584,1.169104650986827,7825771.383943637,False,41901.24259604623,489.8693760116499,high_energy
full_geometry,photon,z_min,photon_energy_resolved_current_z_min,1678804.018122559,1853531.6234148105,1764005.764476413,174727.60529225157,0.04300000000000015,-0.0002313333333333334,2.7490074557601184e-06,0.0002313333333333334,1810.361780152295,21.513103881535237,1.1883317532104254,7825771.383943637,False,42101.43674772765,500.3047414310503,high_energy
full_geometry,photon,z_min,photon_energy_resolved_current_z_min,1853531.6234148105,2046444.636724674,1947601.04994242,192913.0133098634,0.04300000000000015,-0.0002397,2.8016418979617808e-06,0.0002397,1875.8374007312898,21.92500899312684,1.1688118055743764,7825771.383943637,False,43624.12559840194,509.8839300727155,high_energy
full_geometry,photon,z_min,photon_energy_resolved_current_z_min,2046444.636724674,2259435.7702209735,2150304.679340254,212991.13349629962,0.04299999999999926,-0.00024866666666666657,2.76759933776357e-06,0.00024866666666666657,1946.0084841406504,21.658599699691507,1.1129756049987551,7825771.383943637,False,45256.011259085666,503.6883651091135,high_energy
full_geometry,photon,z_min,photon_energy_resolved_current_z_min,2259435.7702209735,2494594.726942956,2374105.4227349586,235158.95672198245,0.04300000000000104,-0.0002498333333333332,2.8665830534072607e-06,0.0002498333333333332,1955.138550755251,22.433223629052314,1.147398153465215,7825771.383943637,False,45468.3383896559,521.7028750942272,high_energy
full_geometry,photon,z_min,photon_energy_resolved_current_z_min,2494594.726942956,2754228.7033381634,2621199.0386352423,259633.97639520746,0.04299999999999926,-0.00025736666666666683,2.7105221838429e-06,0.00025736666666666683,2014.092695180962,21.21192694186218,1.0531753078006338,7825771.383943637,False,46839.36500420923,493.30062655494294,high_energy
full_geometry,photon,z_min,photon_energy_resolved_current_z_min,2754228.7033381634,3040885.025676277,2894009.8170650373,286656.32233811356,0.04300000000000015,-0.00026650000000000014,3.0050589081162166e-06,0.00026650000000000014,2085.5680738209803,23.516904010200797,1.1276018416946396,7825771.383943637,False,48501.58311211565,546.9047444232724,high_energy
full_geometry,photon,z_min,photon_energy_resolved_current_z_min,3040885.025676277,3357376.142429545,3195214.3648082186,316491.11675326806,0.04300000000000015,-0.000275033333333333,3.118792012859051e-06,0.000275033333333333,2152.347989630629,24.406953286704336,1.1339687357383548,7825771.383943637,False,50054.60441001445,567.6035648070756,high_energy
full_geometry,photon,z_min,photon_energy_resolved_current_z_min,3357376.142429545,3706807.217825752,3527767.866188735,349431.07539620716,0.04299999999999926,-0.00028983333333333297,3.2715994654083175e-06,0.00028983333333333297,2268.1694061129947,25.60278947611771,1.1287864745514622,7825771.383943637,False,52748.12572355892,595.4137087469337,high_energy
full_geometry,photon,z_min,photon_energy_resolved_current_z_min,3706807.217825752,4092606.5973001095,3894933.077036541,385799.37947435724,0.04300000000000104,-0.00029703333333333347,3.0892694973892087e-06,0.00029703333333333347,2324.5149600773925,24.17591682995841,1.0400413525045025,7825771.383943637,False,54058.48744365899,562.2306239525076,high_energy
full_geometry,photon,z_min,photon_energy_resolved_current_z_min,4092606.5973001095,4518559.443749217,4300312.33630544,425952.84644910786,0.04299999999999926,-0.0015871999999999995,7.213149147516096e-06,0.0015871999999999995,12421.064340595338,56.4484561867489,0.45445748157233473,7825771.383943637,False,288861.9614091989,1312.7547950406947,high_energy
full_geometry,photon,z_min,photon_energy_resolved_current_z_min,4518559.443749217,4988844.874600116,4747882.909415968,470285.43085089885,0.04300000000000015,0.0,0.0,0.0,0.0,0.0,,7825771.383943637,False,0.0,0.0,high_energy
full_geometry,photon,z_min,photon_energy_resolved_current_z_min,4988844.874600116,5508076.964054029,5242036.0100846235,519232.0894539133,0.04300000000000015,0.0,0.0,0.0,0.0,0.0,,7825771.383943637,False,0.0,0.0,high_energy
full_geometry,photon,z_min,photon_energy_resolved_current_z_min,5508076.964054029,6081350.012787176,5787619.883491202,573273.0487331469,0.04300000000000015,0.0,0.0,0.0,0.0,0.0,,7825771.383943637,False,0.0,0.0,high_energy
full_geometry,photon,z_min,photon_energy_resolved_current_z_min,6081350.012787176,6714288.529259522,6389987.373482767,632938.5164723461,0.04300000000000015,0.0,0.0,0.0,0.0,0.0,,7825771.383943637,False,0.0,0.0,high_energy
full_geometry,photon,z_min,photon_energy_resolved_current_z_min,6714288.529259522,7413102.413009162,7055048.440506522,698813.8837496396,0.04299999999999926,0.0,0.0,0.0,0.0,0.0,,7825771.383943637,False,0.0,0.0,high_energy
full_geometry,photon,z_min,photon_energy_resolved_current_z_min,7413102.413009162,8184647.881347903,7789328.145536717,771545.468338741,0.04300000000000104,0.0,0.0,0.0,0.0,0.0,,7825771.383943637,False,0.0,0.0,high_energy
full_geometry,photon,z_min,photon_energy_resolved_current_z_min,8184647.881347903,9036494.737223005,8600030.668888556,851846.8558751019,0.04299999999999926,0.0,0.0,0.0,0.0,0.0,,7825771.383943637,False,0.0,0.0,high_energy
full_geometry,photon,z_min,photon_energy_resolved_current_z_min,9036494.737223005,9977000.638225526,9495109.992021974,940505.9010025207,0.04300000000000015,0.0,0.0,0.0,0.0,0.0,,7825771.383943637,False,0.0,0.0,high_energy
full_geometry,photon,z_min,photon_energy_resolved_current_z_min,9977000.638225526,11015393.095414145,10483347.935810009,1038392.4571886193,0.04300000000000015,0.0,0.0,0.0,0.0,0.0,,7825771.383943637,False,0.0,0.0,high_energy
full_geometry,photon,z_min,photon_energy_resolved_current_z_min,11015393.095414145,12161860.006463679,11574440.320922365,1146466.9110495336,0.04300000000000015,0.0,0.0,0.0,0.0,0.0,,7825771.383943637,False,0.0,0.0,high_energy
full_geometry,photon,z_min,photon_energy_resolved_current_z_min,12161860.006463679,13427649.611378642,12779092.095662879,1265789.6049149632,0.04300000000000015,0.0,0.0,0.0,0.0,0.0,,7825771.383943637,False,0.0,0.0,high_energy
full_geometry,photon,z_min,photon_energy_resolved_current_z_min,13427649.611378642,14825180.851459514,14109122.364580953,1397531.2400808726,0.04299999999999926,0.0,0.0,0.0,0.0,0.0,,7825771.383943637,False,0.0,0.0,high_energy
full_geometry,photon,z_min,photon_energy_resolved_current_z_min,14825180.851459514,16368165.214278068,15577580.348316003,1542984.362818554,0.04300000000000015,0.0,0.0,0.0,0.0,0.0,,7825771.383943637,False,0.0,0.0,high_energy
full_geometry,photon,z_min,photon_energy_resolved_current_z_min,16368165.214278068,18071741.260109257,17198873.412382394,1703576.0458311886,0.04300000000000015,0.0,0.0,0.0,0.0,0.0,,7825771.383943637,False,0.0,0.0,high_energy
full_geometry,photon,z_min,photon_energy_resolved_current_z_min,18071741.260109257,19952623.149688788,18988908.42101362,1880881.8895795308,0.04300000000000015,0.0,0.0,0.0,0.0,0.0,,7825771.383943637,False,0.0,0.0,high_energy
full_geometry,photon,z_max,photon_energy_resolved_current_z_max,1000.0,1104.0786199020736,1050.7514548655518,104.07861990207357,0.04300000000000015,0.0,0.0,0.0,0.0,0.0,,7825771.383943637,False,0.0,0.0,low_energy
full_geometry,photon,z_max,photon_energy_resolved_current_z_max,1104.0786199020736,1218.9895989248662,1160.1122161480537,114.91097902279262,0.042999999999999705,0.0,0.0,0.0,0.0,0.0,,7825771.383943637,False,0.0,0.0,low_energy
full_geometry,photon,z_max,photon_energy_resolved_current_z_max,1218.9895989248662,1345.8603540559484,1280.8550945362786,126.8707551310822,0.04300000000000015,0.0,0.0,0.0,0.0,0.0,,7825771.383943637,False,0.0,0.0,low_energy
full_geometry,photon,z_max,photon_energy_resolved_current_z_max,1345.8603540559484,1485.9356422870076,1414.1647250701544,140.07528823105918,0.04300000000000015,0.0,0.0,0.0,0.0,0.0,,7825771.383943637,False,0.0,0.0,low_energy
full_geometry,photon,z_max,photon_energy_resolved_current_z_max,1485.9356422870076,1640.5897731995387,1561.3490379696502,154.65413091253117,0.042999999999999705,0.0,0.0,0.0,0.0,0.0,,7825771.383943637,False,0.0,0.0,low_energy
full_geometry,photon,z_max,photon_energy_resolved_current_z_max,1640.5897731995387,1811.3400926196025,1723.8520910269608,170.75031942006376,0.04300000000000015,0.0,0.0,0.0,0.0,0.0,,7825771.383943637,False,0.0,0.0,low_energy
full_geometry,photon,z_max,photon_energy_resolved_current_z_max,1811.3400926196025,1999.8618696327449,1903.2682375763507,188.52177701314235,0.04300000000000015,0.0,0.0,0.0,0.0,0.0,,7825771.383943637,False,0.0,0.0,low_energy
full_geometry,photon,z_max,photon_energy_resolved_current_z_max,1999.8618696327449,2208.004733018899,2101.3577690467478,208.1428633861542,0.042999999999999705,3.3333333333333334e-08,3.333333333333334e-08,3.3333333333333334e-08,0.26085904613145455,0.2608590461314546,100.00000000000001,7825771.383943637,False,6.06648944491759,6.066489444917591,low_energy
full_geometry,photon,z_max,photon_energy_resolved_current_z_max,2208.004733018899,2437.8108183687523,2320.064185569632,229.80608534985322,0.04300000000000015,0.0,0.0,0.0,0.0,0.0,,7825771.383943637,False,0.0,0.0,low_energy
full_geometry,photon,z_max,photon_energy_resolved_current_z_max,2437.8108183687523,2691.534803926914,2561.5332640879465,253.72398555816153,0.042999999999999705,0.0,0.0,0.0,0.0,0.0,,7825771.383943637,False,0.0,0.0,low_energy
full_geometry,photon,z_max,photon_energy_resolved_current_z_max,2691.534803926914,2971.666031738025,2828.1341110474723,280.13122781111133,0.04300000000000015,0.0,0.0,0.0,0.0,0.0,,7825771.383943637,False,0.0,0.0,low_energy
full_geometry,photon,z_max,photon_energy_resolved_current_z_max,2971.666031738025,3280.9529311311903,3122.4824062232706,309.2868993931652,0.04300000000000015,0.0,0.0,0.0,0.0,0.0,,7825771.383943637,False,0.0,0.0,low_energy
full_geometry,photon,z_max,photon_energy_resolved_current_z_max,3280.9529311311903,3622.4299841669877,3447.4660657314944,341.4770530357973,0.04300000000000015,3.3333333333333334e-08,3.333333333333334e-08,3.3333333333333334e-08,0.26085904613145455,0.2608590461314546,100.00000000000001,7825771.383943637,False,6.066489444917527,6.066489444917528,low_energy
full_geometry,photon,z_max,photon_energy_resolved_current_z_max,3622.4299841669877,3999.4474976109736,3806.2735760120577,377.017513443986,0.042999999999999705,3.3333333333333334e-08,3.333333333333334e-08,3.3333333333333334e-08,0.26085904613145455,0.2608590461314546,100.00000000000001,7825771.383943637,False,6.06648944491759,6.066489444917591,low_energy
full_geometry,photon,z_max,photon_energy_resolved_current_z_max,3999.4474976109736,4415.704473533126,4202.4252767731205,416.2569759221519,0.04300000000000015,0.0,0.0,0.0,0.0,0.0,,7825771.383943637,False,0.0,0.0,low_energy
full_geometry,photon,z_max,photon_energy_resolved_current_z_max,4415.704473533126,4875.2849010338605,4639.807899821254,459.5804275007349,0.042999999999999705,3.3333333333333334e-08,3.333333333333334e-08,3.3333333333333334e-08,0.26085904613145455,0.2608590461314546,100.00000000000001,7825771.383943637,False,6.06648944491759,6.066489444917591,low_energy
full_geometry,photon,z_max,photon_energy_resolved_current_z_max,4875.2849010338605,5382.697825162882,5122.712702645386,507.4129241290211,0.04300000000000015,3.3333333333333334e-08,3.333333333333334e-08,3.3333333333333334e-08,0.26085904613145455,0.2608590461314546,100.00000000000001,7825771.383943637,False,6.066489444917527,6.066489444917528,low_energy
full_geometry,photon,z_max,photon_energy_resolved_current_z_max,5382.697825162882,5942.921586155727,5655.877570891539,560.2237609928452,0.04300000000000015,1.0000000000000001e-07,5.754160919975787e-08,1.0000000000000001e-07,0.7825771383943637,0.45030747866153303,57.541609199757865,7825771.383943637,False,18.19946833475258,10.472266945617012,low_energy
full_geometry,photon,z_max,photon_energy_resolved_current_z_max,5942.921586155727,6561.452663029057,6244.533502805022,618.5310768733298,0.04300000000000015,1.0000000000000001e-07,5.754160919975787e-08,1.0000000000000001e-07,0.7825771383943637,0.45030747866153303,57.541609199757865,7825771.383943637,False,18.19946833475258,10.472266945617012,low_energy
full_geometry,photon,z_max,photon_energy_resolved_current_z_max,6561.452663029057,7244.359600749898,6894.455931709226,682.9069377208416,0.042999999999999705,3.3333333333333334e-08,3.333333333333334e-08,3.3333333333333334e-08,0.26085904613145455,0.2608590461314546,100.00000000000001,7825771.383943637,False,6.06648944491759,6.066489444917591,low_energy
full_geometry,photon,z_max,photon_energy_resolved_current_z_max,7244.359600749898,7998.342550070284,7612.0213900571825,753.9829493203861,0.04300000000000015,3.3333333333333334e-08,3.333333333333334e-08,3.3333333333333334e-08,0.26085904613145455,0.2608590461314546,100.00000000000001,7825771.383943637,False,6.066489444917527,6.066489444917528,low_energy
full_geometry,photon,z_max,photon_energy_resolved_current_z_max,7998.342550070284,8830.799004185623,8404.270070999393,832.4564541153386,0.042999999999999705,1.0000000000000001e-07,7.443581928658478e-08,1.0000000000000001e-07,0.7825771383943637,0.582517704513355,74.43581928658477,7825771.383943637,False,18.19946833475277,13.546923360775791,low_energy
full_geometry,photon,z_max,photon_energy_resolved_current_z_max,8830.799004185623,9749.896377173867,9278.974901273308,919.0973729882444,0.04300000000000015,1.3333333333333334e-07,6.633137535414969e-08,1.3333333333333334e-07,1.0434361845258182,0.5190941791041288,49.748531515612264,7825771.383943637,False,24.265957779670106,12.071957653584349,low_energy
full_geometry,photon,z_max,photon_energy_resolved_current_z_max,9749.896377173867,10764.65213629835,10244.717803103813,1014.7557591244822,0.04300000000000015,2.0000000000000002e-07,8.096409047527365e-08,2.0000000000000002e-07,1.5651542767887274,0.6336064623684201,40.482045237636825,7825771.383943637,False,36.39893666950516,14.735034008567858,low_energy
full_geometry,photon,z_max,photon_energy_resolved_current_z_max,10764.65213629835,11885.022274370189,11310.973893337059,1120.3701380718394,0.04300000000000015,1.0000000000000001e-07,5.754160919975787e-08,1.0000000000000001e-07,0.7825771383943637,0.45030747866153303,57.541609199757865,7825771.383943637,False,18.19946833475258,10.472266945617012,low_energy
full_geometry,photon,z_max,photon_energy_resolved_current_z_max,11885.022274370189,13121.998990192042,12488.204445903964,1236.9767158218528,0.04300000000000015,3.6666666666666667e-07,1.0868970626620933e-07,3.6666666666666667e-07,2.8694495074460002,0.8505807930273404,29.642647163511633,7825771.383943637,False,66.7313838940928,19.780948675054358,low_energy
full_geometry,photon,z_max,photon_energy_resolved_current_z_max,13121.998990192042,14487.718535447602,13787.959529688575,1365.7195452555607,0.04299999999999926,4.0000000000000003e-07,1.2276996280897028e-07,4.0000000000000003e-07,3.130308553577455,0.9607696617582642,30.69249070224257,7825771.383943637,False,72.79787333901183,22.34348050600653,low_energy
full_geometry,photon,z_max,photon_energy_resolved_current_z_max,14487.718535447602,15995.580286146678,15222.991328804188,1507.8617506990759,0.04300000000000015,3.3333333333333335e-07,1.1404524257567014e-07,3.3333333333333335e-07,2.6085904613145456,0.89249199582359,34.21357277270104,7825771.383943637,False,60.66489444917527,20.755627809850857,low_energy
full_geometry,photon,z_max,photon_energy_resolved_current_z_max,15995.580286146678,17660.37820686164,16807.37925708736,1664.7979207149601,0.04300000000000015,3.0000000000000004e-07,9.865313716031493e-08,3.0000000000000004e-07,2.3477314151830915,0.7720368977254592,32.88437905343831,7825771.383943637,False,54.59840500425775,17.95434645873155,low_energy
full_geometry,photon,z_max,photon_energy_resolved_current_z_max,17660.37820686164,19498.445997580457,18556.66809433575,1838.0677907188183,0.04300000000000015,2.6666666666666667e-07,1.0445306225664255e-07,2.6666666666666667e-07,2.0868723690516364,0.8174257855733165,39.169898346240956,7825771.383943637,False,48.53191555934021,19.00990199007706,low_energy
full_geometry,photon,z_max,photon_energy_resolved_current_z_max,19498.445997580457,21527.817347243737,20488.020499575057,2029.3713496632809,0.04300000000000015,5.666666666666667e-07,1.3370905812972553e-07,5.666666666666667e-07,4.434603784234728,1.0463765208856624,23.5957161405398,7825771.383943637,False,103.13032056359796,24.334337695015318,low_energy
full_geometry,photon,z_max,photon_energy_resolved_current_z_max,21527.817347243737,23768.402866248736,22620.3853976962,2240.585519004999,0.04299999999999926,7.000000000000001e-07,1.4755532945588965e-07,7.000000000000001e-07,5.478039968760546,1.1547342748042768,21.079332779412805,7825771.383943637,False,127.39627834327071,26.854285460565038,low_energy
full_geometry,photon,z_max,photon_energy_resolved_current_z_max,23768.402866248736,26242.18543384439,24974.68389154141,2473.7825675956556,0.04300000000000015,7.333333333333333e-07,1.5797868513589096e-07,7.333333333333333e-07,5.7388990148920005,1.2363050734094976,21.542547973076044,7825771.383943637,False,133.4627677881856,28.75128077696496,low_energy
full_geometry,photon,z_max,photon_energy_resolved_current_z_max,26242.18543384439,28973.435877013213,27574.014523463586,2731.250443168821,0.04300000000000015,9.333333333333336e-07,1.9292579966631196e-07,9.333333333333336e-07,7.30405329168073,1.509793202253067,20.67062139281913,7825771.383943637,False,169.8617044576908,35.111469819838646,low_energy
full_geometry,photon,z_max,photon_energy_resolved_current_z_max,28973.435877013213,31988.951096913974,30443.879900225405,3015.5152199007607,0.04300000000000015,9.66666666666667e-07,1.952520786325481e-07,9.66666666666667e-07,7.564912337812185,1.5279981296181078,20.19849089302221,7825771.383943637,False,175.92819390260834,35.5348402236768,low_energy
full_geometry,photon,z_max,photon_energy_resolved_current_z_max,31988.951096913974,35318.3169791957,33612.43690470534,3329.3658822817233,0.04300000000000015,1.133333333333334e-06,2.115575478704173e-07,1.133333333333334e-06,8.869207568469461,1.6556010041815978,18.666842459154456,7825771.383943637,False,206.26064112719607,38.50234893445563,low_energy
full_geometry,photon,z_max,photon_energy_resolved_current_z_max,35318.3169791957,38994.19866765436,37110.772949292594,3675.881688458663,0.04300000000000015,1.133333333333334e-06,2.21846579572638e-07,1.133333333333334e-06,8.869207568469461,1.7361206140453254,19.574698197585693,7825771.383943637,False,206.26064112719607,40.374898001053936,low_energy
full_geometry,photon,z_max,photon_energy_resolved_current_z_max,38994.19866765436,43052.661049171096,40973.210981354176,4058.462381516736,0.04300000000000015,1.7666666666666685e-06,2.3992907412283093e-07,1.7666666666666685e-06,13.825529444967106,1.877630082446542,13.580890988084755,7825771.383943637,False,321.52394058062924,43.66581587084966,low_energy
full_geometry,photon,z_max,photon_energy_resolved_current_z_max,43052.661049171096,47533.52259428049,45237.64623324996,4480.861545109394,0.04299999999999926,1.700000000000002e-06,2.5500562872227863e-07,1.700000000000002e-06,13.303811352704198,1.9956157519993636,15.00033110131049,7825771.383943637,False,309.3909616908006,46.409668651148785,low_energy
full_geometry,photon,z_max,photon_energy_resolved_current_z_max,47533.52259428049,52480.74602497723,49945.9180208248,4947.223430696737,0.04300000000000015,2.633333333333337e-06,3.099909493889849e-07,2.633333333333337e-06,20.60786464438494,2.425918301009838,11.77180820464498,7825771.383943637,False,479.2526661484853,56.41670467464721,low_energy
full_geometry,photon,z_max,photon_energy_resolved_current_z_max,52480.74602497723,57942.86964268809,55144.22023817434,5462.123617710866,0.04300000000000015,3.3000000000000053e-06,3.782403664403165e-07,3.3000000000000053e-06,25.825045567014044,2.9600226359409842,11.46182928607018,7825771.383943637,False,600.5824550468361,68.83773571955753,low_energy
full_geometry,photon,z_max,photon_energy_resolved_current_z_max,57942.86964268809,63973.48354826482,60883.554576139526,6030.613905576727,0.04300000000000015,3.9000000000000076e-06,3.884767152680612e-07,3.9000000000000076e-06,30.520508397380244,3.0401299616732134,9.960941417129753,7825771.383943637,False,709.7792650553521,70.70069678309774,low_energy
full_geometry,photon,z_max,photon_energy_resolved_current_z_max,63973.48354826482,70631.75542629622,67220.23091115669,6658.271878031403,0.04300000000000015,5.266666666666677e-06,4.84758403509747e-07,5.266666666666677e-06,41.2157292887699,3.7936084423127805,9.204273484362266,7825771.383943637,False,958.5053322969711,88.22345214680854,low_energy
full_geometry,photon,z_max,photon_energy_resolved_current_z_max,70631.75542629622,77983.01105232578,74216.41977388851,7351.255626029553,0.04299999999999926,1.0266666666666688e-05,6.368353567808765e-07,1.0266666666666688e-05,80.34458620848817,4.98372791137932,6.202941786826707,7825771.383943637,False,1868.4787490346407,115.90064910184664,low_energy
full_geometry,photon,z_max,photon_energy_resolved_current_z_max,77983.01105232578,86099.37521845999,81940.7623180277,8116.364166134212,0.04300000000000015,1.549999999999999e-05,7.731921410338575e-07,1.549999999999999e-05,121.2994564511263,6.050824931592875,4.988336393766826,7825771.383943637,False,2820.9175918866486,140.71685887425244,low_energy
full_geometry,photon,z_max,photon_energy_resolved_current_z_max,86099.37521845999,95060.4793656281,90469.04377381186,8961.10414716811,0.04300000000000015,2.3266666666666628e-05,9.277023959300472e-07,2.3266666666666628e-05,182.07961419975499,7.259986862885313,3.987259581361241,7825771.383943637,False,4234.409632552427,168.83690378802996,low_energy
full_geometry,photon,z_max,photon_energy_resolved_current_z_max,95060.4793656281,104954.2428652322,99884.93699365047,9893.763499604102,0.04300000000000015,3.779999999999997e-05,1.3134583351657097e-06,3.779999999999997e-05,295.81415831306924,10.278824653342062,3.4747575004383884,7825771.383943637,False,6879.3990305364705,239.04243379865176,low_energy
full_geometry,photon,z_max,photon_energy_resolved_current_z_max,104954.2428652322,115877.73561551262,110280.82338495519,10923.49275028042,0.04300000000000015,6.043333333333331e-05,1.5583903404997883e-06,6.043333333333331e-05,472.93745063632696,12.195606531697424,2.5786933378374886,7825771.383943637,False,10998.545363635472,283.6187565511019,intermediate
full_geometry,photon,z_max,photon_energy_resolved_current_z_max,115877.73561551262,127938.13041575227,121758.69928452552,12060.39480023965,0.04299999999999926,8.996666666666676e-05,1.7752782270257967e-06,8.996666666666676e-05,704.0585655087966,13.892921547596675,1.9732622012142957,7825771.383943637,False,16373.45501183276,323.09119878132356,intermediate
full_geometry,photon,z_max,photon_energy_resolved_current_z_max,127938.13041575227,141253.75446227554,134431.17666713052,13315.62404652327,0.04300000000000104,0.0001149333333333333,2.1329779525622565e-06,0.0001149333333333333,899.4419910612551,16.692197823744394,1.8558392858720332,7825771.383943637,False,20917.255606075196,388.19064706381374,intermediate
full_geometry,photon,z_max,photon_energy_resolved_current_z_max,141253.75446227554,155955.25028269523,148422.58800645728,14701.495820419688,0.04299999999999926,0.0001427000000000001,2.2200891843847222e-06,0.0001427000000000001,1116.737576488758,17.37391040896073,1.5557737802275546,7825771.383943637,False,25970.64131369249,404.04442811537274,intermediate
full_geometry,photon,z_max,photon_energy_resolved_current_z_max,155955.25028269523,172186.8574986006,163870.20612846327,16231.607215905387,0.04300000000000015,0.00017146666666666675,2.701737057699782e-06,0.00017146666666666675,1341.858933300203,21.143176553087034,1.5756631362945843,7825771.383943637,False,31206.021704655777,491.70178030434795,intermediate
full_geometry,photon,z_max,photon_energy_resolved_current_z_max,172186.8574986006,190107.82799232996,180925.59102538202,17920.970493729343,0.04300000000000015,0.00019433333333333322,2.7714234269095104e-06,0.00019433333333333322,1520.8082389463793,21.688526147099456,1.426118401497176,7825771.383943637,False,35367.63346386916,504.3843290023112,intermediate
full_geometry,photon,z_max,photon_energy_resolved_current_z_max,190107.82799232996,209893.988362352,199756.07684427054,19786.16037002206,0.04299999999999926,0.00021219999999999993,2.792624463391787e-06,0.00021219999999999993,1660.628687672839,21.854440611712402,1.3160341486294949,7825771.383943637,False,38619.27180634576,508.24280492355297,intermediate
full_geometry,photon,z_max,photon_energy_resolved_current_z_max,209893.988362352,231739.46499684796,220546.41363927478,21845.47663449595,0.04300000000000104,0.00023110000000000025,2.7701566951964734e-06,0.00023110000000000025,1808.5357668293764,21.678612994308438,1.1986831221101126,7825771.383943637,False,42058.97132161239,504.1537905653003,intermediate
full_geometry,photon,z_max,photon_energy_resolved_current_z_max,231739.46499684796,255858.58869056427,243500.57999520234,24119.123693716305,0.04299999999999926,0.0002424333333333334,2.9630268403247247e-06,0.0002424333333333334,1897.2278425140694,23.187970656870164,1.2222027390312353,7825771.383943637,False,44121.57773288609,539.2551315551293,intermediate
full_geometry,photon,z_max,photon_energy_resolved_current_z_max,255858.58869056427,282487.9974915705,268843.7843064572,26629.40880100621,0.04300000000000015,0.0002525666666666668,2.8302468597728183e-06,0.0002525666666666668,1976.5289925380325,22.148864884706462,1.12059397905747,7825771.383943637,False,45965.79052414013,515.0898810396834,intermediate
full_geometry,photon,z_max,photon_energy_resolved_current_z_max,282487.9974915705,311888.95840939356,296824.674346324,29400.960917823075,0.04300000000000015,0.0002735999999999999,3.1155953243635396e-06,0.0002735999999999999,2141.131050646978,24.38193673335278,1.1387409811270253,7825771.383943637,False,49793.74536388304,567.0217844965744,intermediate
full_geometry,photon,z_max,photon_energy_resolved_current_z_max,311888.95840939356,344349.9307633384,327717.7768051718,32460.972353944846,0.04300000000000015,0.0002795666666666668,3.138290985303312e-06,0.0002795666666666668,2187.82481990451,24.559547787274937,1.1225554973065377,7825771.383943637,False,50879.64697452332,571.152274122671,intermediate
full_geometry,photon,z_max,photon_energy_resolved_current_z_max,344349.9307633384,380189.39632056124,361826.19073242985,35839.46555722284,0.04300000000000015,0.0002986333333333336,3.1551124067958366e-06,0.0002986333333333336,2337.036194291704,24.691188386228394,1.0565171582082264,7825771.383943637,False,54349.67893701618,574.2136834006583,intermediate
full_geometry,photon,z_max,photon_energy_resolved_current_z_max,380189.39632056124,419758.9839910069,399484.56130828516,39569.587670445675,0.04299999999999926,0.00030446666666666684,3.3542509787419687e-06,0.00030446666666666684,2382.686527364707,26.249601324003834,1.101680855728695,7825771.383943637,False,55411.31458987787,610.4558447442857,intermediate
full_geometry,photon,z_max,photon_energy_resolved_current_z_max,419758.9839910069,463446.91973628843,441062.3631214368,43687.93574528152,0.04300000000000104,0.0003221666666666668,3.1585591218934296e-06,0.0003221666666666668,2521.202680860509,24.718161590607743,0.9804115225742664,7825771.383943637,False,58632.6204851267,574.840967223422,intermediate
full_geometry,photon,z_max,photon_energy_resolved_current_z_max,463446.91973628843,511681.8355403073,486967.5251658631,48234.91580401885,0.04299999999999926,0.0006684999999999999,4.221071788741534e-06,0.0006684999999999999,5231.528170166321,33.03314281390528,0.6314243513450314,7825771.383943637,False,121663.4458178235,768.2126235792057,intermediate
full_geometry,photon,z_max,photon_energy_resolved_current_z_max,511681.8355403073,564936.9748123023,537650.4331222539,53255.139271994994,0.04300000000000015,0.00027193333333333313,3.0701182650314323e-06,0.00027193333333333313,2128.088098340405,24.02604366380567,1.1289966652481374,7825771.383943637,False,49490.42089163715,558.7452014838508,intermediate
full_geometry,photon,z_max,photon_energy_resolved_current_z_max,564936.9748123023,623734.8354824191,593608.3481913701,58797.86067011685,0.04300000000000015,0.00028006666666666684,3.191401956998487e-06,0.00028006666666666684,2191.7377055964826,24.97518210974048,1.1395151000946746,7825771.383943637,False,50970.64431619709,580.8181885986138,intermediate
full_geometry,photon,z_max,photon_energy_resolved_current_z_max,623734.8354824191,688652.2963442748,655390.2858334767,64917.46086185565,0.04299999999999926,0.0002943666666666667,3.1081933416579977e-06,0.0002943666666666667,2303.6462363868754,24.324010508911307,1.0558917478172338,7825771.383943637,False,53573.16828806779,565.674662997947,intermediate
full_geometry,photon,z_max,photon_energy_resolved_current_z_max,688652.2963442748,760326.2769401822,723602.4022802506,71673.98059590743,0.04300000000000104,0.00030339999999999995,3.149086328535901e-06,0.00030339999999999995,2374.339037888499,24.644029675424385,1.037932211119282,7825771.383943637,False,55217.186927638184,573.1169691959021,intermediate
full_geometry,photon,z_max,photon_energy_resolved_current_z_max,760326.2769401822,839459.9865193964,798913.941667404,79133.70957921422,0.04299999999999926,0.0003089000000000001,3.2528814085660528e-06,0.0003089000000000001,2417.38078050019,25.456306242518487,1.0530532238802368,7825771.383943637,False,56218.1576860519,592.0071219190447,intermediate
full_geometry,photon,z_max,photon_energy_resolved_current_z_max,839459.9865193964,926829.8233793485,882063.8021366722,87369.83685995208,0.04300000000000015,0.00032860000000000034,3.4190951752135095e-06,0.00032860000000000034,2571.548476763882,26.75705718116564,1.0405037051775732,7825771.383943637,False,59803.452947997044,622.2571437480359,intermediate
full_geometry,photon,z_max,photon_energy_resolved_current_z_max,926829.8233793485,1023292.9922807537,973867.7853286328,96463.16890140518,0.04300000000000015,0.00032453333333333343,3.2506489647355837e-06,0.00032453333333333343,2539.7236731358425,25.43883564747374,1.0016379307936267,7825771.383943637,False,59063.34123571706,591.6008290110152,intermediate
full_geometry,photon,z_max,photon_energy_resolved_current_z_max,1023292.9922807537,1129795.9146727975,1075226.6003927256,106502.92239204387,0.04300000000000015,0.0003453333333333334,3.384775848363453e-06,0.0003453333333333334,2702.49971792187,26.488481975186257,0.980147446437293,7825771.383943637,False,62848.8306493456,616.0112087252596,high_energy
full_geometry,photon,z_max,photon_energy_resolved_current_z_max,1129795.9146727975,1247383.5142429431,1187134.7010435988,117587.5995701456,0.04300000000000015,0.00035109999999999997,3.4303663945550646e-06,0.00035109999999999997,2747.6283329026105,26.845263166950932,0.977034005854476,7825771.383943637,False,63898.3333233163,624.3084457430427,high_energy
full_geometry,photon,z_max,photon_energy_resolved_current_z_max,1247383.5142429431,1377209.4688939445,1310690.0423660758,129825.95465100138,0.04299999999999926,0.0003662333333333333,3.6026802648923698e-06,0.0003662333333333333,2866.058339846291,28.19375212249319,0.9837117315624931,7825771.383943637,False,66652.51953131023,655.6686540114808,high_energy
full_geometry,photon,z_max,photon_energy_resolved_current_z_max,1377209.4688939445,1520547.529732497,1447104.8530949273,143338.06083855242,0.04300000000000104,0.0003756999999999998,3.3993785909937578e-06,0.0003756999999999998,2940.142308947623,26.60275970058959,0.904811975244546,7825771.383943637,False,68375.402533664,618.6688302462546,high_energy
full_geometry,photon,z_max,photon_energy_resolved_current_z_max,1520547.529732497,1678804.018122559,1597717.5290586404,158256.488390062,0.04299999999999926,0.0003811333333333333,3.663697997579208e-06,0.0003811333333333333,2982.662333467051,28.671262948866968,0.9612641239056869,7825771.383943637,False,69364.24031318843,666.773556950406,high_energy
full_geometry,photon,z_max,photon_energy_resolved_current_z_max,1678804.018122559,1853531.6234148105,1764005.764476413,174727.60529225157,0.04300000000000015,0.0003974999999999999,3.4920278692918807e-06,0.0003974999999999999,3110.744125117595,27.32781177143807,0.8784975771803476,7825771.383943637,False,72342.8866306415,635.5305063125111,high_energy
full_geometry,photon,z_max,photon_energy_resolved_current_z_max,1853531.6234148105,2046444.636724674,1947601.04994242,192913.0133098634,0.04300000000000015,0.00041253333333333346,3.689864793253771e-06,0.00041253333333333346,3228.3915549228827,28.876038309666466,0.8944403991403773,7825771.383943637,False,75078.87337029933,671.5357746434039,high_energy
full_geometry,photon,z_max,photon_energy_resolved_current_z_max,2046444.636724674,2259435.7702209735,2150304.679340254,212991.13349629962,0.04299999999999926,0.0004227000000000003,3.7788843003170908e-06,0.0004227000000000003,3307.9535639929777,29.572684620655362,0.8939872960295927,7825771.383943637,False,76929.1526510008,687.7368516431598,high_energy
full_geometry,photon,z_max,photon_energy_resolved_current_z_max,2259435.7702209735,2494594.726942956,2374105.4227349586,235158.95672198245,0.04300000000000104,0.0004350666666666664,3.7862313879866654e-06,0.0004350666666666664,3404.732270107743,29.630181249095244,0.8702646463346616,7825771.383943637,False,79179.82023506188,689.0739825370821,high_energy
full_geometry,photon,z_max,photon_energy_resolved_current_z_max,2494594.726942956,2754228.7033381634,2621199.0386352423,259633.97639520746,0.04299999999999926,0.0004477000000000003,3.931851184196903e-06,0.0004477000000000003,3503.597848591569,30.769768483213028,0.8782334563763459,7825771.383943637,False,81479.01973468905,715.5760112375245,high_energy
full_geometry,photon,z_max,photon_energy_resolved_current_z_max,2754228.7033381634,3040885.025676277,2894009.8170650373,286656.32233811356,0.04300000000000015,0.0004693999999999999,3.730754404687305e-06,0.0004693999999999999,3673.4170876231424,29.19603106072359,0.7947921612030903,7825771.383943637,False,85428.3043633286,678.9774665284533,high_energy
full_geometry,photon,z_max,photon_energy_resolved_current_z_max,3040885.025676277,3357376.142429545,3195214.3648082186,316491.11675326806,0.04300000000000015,0.0004898666666666668,4.078377421617928e-06,0.0004898666666666668,3833.5845419478574,31.916449319019417,0.8325484665795986,7825771.383943637,False,89153.128882508,742.2430074190536,high_energy
full_geometry,photon,z_max,photon_energy_resolved_current_z_max,3357376.142429545,3706807.217825752,3527767.866188735,349431.07539620716,0.04299999999999926,0.0005004000000000003,4.129120016059551e-06,0.0005004000000000003,3916.016000525399,32.313549262547724,0.8251638721142182,7825771.383943637,False,91070.13954710386,751.4778898267042,high_energy
full_geometry,photon,z_max,photon_energy_resolved_current_z_max,3706807.217825752,4092606.5973001095,3894933.077036541,385799.37947435724,0.04300000000000104,0.0005252999999999998,3.900480203692838e-06,0.0005252999999999998,4110.877707985591,30.524266361698057,0.7425243106211382,7825771.383943637,False,95601.80716245329,709.8666595743563,high_energy
full_geometry,photon,z_max,photon_energy_resolved_current_z_max,4092606.5973001095,4518559.443749217,4300312.33630544,425952.84644910786,0.04299999999999926,0.0029956333333333355,1.0503585238447953e-05,0.0029956333333333355,23443.141616787707,82.1986567878588,0.350629869202326,7825771.383943637,False,545189.3399253049,1911.596669485121,high_energy
full_geometry,photon,z_max,photon_energy_resolved_current_z_max,4518559.443749217,4988844.874600116,4747882.909415968,470285.43085089885,0.04300000000000015,0.0,0.0,0.0,0.0,0.0,,7825771.383943637,False,0.0,0.0,high_energy
full_geometry,photon,z_max,photon_energy_resolved_current_z_max,4988844.874600116,5508076.964054029,5242036.0100846235,519232.0894539133,0.04300000000000015,0.0,0.0,0.0,0.0,0.0,,7825771.383943637,False,0.0,0.0,high_energy
full_geometry,photon,z_max,photon_energy_resolved_current_z_max,5508076.964054029,6081350.012787176,5787619.883491202,573273.0487331469,0.04300000000000015,0.0,0.0,0.0,0.0,0.0,,7825771.383943637,False,0.0,0.0,high_energy
full_geometry,photon,z_max,photon_energy_resolved_current_z_max,6081350.012787176,6714288.529259522,6389987.373482767,632938.5164723461,0.04300000000000015,0.0,0.0,0.0,0.0,0.0,,7825771.383943637,False,0.0,0.0,high_energy
full_geometry,photon,z_max,photon_energy_resolved_current_z_max,6714288.529259522,7413102.413009162,7055048.440506522,698813.8837496396,0.04299999999999926,0.0,0.0,0.0,0.0,0.0,,7825771.383943637,False,0.0,0.0,high_energy
full_geometry,photon,z_max,photon_energy_resolved_current_z_max,7413102.413009162,8184647.881347903,7789328.145536717,771545.468338741,0.04300000000000104,0.0,0.0,0.0,0.0,0.0,,7825771.383943637,False,0.0,0.0,high_energy
full_geometry,photon,z_max,photon_energy_resolved_current_z_max,8184647.881347903,9036494.737223005,8600030.668888556,851846.8558751019,0.04299999999999926,0.0,0.0,0.0,0.0,0.0,,7825771.383943637,False,0.0,0.0,high_energy
full_geometry,photon,z_max,photon_energy_resolved_current_z_max,9036494.737223005,9977000.638225526,9495109.992021974,940505.9010025207,0.04300000000000015,0.0,0.0,0.0,0.0,0.0,,7825771.383943637,False,0.0,0.0,high_energy
full_geometry,photon,z_max,photon_energy_resolved_current_z_max,9977000.638225526,11015393.095414145,10483347.935810009,1038392.4571886193,0.04300000000000015,0.0,0.0,0.0,0.0,0.0,,7825771.383943637,False,0.0,0.0,high_energy
full_geometry,photon,z_max,photon_energy_resolved_current_z_max,11015393.095414145,12161860.006463679,11574440.320922365,1146466.9110495336,0.04300000000000015,0.0,0.0,0.0,0.0,0.0,,7825771.383943637,False,0.0,0.0,high_energy
full_geometry,photon,z_max,photon_energy_resolved_current_z_max,12161860.006463679,13427649.611378642,12779092.095662879,1265789.6049149632,0.04300000000000015,0.0,0.0,0.0,0.0,0.0,,7825771.383943637,False,0.0,0.0,high_energy
full_geometry,photon,z_max,photon_energy_resolved_current_z_max,13427649.611378642,14825180.851459514,14109122.364580953,1397531.2400808726,0.04299999999999926,0.0,0.0,0.0,0.0,0.0,,7825771.383943637,False,0.0,0.0,high_energy
full_geometry,photon,z_max,photon_energy_resolved_current_z_max,14825180.851459514,16368165.214278068,15577580.348316003,1542984.362818554,0.04300000000000015,0.0,0.0,0.0,0.0,0.0,,7825771.383943637,False,0.0,0.0,high_energy
full_geometry,photon,z_max,photon_energy_resolved_current_z_max,16368165.214278068,18071741.260109257,17198873.412382394,1703576.0458311886,0.04300000000000015,0.0,0.0,0.0,0.0,0.0,,7825771.383943637,False,0.0,0.0,high_energy
full_geometry,photon,z_max,photon_energy_resolved_current_z_max,18071741.260109257,19952623.149688788,18988908.42101362,1880881.8895795308,0.04300000000000015,0.0,0.0,0.0,0.0,0.0,,7825771.383943637,False,0.0,0.0,high_energy
