point_name,position,distance_cm,height_cm,common_dose_x_cm,common_dose_y_cm,common_dose_z_cm,gamma_flux_x_cm,gamma_flux_y_cm,gamma_flux_z_cm,analysis_height_interval,analysis_height_interval_label,target_grid_origin,geometry_reconstruction_mode,measured_neutron_ap_component_uSv_h,u_measured_neutron_ap_component_uSv_h,measured_gamma_ap_component_uSv_h,u_measured_gamma_ap_component_uSv_h,measured_total_ap_estimate_uSv_h,u_measured_total_ap_estimate_uSv_h,neutron_component_available,gamma_component_available,total_estimate_available,neutron_height_interpolation_mode,gamma_height_interpolation_mode,neutron_support_minimum_height_cm,neutron_support_maximum_height_cm,gamma_support_minimum_height_cm,gamma_support_maximum_height_cm,horizontal_position_limit_cm,vertical_uncertainty_scope,result_status,relative_total_uncertainty_percent,hollow_neutron_ap_uSv_h,u_mc_hollow_neutron_ap_uSv_h,hollow_gamma_ap_uSv_h,u_mc_hollow_gamma_ap_uSv_h,hollow_total_ap_uSv_h,u_mc_hollow_total_ap_uSv_h,hollow_grid_status,massive_neutron_ap_uSv_h,u_mc_massive_neutron_ap_uSv_h,massive_gamma_ap_uSv_h,u_mc_massive_gamma_ap_uSv_h,massive_total_ap_uSv_h,u_mc_massive_total_ap_uSv_h,massive_grid_status,hollow_simulation_available,massive_simulation_available,hollow_neutron_comparison_available,hollow_to_measured_neutron_ratio,log10_hollow_to_measured_neutron_ratio,hollow_minus_measured_neutron_relative_residual_percent,massive_neutron_comparison_available,massive_to_measured_neutron_ratio,log10_massive_to_measured_neutron_ratio,massive_minus_measured_neutron_relative_residual_percent,hollow_massive_neutron_comparison_available,hollow_to_massive_neutron_ratio,log10_hollow_to_massive_neutron_ratio,u_mc_hollow_to_massive_neutron_ratio,hollow_minus_massive_neutron_relative_percent,hollow_central_agreement_gain_neutron_log10,hollow_centrally_closer_to_measured_neutron,hollow_gamma_comparison_available,hollow_to_measured_gamma_ratio,log10_hollow_to_measured_gamma_ratio,hollow_minus_measured_gamma_relative_residual_percent,massive_gamma_comparison_available,massive_to_measured_gamma_ratio,log10_massive_to_measured_gamma_ratio,massive_minus_measured_gamma_relative_residual_percent,hollow_massive_gamma_comparison_available,hollow_to_massive_gamma_ratio,log10_hollow_to_massive_gamma_ratio,u_mc_hollow_to_massive_gamma_ratio,hollow_minus_massive_gamma_relative_percent,hollow_central_agreement_gain_gamma_log10,hollow_centrally_closer_to_measured_gamma,hollow_total_comparison_available,hollow_to_measured_total_ratio,log10_hollow_to_measured_total_ratio,hollow_minus_measured_total_relative_residual_percent,massive_total_comparison_available,massive_to_measured_total_ratio,log10_massive_to_measured_total_ratio,massive_minus_measured_total_relative_residual_percent,hollow_massive_total_comparison_available,hollow_to_massive_total_ratio,log10_hollow_to_massive_total_ratio,u_mc_hollow_to_massive_total_ratio,hollow_minus_massive_total_relative_percent,hollow_central_agreement_gain_total_log10,hollow_centrally_closer_to_measured_total,comparison_dependence_status,simulation_measurement_ratio_uncertainty_status,hollow_massive_ratio_uncertainty_status
P1_x0_h42,P1,0.0,42.0,0.0,-44.25,1.0,0.0,-35.405,1.0,lower,Lower height interval (38–65 cm),Notebook 3 target point,original Notebook 3 geometry,541.6,25.412725161054105,,,,,True,False,False,single measured height represents interval,unavailable,42.0,42.0,,,1.0,measurement SEM plus Notebook 3 MC factor uncertainty; component statistics combined as independent,theory-assisted AP component sum; not an independent direct total measurement,,164.43433957310708,5.191593355307401,2.257005275773297,0.0325887554230225,166.6913448488804,5.191695637636319,exact hollow target point,121.49949771851662,3.986761923758079,0.9595209207722926,0.0663805032087654,122.45901863928891,3.987314510787112,exact massive target point,True,True,True,0.3036084556371992,-0.5176861373040956,-69.63915443628008,True,0.22433437540346496,-0.649104173121584,-77.5665624596535,True,1.3533746448405866,0.13141803581748837,0.061627030990718715,35.33746448405865,0.13141803581748834,True,False,,,,False,,,,True,2.352221016668083,0.3714781259966766,0.16623525963888824,135.22210166680827,,,False,,,,False,,,,True,1.361201050776674,0.13392227567673617,0.06133303109726156,36.12010507766741,,,Notebook 5 AP estimates use massive Notebook 3 conversion fields; simulation-to-measurement ratios are descriptive,not propagated as independent because cross-covariance is unavailable,OpenMC batch-statistical standard uncertainty; independent-run assumption
P1_x4_h42,P1,4.0,42.0,0.0,-48.25,1.0,0.0,-39.405,1.0,lower,Lower height interval (38–65 cm),Notebook 3 target point,original Notebook 3 geometry,470.4833333333332,22.373504640442857,,,,,True,False,False,single measured height represents interval,unavailable,42.0,42.0,,,1.0,measurement SEM plus Notebook 3 MC factor uncertainty; component statistics combined as independent,theory-assisted AP component sum; not an independent direct total measurement,,138.60424753662696,4.537362705148299,1.9179268470924056,0.0298823150372951,140.52217438371937,4.537461104056174,exact hollow target point,104.25980719390064,3.4618123974567365,0.7741706392916285,0.0580008058519855,105.03397783319228,3.4622982495251096,exact massive target point,True,True,True,0.29459969719783274,-0.5307677038795995,-70.54003028021674,True,0.22160148895228454,-0.6544273258858977,-77.83985110477154,True,1.3294120837846275,0.12365962200629817,0.06198737483894922,32.94120837846276,0.12365962200629821,True,False,,,,False,,,,True,2.4773954858935516,0.3939953419233545,0.1895773858674384,147.73954858935514,,,False,,,,False,,,,True,1.3378734889664656,0.1264150479299924,0.061734464150941755,33.78734889664656,,,Notebook 5 AP estimates use massive Notebook 3 conversion fields; simulation-to-measurement ratios are descriptive,not propagated as independent because cross-covariance is unavailable,OpenMC batch-statistical standard uncertainty; independent-run assumption
N5_P1_x6_h42,P1,6.0,42.0,0.0,-50.25000000000003,1.0000000000000142,0.0,-41.405000000000186,1.0000000000000142,lower,Lower height interval (38–65 cm),measured distance added to Notebook 3 target height,position-specific least-squares Notebook 3 coordinate plane,441.3039994285113,21.79586763767228,43.3431846289391,3.8180871102318377,484.6471840574503,22.12775712222656,True,True,True,single measured height represents interval,single measured height represents interval,42.0,42.0,50.0,50.0,1.0,measurement SEM plus Notebook 3 MC factor uncertainty; component statistics combined as independent,theory-assisted AP component sum; not an independent direct total measurement,4.565745525842883,130.8411178126366,4.412204223536289,1.810742117226694,0.029074169570960214,132.65186032058878,4.412300015969045,log-linear hollow interpolation within identical P and height,97.74361891682858,3.3703543803528113,0.730246499453606,0.056091107143203776,98.47423022177767,3.3708220581040904,log-linear massive interpolation within identical P and height,True,True,True,0.2964874961071639,-0.5279936175987678,-70.35125038928362,True,0.22148817831564313,-0.6546494488056691,-77.8511821684357,True,1.3386154437761422,0.1266558312069013,0.06456155378019707,33.861544377614216,0.12665583120690127,True,True,0.04177685910088179,-1.3790642145814505,-95.82231408991183,True,0.016848012108598955,-1.7734513340327684,-98.3151987891401,True,2.4796313554143015,0.39438711945131794,0.19458030567696583,147.96313554143015,0.394387119451318,True,True,0.27370810082920893,-0.5627123487595469,-72.6291899170791,True,0.20318745978745745,-0.6921030991103958,-79.68125402125425,True,1.3470718178942687,0.1293907503508489,0.0642950575348296,34.70718178942686,0.1293907503508489,True,Notebook 5 AP estimates use massive Notebook 3 conversion fields; simulation-to-measurement ratios are descriptive,not propagated as independent because cross-covariance is unavailable,OpenMC batch-statistical standard uncertainty; independent-run assumption
N5_P1_x10_h42,P1,10.0,42.0,0.0,-54.25000000000002,1.0000000000000142,0.0,-45.40500000000018,1.0000000000000142,lower,Lower height interval (38–65 cm),measured distance added to Notebook 3 target height,position-specific least-squares Notebook 3 coordinate plane,388.26219318141176,20.684948730651957,22.70781615686542,2.126203009944749,410.9700093382772,20.79393765570143,True,True,True,single measured height represents interval,single measured height represents interval,42.0,42.0,50.0,50.0,1.0,measurement SEM plus Notebook 3 MC factor uncertainty; component statistics combined as independent,theory-assisted AP component sum; not an independent direct total measurement,5.059721435435827,116.59492794781896,4.172149134104406,1.6140081852305925,0.027522854684893905,118.2089370957573,4.172239918541371,log-linear hollow interpolation within identical P and height,85.90756487870891,3.1946232306277595,0.6497331992293153,0.05245827213836206,86.5581881418096,3.195056403197741,log-linear massive interpolation within identical P and height,True,True,True,0.3002994625679176,-0.522445445037105,-69.97005374320823,True,0.22126173082880987,-0.6550936946452125,-77.873826917119,True,1.3572137461053273,0.1326482496081076,0.07004193025993027,35.72137461053272,0.1326482496081075,True,True,0.07107720857351656,-1.1482696366478775,-92.89227914264835,True,0.02861275583442121,-1.5434403111551223,-97.13872441655786,True,2.484109149948098,0.3951706745072448,0.2049870266798522,148.4109149948098,0.39517067450724475,True,True,0.2876339742797565,-0.5411598179734513,-71.23660257202434,True,0.21061923297318252,-0.6765019731660126,-78.93807670268176,True,1.3656586353458995,0.13534215519256132,0.06974603881951771,36.565863534589944,0.13534215519256132,True,Notebook 5 AP estimates use massive Notebook 3 conversion fields; simulation-to-measurement ratios are descriptive,not propagated as independent because cross-covariance is unavailable,OpenMC batch-statistical standard uncertainty; independent-run assumption
N5_P1_x13_h42,P1,13.0,42.0,0.0,-57.25000000000002,1.0000000000000142,0.0,-48.40500000000018,1.0000000000000142,lower,Lower height interval (38–65 cm),measured distance added to Notebook 3 target height,position-specific least-squares Notebook 3 coordinate plane,352.70818123641214,19.88907859775069,32.3715756021093,3.1596930511005525,385.0797568385215,20.138498147694072,True,True,True,single measured height represents interval,single measured height represents interval,42.0,42.0,45.0,45.0,1.0,measurement SEM plus Notebook 3 MC factor uncertainty; component statistics combined as independent,theory-assisted AP component sum; not an independent direct total measurement,5.22969535273154,106.93779325204173,4.000718434977635,1.4806164836873787,0.02641393444814073,108.41841097572689,4.000805635707325,log-linear hollow interpolation within identical P and height,77.98097383971461,3.068864431566175,0.5952292152691944,0.04988890351113621,78.57734108243399,3.0692732605247497,log-linear massive interpolation within identical P and height,True,True,True,0.3031905664256872,-0.5182843156158579,-69.68094335743129,True,0.22109204716021533,-0.6554268790248698,-77.89079528397846,True,1.3713318516879027,0.13714256340901196,0.07446179754942756,37.13318516879027,0.13714256340901199,True,True,0.04573816554023102,-1.3397212580006217,-95.4261834459769,True,0.018387403275805018,-1.7354795987998115,-98.16125967241949,True,2.4874728015790777,0.3957583407991899,0.21315693939839875,148.74728015790777,0.3957583407991898,True,True,0.2815479366296339,-0.5504476511098584,-71.84520633703661,True,0.2040547177227611,-0.6902533599337038,-79.5945282277239,True,1.3797668574963258,0.13980570882384538,0.07414175448607807,37.97668574963258,0.13980570882384546,True,Notebook 5 AP estimates use massive Notebook 3 conversion fields; simulation-to-measurement ratios are descriptive,not propagated as independent because cross-covariance is unavailable,OpenMC batch-statistical standard uncertainty; independent-run assumption
N5_P1_x30_h42,P1,30.0,42.0,0.0,-74.25000000000001,1.0000000000000142,0.0,-65.40500000000016,1.0000000000000142,lower,Lower height interval (38–65 cm),measured distance added to Notebook 3 target height,position-specific least-squares Notebook 3 coordinate plane,204.67335269002297,15.924136202664153,18.82758745470974,2.3577351525968493,223.5009401447327,16.097733655728995,True,True,True,single measured height represents interval,interpolated between measured heights,42.0,42.0,38.0,45.0,1.0,measurement SEM plus Notebook 3 MC factor uncertainty; component statistics combined as independent,theory-assisted AP component sum; not an independent direct total measurement,7.20253509685667,65.51741009743728,3.1541396194330824,0.9081370220307895,0.0209230150552658,66.42554846672864,3.1542090226790096,log-linear hollow interpolation within identical P and height,45.05535125383324,2.4442185394853397,0.36229549278781703,0.03753304754760381,45.41883283509671,2.4445112462907264,log-linear massive interpolation within identical P and height,True,True,True,0.320107181693863,-0.49470458222878966,-67.9892818306137,True,0.22013296143181568,-0.6573149238429283,-77.98670385681844,True,1.4541537969224723,0.1626103416141386,0.10547009493825985,45.415379692247235,0.16261034161413868,True,True,0.048234380757244504,-1.3166432926645,-95.17656192427555,True,0.019242799623654834,-1.715731742451379,-98.07572003763453,True,2.506619707142345,0.39908844978687885,0.26602475623408334,150.6619707142345,0.39908844978687896,True,True,0.2972047832269224,-0.5269442053006221,-70.27952167730776,True,0.20321539947744646,-0.6920433847017453,-79.67846005225536,True,1.4625111285422403,0.16509917940112312,0.10497092581005346,46.25111285422402,0.16509917940112318,True,Notebook 5 AP estimates use massive Notebook 3 conversion fields; simulation-to-measurement ratios are descriptive,not propagated as independent because cross-covariance is unavailable,OpenMC batch-statistical standard uncertainty; independent-run assumption
P1_x57_h42,P1,57.0,42.0,0.0,-101.25,1.0,0.0,-92.405,1.0,lower,Lower height interval (38–65 cm),Notebook 3 target point,original Notebook 3 geometry,86.23333333333332,11.186592560827348,9.697431846851996,1.7630818221113624,95.93076518018532,11.324677065303774,True,True,True,single measured height represents interval,interpolated between measured heights,42.0,42.0,38.0,45.0,1.0,measurement SEM plus Notebook 3 MC factor uncertainty; component statistics combined as independent,theory-assisted AP component sum; not an independent direct total measurement,11.80505236670718,30.08990084111124,2.1621428546034105,0.4178140170293911,0.0144504321312491,30.50771485814063,2.162191142961548,exact hollow target point,18.852180564317575,1.7027957531797662,0.1646666155539271,0.0238849107452606,19.016847179871505,1.7029632603225344,exact massive target point,True,True,True,0.34893584276510914,-0.457254417437564,-65.10641572348908,True,0.21861825161558845,-0.6603135832598445,-78.13817483844116,True,1.5960965755899792,0.20305916582228056,0.18422053266698418,59.60965755899791,0.20305916582228045,True,True,0.0430850171084237,-1.365673730266452,-95.69149828915762,True,0.01698043545491702,-1.7700511766808371,-98.3019564545083,True,2.537332874814325,0.4043774464143851,0.3783580402133121,153.7332874814325,0.4043774464143852,True,True,0.3180180497970432,-0.4975482300004933,-68.19819502029569,True,0.19823512451039502,-0.702819392083175,-80.1764875489605,True,1.604246727629578,0.20527116208268167,0.1832096887198073,60.424672762957805,0.2052711620826817,True,Notebook 5 AP estimates use massive Notebook 3 conversion fields; simulation-to-measurement ratios are descriptive,not propagated as independent because cross-covariance is unavailable,OpenMC batch-statistical standard uncertainty; independent-run assumption
N5_P1_x75_h42,P1,75.0,42.0,0.0,-119.25,1.000000000000007,0.0,-110.4050000000001,1.000000000000007,lower,Lower height interval (38–65 cm),measured distance added to Notebook 3 target height,position-specific least-squares Notebook 3 coordinate plane,61.64138838162845,9.201473895589984,7.311357434708696,1.5970753629273553,68.95274581633714,9.339045538281384,True,True,True,single measured height represents interval,interpolated between measured heights,42.0,42.0,38.0,45.0,1.0,measurement SEM plus Notebook 3 MC factor uncertainty; component statistics combined as independent,theory-assisted AP component sum; not an independent direct total measurement,13.544124208130754,22.85554731899054,1.8941039391307672,0.3133202108576305,0.01258094425964576,23.16892225418212,1.8941457278990992,log-linear hollow interpolation within identical P and height,13.768281459998953,1.434848018925993,0.1303878325012306,0.0216452337493879,13.899613959898147,1.4350152524651678,log-linear massive interpolation within identical P and height,True,True,True,0.3707824875307706,-0.43088078625450316,-62.921751246922945,True,0.22336098880119384,-0.6509926764658169,-77.6639011198806,True,1.660014533069567,0.22011189021131386,0.22102810930501787,66.0014533069567,0.22011189021131378,True,True,0.04285390416972741,-1.3680096058964328,-95.71460958302725,True,0.017833601169907187,-1.748760950133616,-98.21663988300928,True,2.402986573572142,0.3807513442371833,0.41041496486020457,140.29865735721424,0.38075134423718326,True,True,0.33601159721608437,-0.4736457329672026,-66.39884027839156,True,0.20158173246532088,-0.6955488266360786,-79.84182675346791,True,1.6668752327242258,0.221903093668876,0.21951204680023517,66.68752327242257,0.22190309366887606,True,Notebook 5 AP estimates use massive Notebook 3 conversion fields; simulation-to-measurement ratios are descriptive,not propagated as independent because cross-covariance is unavailable,OpenMC batch-statistical standard uncertainty; independent-run assumption
N5_P1_x87_h42,P1,87.0,42.0,0.0,-131.24999999999997,1.000000000000007,0.0,-122.40500000000009,1.000000000000007,lower,Lower height interval (38–65 cm),measured distance added to Notebook 3 target height,position-specific least-squares Notebook 3 coordinate plane,49.2799854205426,8.077874786707422,5.7125063799634965,1.3895907013165003,54.9924918005061,8.196525079990225,True,True,True,single measured height represents interval,interpolated between measured heights,42.0,42.0,38.0,45.0,1.0,measurement SEM plus Notebook 3 MC factor uncertainty; component statistics combined as independent,theory-assisted AP component sum; not an independent direct total measurement,14.904807568503,19.027082673203005,1.734137070749386,0.2586179588439293,0.011471006009006643,19.285753046971124,1.734175016925445,log-linear hollow interpolation within identical P and height,11.165851099039687,1.280073180350823,0.11159842624344968,0.02027004526286332,11.27834962089045,1.280237889013635,log-linear massive interpolation within identical P and height,True,True,True,0.3861016295120792,-0.4132983654657959,-61.38983704879208,True,0.22657983771206935,-0.644778738603132,-77.34201622879307,True,1.7040423076069338,0.231480373137336,0.24956701101814074,70.40423076069337,0.23148037313733605,True,True,0.04527223982646684,-1.344168018422541,-95.47277601735331,True,0.019535807720911954,-1.7091686278749232,-98.04641922790881,True,2.3173979020076816,0.36500060945238216,0.43328649775363665,131.73979020076817,0.3650006094523821,True,True,0.35069793012713846,-0.45506679738343847,-64.93020698728616,True,0.20508889944111705,-0.6880578454431105,-79.49111005588829,True,1.7099800675844337,0.23299104805967205,0.24762719679432021,70.99800675844335,0.23299104805967208,True,Notebook 5 AP estimates use massive Notebook 3 conversion fields; simulation-to-measurement ratios are descriptive,not propagated as independent because cross-covariance is unavailable,OpenMC batch-statistical standard uncertainty; independent-run assumption
P1_x114_h42,P1,114.0,42.0,0.0,-158.25,1.0,0.0,-149.405,1.0,lower,Lower height interval (38–65 cm),Notebook 3 target point,original Notebook 3 geometry,29.782861896838607,6.026102075492008,4.47833819232504,1.387265781208173,34.26120008916365,6.183721579434201,True,True,True,single measured height represents interval,interpolated between measured heights,42.0,42.0,38.0,45.0,1.0,measurement SEM plus Notebook 3 MC factor uncertainty; component statistics combined as independent,theory-assisted AP component sum; not an independent direct total measurement,18.04875942273262,12.595879840260842,1.4218787247925404,0.1679448868804192,0.0093185880395777,12.763824727141262,1.4219092601501375,exact hollow target point,6.968977289841893,0.9901473160782884,0.078633087786375,0.0174868950933054,7.047610377628268,0.990301721212804,exact massive target point,True,True,True,0.4229237567528012,-0.37373791869120454,-57.70762432471988,True,0.2339928685826407,-0.6307973784120906,-76.60071314173594,True,1.8074215650868635,0.257059459720886,0.32798311645686073,80.74215650868635,0.25705945972088606,True,True,0.037501608781633,-1.4259501010723041,-96.2498391218367,True,0.017558541675377733,-1.7555115572588837,-98.24414583246224,True,2.1358042982704735,0.32956145618657967,0.4895336706244805,113.58042982704737,0.3295614561865796,True,True,0.372544589621024,-0.42882173937898793,-62.7455410378976,True,0.20570237934710672,-0.6867606848179513,-79.42976206528932,True,1.8110854663104505,0.25793894543896334,0.3247606484561066,81.10854663104506,0.25793894543896334,True,Notebook 5 AP estimates use massive Notebook 3 conversion fields; simulation-to-measurement ratios are descriptive,not propagated as independent because cross-covariance is unavailable,OpenMC batch-statistical standard uncertainty; independent-run assumption
N5_P1_x124_h42,P1,124.0,42.0,0.0,-168.24999999999994,1.0,0.0,-159.40500000000003,1.0,lower,Lower height interval (38–65 cm),measured distance added to Notebook 3 target height,position-specific least-squares Notebook 3 coordinate plane,27.32330208867031,5.828244167195386,3.650435823392263,1.2258605658474395,30.97373791206257,5.955767305674966,True,True,True,single measured height represents interval,interpolated between measured heights,42.0,42.0,38.0,45.0,1.0,measurement SEM plus Notebook 3 MC factor uncertainty; component statistics combined as independent,theory-assisted AP component sum; not an independent direct total measurement,19.2284422454402,11.834274804564835,1.3947927446399724,0.15106411562349314,0.008814141487706772,11.986033482613676,1.3948209426496863,log-linear hollow interpolation within identical P and height,6.259444171749631,0.9377029726671784,0.06288109682934487,0.015266743749939754,6.3242092264691125,0.9378342148295898,log-linear massive interpolation within identical P and height,True,True,True,0.43312022705600994,-0.3633915339019158,-56.687977294399005,True,0.22908812966442765,-0.6399974134504781,-77.09118703355723,True,1.8906271035974327,0.2766058795485623,0.36037629828864653,89.06271035974326,0.2766058795485623,True,True,0.041382487717072876,-1.3831834051801357,-95.86175122829272,True,0.01722564095673129,-1.7638246092582124,-98.27743590432688,True,2.4023772364128946,0.38064120407807683,0.5998738416275122,140.23772364128945,0.38064120407807667,True,True,0.3869740719264553,-0.41231813264644845,-61.30259280735448,True,0.20417972297770945,-0.6899873897522727,-79.58202770222906,True,1.8952620087975225,0.27766925710582424,0.3572598037347824,89.52620087975225,0.27766925710582424,True,Notebook 5 AP estimates use massive Notebook 3 conversion fields; simulation-to-measurement ratios are descriptive,not propagated as independent because cross-covariance is unavailable,OpenMC batch-statistical standard uncertainty; independent-run assumption
N5_P1_x164_h42,P1,164.0,42.0,0.0,-208.24999999999997,0.9999999999999928,0.0,-199.405,0.9999999999999928,lower,Lower height interval (38–65 cm),measured distance added to Notebook 3 target height,position-specific least-squares Notebook 3 coordinate plane,19.355313410346863,5.099677977104871,0.4582153276753787,0.2049140882778411,19.81352873802224,5.103793222079355,True,True,True,single measured height represents interval,single measured height represents interval,42.0,42.0,38.0,38.0,1.0,measurement SEM plus Notebook 3 MC factor uncertainty; component statistics combined as independent,theory-assisted AP component sum; not an independent direct total measurement,25.759133012410636,9.221343781152916,1.2915111918254398,0.09888704925439971,0.0070550425553004914,9.32081966304589,1.2915307991979152,log-linear hollow interpolation within identical P and height,4.073827677206526,0.7542706442524763,0.025714567386301436,0.008869134925659584,4.100752909102364,0.7543280012032875,log-linear massive interpolation within identical P and height,True,True,True,0.4764244104785933,-0.32200599474476055,-52.357558952140664,True,0.2104759344805422,-0.6767975536040278,-78.95240655194578,True,2.2635576445089365,0.35479155885926733,0.5254991301354124,126.35576445089364,0.3547915588592673,True,True,0.21580912571404848,-0.6659301946695193,-78.41908742859516,True,0.05611895943498173,-1.2508903903135846,-94.38810405650183,True,3.845565347021099,0.5849601956440653,1.3544411261383218,284.5565347021099,0.5849601956440653,True,True,0.47042703933697594,-0.3275077237147585,-52.95729606630241,True,0.2069673183067589,-0.6840982274880258,-79.3032681693241,True,2.272953252647006,0.35659050377326734,0.5234563156964616,127.29532526470061,0.35659050377326734,True,Notebook 5 AP estimates use massive Notebook 3 conversion fields; simulation-to-measurement ratios are descriptive,not propagated as independent because cross-covariance is unavailable,OpenMC batch-statistical standard uncertainty; independent-run assumption
P1_x176_h42,P1,176.0,42.0,0.0,-220.25,1.0,0.0,-211.405,1.0,lower,Lower height interval (38–65 cm),Notebook 3 target point,original Notebook 3 geometry,17.45341098169717,4.899415341284434,0.4509828112018202,0.2149302592130055,17.904393792898993,4.904127415018765,True,True,True,single measured height represents interval,single measured height represents interval,42.0,42.0,38.0,38.0,1.0,measurement SEM plus Notebook 3 MC factor uncertainty; component statistics combined as independent,theory-assisted AP component sum; not an independent direct total measurement,27.39063646468598,8.556378392002259,1.2620446562952117,0.0870828932300966,0.0065992643237265,8.643461285232355,1.2620619100396435,exact hollow target point,3.581316632108014,0.7065872221047599,0.0196642305069643,0.0075356672910498,3.6009808626149784,0.7066274044524757,exact massive target point,True,True,True,0.49024104233694243,-0.30959033299761396,-50.975895766305754,True,0.20519293540177477,-0.6878375956500928,-79.48070645982253,True,2.3891711543432708,0.37824726265247893,0.5885420857816892,138.91711543432706,0.3782472626524789,True,True,0.19309581444585472,-0.714227139906622,-80.69041855541454,True,0.04360305984736151,-1.360483033020484,-95.63969401526384,True,4.428492292096314,0.6462558931138621,1.729937592157148,342.8492292096314,0.646255893113862,True,True,0.48275643315331973,-0.3162719301547356,-51.72435668466803,True,0.20112274697863003,-0.696538807928236,-79.88772530213699,True,2.400307475934655,0.3802668777735003,0.5871041497316318,140.0307475934655,0.3802668777735004,True,Notebook 5 AP estimates use massive Notebook 3 conversion fields; simulation-to-measurement ratios are descriptive,not propagated as independent because cross-covariance is unavailable,OpenMC batch-statistical standard uncertainty; independent-run assumption
N5_P1_x184_h42,P1,184.0,42.0,0.0,-228.2499999999999,0.9999999999999928,0.0,-219.40499999999997,0.9999999999999928,lower,Lower height interval (38–65 cm),measured distance added to Notebook 3 target height,position-specific least-squares Notebook 3 coordinate plane,15.94806768248821,5.0217039928026175,0.7620187244680395,0.3873526015463333,16.71008640695625,5.036621191756877,True,True,True,single measured height represents interval,interpolated between measured heights,42.0,42.0,38.0,42.0,1.0,measurement SEM plus Notebook 3 MC factor uncertainty; component statistics combined as independent,theory-assisted AP component sum; not an independent direct total measurement,30.1412037561947,7.3198615954887,1.1607337792486327,0.07835449289087647,0.0063428124129817,7.398403975542299,1.160751238748693,log-linear hollow interpolation within identical P and height,2.948459529286432,0.6527847581644878,0.015596908269522756,0.006437506953043253,2.9640764418613155,0.652817199706456,log-linear massive interpolation within identical P and height,True,True,True,0.45898109672097015,-0.33820520064754805,-54.10189032790298,True,0.18487879459678935,-0.7331128991043985,-81.51212054032106,True,2.482605415737284,0.3949076984568504,0.6760840978662027,148.2605415737284,0.3949076984568504,True,True,0.10282489179721305,-0.9879017388272777,-89.71751082027869,True,0.020467880602817023,-1.6889271251027425,-97.9532119397183,True,5.023719543442183,0.7010253862754647,2.1130059986668335,402.37195434421824,0.7010253862754647,True,True,0.44275079107085963,-0.3538406541753756,-55.724920892914035,True,0.17738247245851455,-0.7510892959508579,-82.26175275414853,True,2.4960233383510215,0.3972486417754824,0.6749522691511068,149.60233383510217,0.39724864177548236,True,Notebook 5 AP estimates use massive Notebook 3 conversion fields; simulation-to-measurement ratios are descriptive,not propagated as independent because cross-covariance is unavailable,OpenMC batch-statistical standard uncertainty; independent-run assumption
P1_x199_h42,P1,199.0,42.0,0.0,-243.25,1.0,0.0,-234.405,1.0,lower,Lower height interval (38–65 cm),Notebook 3 target point,original Notebook 3 geometry,13.46666666666667,5.259281977750378,0.6197604603267015,0.3623764046783034,14.086427126993373,5.271751471774585,True,True,True,single measured height represents interval,interpolated between measured heights,42.0,42.0,38.0,42.0,1.0,measurement SEM plus Notebook 3 MC factor uncertainty; component statistics combined as independent,theory-assisted AP component sum; not an independent direct total measurement,37.42433353928688,5.4626331122413685,0.9921816432048952,0.0642775968935649,0.0058885214569274,5.526910709134933,0.9921991170111546,exact hollow target point,2.047651374848164,0.5627013143308864,0.0101004668065254,0.0047913754441456,2.057751841654689,0.5627217131303481,exact massive target point,True,True,True,0.4056410726911906,-0.39185807749117474,-59.43589273088094,True,0.1520533199144676,-0.8180040930812217,-84.79466800855324,True,2.667755448676623,0.426146015590047,0.8787674662408753,166.7755448676623,0.42614601559004694,True,True,0.10371361357851307,-0.9841642338329251,-89.62863864214869,True,0.016297372054359556,-1.7878824197863945,-98.37026279456403,True,6.363824378100862,0.8037181859534694,3.074596847509427,536.3824378100861,0.8037181859534694,True,True,0.39235717185828406,-0.40631840455593393,-60.7642828141716,True,0.14608046618943457,-0.8354078538351329,-85.39195338105655,True,2.6858975884529435,0.429089449279199,0.8786239491057014,168.58975884529434,0.429089449279199,True,Notebook 5 AP estimates use massive Notebook 3 conversion fields; simulation-to-measurement ratios are descriptive,not propagated as independent because cross-covariance is unavailable,OpenMC batch-statistical standard uncertainty; independent-run assumption
N5_P1_x203_h42,P1,203.0,42.0,0.0,-247.2499999999999,0.9999999999999928,0.0,-238.40499999999992,0.9999999999999928,lower,Lower height interval (38–65 cm),measured distance added to Notebook 3 target height,position-specific least-squares Notebook 3 coordinate plane,12.962906407366573,5.078903936399053,0.5865333688219746,0.3559924830513872,13.549439776188548,5.09136483108006,True,True,True,single measured height represents interval,interpolated between measured heights,42.0,42.0,38.0,42.0,1.0,measurement SEM plus Notebook 3 MC factor uncertainty; component statistics combined as independent,theory-assisted AP component sum; not an independent direct total measurement,37.576201785312925,5.28606064029806,0.972020376744064,0.062963432687201,0.005824872207724323,5.349176110007769,0.9720379448787493,log-linear hollow interpolation within identical P and height,2.0370418192489206,0.5614245717777376,0.010031994954152326,0.0048104194123985864,2.0470741858187957,0.5614452327739724,log-linear massive interpolation within identical P and height,True,True,True,0.40778359992586943,-0.38957024448460736,-59.22164000741306,True,0.15714391165327773,-0.8037024405236306,-84.28560883467222,True,2.5949691313883227,0.4141321960390233,0.8597648584891358,159.49691313883224,0.41413219603902324,True,True,0.10734842386488629,-0.9692043276768029,-89.26515761351138,True,0.017103877609386704,-1.7669054198152647,-98.28961223906133,True,6.2762623959594315,0.797701092138462,3.0650155389365605,527.6262395959432,0.7977010921384619,True,True,0.3947894671931957,-0.4036344426308056,-60.52105328068043,True,0.15108183213716878,-0.8207877572159853,-84.89181678628313,True,2.61308366206972,0.4171533145851797,0.8597150956518087,161.308366206972,0.4171533145851797,True,Notebook 5 AP estimates use massive Notebook 3 conversion fields; simulation-to-measurement ratios are descriptive,not propagated as independent because cross-covariance is unavailable,OpenMC batch-statistical standard uncertainty; independent-run assumption
P1_x320_h42,P1,320.0,42.0,0.0,-364.25,1.0,0.0,-355.405,1.0,lower,Lower height interval (38–65 cm),Notebook 3 target point,original Notebook 3 geometry,4.25,1.829968487345568,0.5310508929240425,0.5719053080270313,4.781050892924043,1.9172533338156748,True,True,True,single measured height represents interval,interpolated between measured heights,42.0,42.0,38.0,42.0,1.0,measurement SEM plus Notebook 3 MC factor uncertainty; component statistics combined as independent,theory-assisted AP component sum; not an independent direct total measurement,40.10108607405143,2.0217981788190227,0.5331969788675592,0.0344096129607745,0.0042386786608742,2.0562077917797974,0.53321382640577,exact hollow target point,1.7498862830751487,0.5253344804929975,0.0082220230441037,0.0054022304626936,1.7581083061192524,0.5253622564372317,exact massive target point,True,True,True,0.4757172185456524,-0.322651129042511,-52.42827814543476,True,0.4117379489588585,-0.3853791032140916,-58.82620510411415,True,1.1553883234435278,0.06272797417158052,0.4616883864675445,15.538832344352787,0.0627279741715806,True,True,0.06479532078613073,-1.1884563557056058,-93.52046792138692,True,0.015482551961888361,-1.810157453755109,-98.45174480381117,True,4.185054307948071,0.6217010980495031,2.7976729425604074,318.505430794807,0.6217010980495032,True,True,0.4300744413373607,-0.3664563661321906,-56.99255586626393,True,0.3677242400245631,-0.43447774091730473,-63.22757599754368,True,1.1695569519937896,0.06802137478511414,0.46273861647902464,16.95569519937897,0.06802137478511411,True,Notebook 5 AP estimates use massive Notebook 3 conversion fields; simulation-to-measurement ratios are descriptive,not propagated as independent because cross-covariance is unavailable,OpenMC batch-statistical standard uncertainty; independent-run assumption
N5_P1_x321_h42,P1,321.0,42.0,0.0,-365.24999999999983,0.9999999999999788,0.0,-356.40499999999975,0.9999999999999788,lower,Lower height interval (38–65 cm),measured distance added to Notebook 3 target height,position-specific least-squares Notebook 3 coordinate plane,4.209978521863253,1.8333916342743144,0.530600046541551,0.5742272705965937,4.740578568404803,1.9212136380225535,True,True,True,single measured height represents interval,interpolated between measured heights,42.0,42.0,38.0,42.0,1.0,measurement SEM plus Notebook 3 MC factor uncertainty; component statistics combined as independent,theory-assisted AP component sum; not an independent direct total measurement,40.52698653339773,2.0026610463963066,0.5316133574554988,0.034120635190857625,0.004220494677092073,2.0367836744508696,0.5316301158583141,log-linear hollow interpolation within identical P and height,1.7119601771054822,0.5198533890248158,0.008214104315108862,0.005394980869817603,1.7205677948797813,0.5198823117780681,log-linear massive interpolation within identical P and height,True,True,True,0.47569388679683067,-0.32267242971834204,-52.430611320316935,True,0.40664344680499764,-0.3907862221081108,-59.33565531950023,True,1.1698058594927894,0.06811379238976877,0.4718173692105871,16.980585949278943,0.06811379238976878,True,True,0.06430575235199429,-1.1917501763294456,-93.56942476480057,True,0.015480783254069354,-1.810207069860181,-98.45192167459307,True,4.153908190342409,0.6184568935307355,2.7762263262961495,315.39081903424085,0.6184568935307355,True,True,0.42964875385163037,-0.366886443492464,-57.03512461483696,True,0.3629446849266649,-0.440159559155771,-63.70553150733351,True,1.1837857714831765,0.07327311566330703,0.4726666723492616,18.378577148317646,0.07327311566330696,True,Notebook 5 AP estimates use massive Notebook 3 conversion fields; simulation-to-measurement ratios are descriptive,not propagated as independent because cross-covariance is unavailable,OpenMC batch-statistical standard uncertainty; independent-run assumption
N5_P1_x334_h42,P1,334.0,42.0,0.0,-378.24999999999983,0.9999999999999788,0.0,-369.40499999999975,0.9999999999999788,lower,Lower height interval (38–65 cm),measured distance added to Notebook 3 target height,position-specific least-squares Notebook 3 coordinate plane,3.7227359397388966,1.878479632061476,0.3657491156584767,0.4028900389131937,4.088485055397373,1.9211991337509216,True,True,True,single measured height represents interval,single measured height represents interval,42.0,42.0,38.0,38.0,1.0,measurement SEM plus Notebook 3 MC factor uncertainty; component statistics combined as independent,theory-assisted AP component sum; not an independent direct total measurement,46.99048933087501,1.7697539630567451,0.5114492480015794,0.030577520329435524,0.0039910813617796,1.8003530023494227,0.5114648817706474,log-linear hollow interpolation within identical P and height,1.2876074010411018,0.4535921455206668,0.008111852194237636,0.00530161673801394,1.2996066358725908,0.4536336775249977,log-linear massive interpolation within identical P and height,True,True,True,0.47539067817441577,-0.3229493385041458,-52.46093218255842,True,0.3458766406975971,-0.46107876773036166,-65.41233593024029,True,1.3744515305098441,0.13812942922621588,0.6262669368218299,37.445153050984416,0.13812942922621585,True,True,0.08360244501038715,-1.077781021137636,-91.63975549896129,True,0.02217873358253637,-1.6540632559243942,-97.78212664174636,True,3.7694868689985106,0.576282234786758,2.512250886849227,276.94868689985105,0.5762822347867582,True,True,0.4403472136880394,-0.35620474732516544,-55.96527863119606,True,0.31786997341641937,-0.4977504944049793,-68.21300265835806,True,1.3853061015963628,0.14154574707981388,0.6234601826157709,38.53061015963629,0.14154574707981388,True,Notebook 5 AP estimates use massive Notebook 3 conversion fields; simulation-to-measurement ratios are descriptive,not propagated as independent because cross-covariance is unavailable,OpenMC batch-statistical standard uncertainty; independent-run assumption
P1_x420_h42,P1,420.0,42.0,0.0,-464.25,1.0,0.0,-455.405,1.0,lower,Lower height interval (38–65 cm),Notebook 3 target point,original Notebook 3 geometry,1.65,2.206007756546536,,,,,True,False,False,single measured height represents interval,unavailable,42.0,42.0,,,1.0,measurement SEM plus Notebook 3 MC factor uncertainty; component statistics combined as independent,theory-assisted AP component sum; not an independent direct total measurement,,0.781093003283925,0.3960118119116678,0.0148051140833447,0.0027575083464953,0.7958981173672698,0.3960214123325191,exact hollow target point,0.1956108551115022,0.184048882227571,0.0074667414288985,0.0047233840514017,0.2030775965404008,0.18410948211897,exact massive target point,True,True,True,0.47338969895995453,-0.3247811966256165,-52.661030104004546,True,0.11855203340091043,-0.9260909926160212,-88.14479665990896,True,3.9930964099036625,0.6013097959904048,4.267806757967156,299.3096409903663,0.6013097959904048,True,False,,,,False,,,,True,1.9828079255623512,0.2972806461727522,1.3075415635388807,98.28079255623511,,,False,,,,False,,,,True,3.919182277740478,0.593195462604398,4.053089189512116,291.91822777404775,,,Notebook 5 AP estimates use massive Notebook 3 conversion fields; simulation-to-measurement ratios are descriptive,not propagated as independent because cross-covariance is unavailable,OpenMC batch-statistical standard uncertainty; independent-run assumption
P1_x0_h85,P1,0.0,85.0,0.0,-44.25,44.0,0.0,-35.405,44.0,upper,Upper height interval (85–113 cm),Notebook 3 target point,original Notebook 3 geometry,78.68469217970049,6.666578010355729,,,,,True,False,False,single measured height represents interval,unavailable,85.0,85.0,,,1.0,measurement SEM plus Notebook 3 MC factor uncertainty; component statistics combined as independent,theory-assisted AP component sum; not an independent direct total measurement,,49.21459805453401,2.6570331080652645,0.4948036295934618,0.0146347368083042,49.70940168412747,2.657073411269701,exact hollow target point,33.57487868357565,1.932814698940405,0.1145488105056327,0.0165209248373121,33.68942749408128,1.9328853047704533,exact massive target point,True,True,True,0.6254659793564098,-0.20379630768055093,-37.45340206435902,True,0.4267015318163433,-0.3698757980636055,-57.329846818365674,True,1.4658161096680027,0.16607949038305458,0.11568599623073977,46.58161096680027,0.16607949038305456,True,False,,,,False,,,,True,4.319587671049023,0.6354422929411643,0.6359622881152556,331.9587671049023,,,False,,,,False,,,,True,1.4755193359359002,0.1689449050831767,0.11570240949009869,47.55193359359003,,,Notebook 5 AP estimates use massive Notebook 3 conversion fields; simulation-to-measurement ratios are descriptive,not propagated as independent because cross-covariance is unavailable,OpenMC batch-statistical standard uncertainty; independent-run assumption
P1_x4_h85,P1,4.0,85.0,0.0,-48.25,44.0,0.0,-39.405,44.0,upper,Upper height interval (85–113 cm),Notebook 3 target point,original Notebook 3 geometry,77.42203261250461,6.632878904978356,,,,,True,False,False,single measured height represents interval,unavailable,85.0,85.0,,,1.0,measurement SEM plus Notebook 3 MC factor uncertainty; component statistics combined as independent,theory-assisted AP component sum; not an independent direct total measurement,,53.08521668405201,2.702295194354789,0.5252191581096527,0.0153400958017446,53.61043584216166,2.702338734498729,exact hollow target point,33.27724973199139,2.014601780048531,0.1305103081750708,0.0191147849390893,33.40776004016646,2.0146924597014744,exact massive target point,True,True,True,0.685660333276733,-0.16389097454997956,-31.433966672326694,True,0.4298162759242348,-0.3667171430319917,-57.01837240757652,True,1.5952405054982066,0.20282616848201213,0.12617923955974505,59.524050549820664,0.20282616848201215,True,False,,,,False,,,,True,4.0243499954433215,0.6046957440358953,0.6010192982951917,302.43499954433213,,,False,,,,False,,,,True,1.6047300321154527,0.20540198040178861,0.12612901727778605,60.47300321154527,,,Notebook 5 AP estimates use massive Notebook 3 conversion fields; simulation-to-measurement ratios are descriptive,not propagated as independent because cross-covariance is unavailable,OpenMC batch-statistical standard uncertainty; independent-run assumption
P1_x7_h85,P1,7.0,85.0,0.0,-51.25,44.0,0.0,-42.405,44.0,upper,Upper height interval (85–113 cm),Notebook 3 target point,original Notebook 3 geometry,76.4883527454243,6.607716413146359,,,,,True,False,False,single measured height represents interval,unavailable,85.0,85.0,,,1.0,measurement SEM plus Notebook 3 MC factor uncertainty; component statistics combined as independent,theory-assisted AP component sum; not an independent direct total measurement,,41.87249181312259,2.4332329601119413,0.5156991244962015,0.0152219974839826,42.3881909376188,2.433280573091094,exact hollow target point,32.5111004992097,1.9114169611380651,0.1391896011124137,0.0182686203710042,32.65029010032211,1.91150426152194,exact massive target point,True,True,True,0.5474361822444594,-0.26166650171981565,-45.25638177555406,True,0.42504641990939707,-0.37156363745647525,-57.49535800906029,True,1.2879444611276836,0.10989713573665968,0.10646730188699978,28.794446112768345,0.1098971357366596,True,False,,,,False,,,,True,3.705011871394813,0.5687896038600164,0.4984280755886054,270.50118713948126,,,False,,,,False,,,,True,1.2982485242053217,0.11335783757955335,0.1064467953070505,29.824852420532167,,,Notebook 5 AP estimates use massive Notebook 3 conversion fields; simulation-to-measurement ratios are descriptive,not propagated as independent because cross-covariance is unavailable,OpenMC batch-statistical standard uncertainty; independent-run assumption
P1_x57_h85,P1,57.0,85.0,0.0,-101.25,44.0,0.0,-92.405,44.0,upper,Upper height interval (85–113 cm),Notebook 3 target point,original Notebook 3 geometry,29.13394342762064,3.7888193659245526,,,,,True,False,False,single measured height represents interval,unavailable,85.0,85.0,,,1.0,measurement SEM plus Notebook 3 MC factor uncertainty; component statistics combined as independent,theory-assisted AP component sum; not an independent direct total measurement,,22.793442307215404,1.7154535141929357,0.3097310404474886,0.0116973088752108,23.10317334766289,1.7154933944471529,exact hollow target point,13.962409960245663,1.2605281555557828,0.0832519328863376,0.0146516912153893,14.045661893132,1.26061330431038,exact massive target point,True,True,True,0.7823672193173109,-0.1065893544983821,-21.763278068268914,True,0.4792488869532335,-0.3194388870897123,-52.07511130467665,True,1.6324862521666255,0.21284953259133016,0.1918757899220614,63.24862521666254,0.21284953259133021,True,False,,,,False,,,,True,3.72040659849134,0.570590405965633,0.6696683143636922,272.04065984913404,,,False,,,,False,,,,True,1.644861845845784,0.21612942684132416,0.19160240592891645,64.4861845845784,,,Notebook 5 AP estimates use massive Notebook 3 conversion fields; simulation-to-measurement ratios are descriptive,not propagated as independent because cross-covariance is unavailable,OpenMC batch-statistical standard uncertainty; independent-run assumption
P1_x114_h85,P1,114.0,85.0,0.0,-158.25,44.0,0.0,-149.405,44.0,upper,Upper height interval (85–113 cm),Notebook 3 target point,original Notebook 3 geometry,14.633333333333336,3.196197595419483,,,,,True,False,False,single measured height represents interval,unavailable,85.0,85.0,,,1.0,measurement SEM plus Notebook 3 MC factor uncertainty; component statistics combined as independent,theory-assisted AP component sum; not an independent direct total measurement,,8.294773952548454,1.0985739357482436,0.1509631064461312,0.0083488441324417,8.445737058994585,1.0986056596903797,exact hollow target point,5.590873536461666,0.8527603388434927,0.0609876484385804,0.0132674679654453,5.651861184900247,0.8528635419635914,exact massive target point,True,True,True,0.5668410445932883,-0.24653871030355182,-43.31589554067117,True,0.3820642507832573,-0.4178635967368712,-61.79357492167427,True,1.4836275402140509,0.1713248864333193,0.2996977304265621,48.36275402140508,0.17132488643331936,True,False,,,,False,,,,True,2.4753062351332256,0.3936289357953656,0.5556150197351045,147.53062351332258,,,False,,,,False,,,,True,1.4943284667993217,0.17444606979481866,0.2977091082999038,49.43284667993217,,,Notebook 5 AP estimates use massive Notebook 3 conversion fields; simulation-to-measurement ratios are descriptive,not propagated as independent because cross-covariance is unavailable,OpenMC batch-statistical standard uncertainty; independent-run assumption
P1_x176_h85,P1,176.0,85.0,0.0,-220.25,44.0,0.0,-211.405,44.0,upper,Upper height interval (85–113 cm),Notebook 3 target point,original Notebook 3 geometry,6.904326123128119,2.189432632393189,,,,,True,False,False,single measured height represents interval,unavailable,85.0,85.0,,,1.0,measurement SEM plus Notebook 3 MC factor uncertainty; component statistics combined as independent,theory-assisted AP component sum; not an independent direct total measurement,,5.9299097751949565,1.0119426652687542,0.0848412918480669,0.0065464589033127,6.014751067043023,1.0119638402212812,exact hollow target point,3.657571823197323,0.8095361530693792,0.0221313218250549,0.0079418342744999,3.679703145022378,0.8095751082253042,exact massive target point,True,True,True,0.8588687251216217,-0.06607321138657203,-14.113127487837835,True,0.5297507327971059,-0.275928433863002,-47.02492672028941,True,1.6212695366871113,0.2098552224764299,0.4531130648348183,62.12695366871112,0.20985522247642996,True,False,,,,False,,,,True,3.8335392941608193,0.5835999191769029,1.4071099053443166,283.35392941608194,,,False,,,,False,,,,True,1.6345750811935251,0.21340487389109075,0.4527268024782071,63.457508119352504,,,Notebook 5 AP estimates use massive Notebook 3 conversion fields; simulation-to-measurement ratios are descriptive,not propagated as independent because cross-covariance is unavailable,OpenMC batch-statistical standard uncertainty; independent-run assumption
P1_x199_h85,P1,199.0,85.0,0.0,-243.25,44.0,0.0,-234.405,44.0,upper,Upper height interval (85–113 cm),Notebook 3 target point,original Notebook 3 geometry,5.8,1.639556088238685,,,,,True,False,False,single measured height represents interval,unavailable,85.0,85.0,,,1.0,measurement SEM plus Notebook 3 MC factor uncertainty; component statistics combined as independent,theory-assisted AP component sum; not an independent direct total measurement,,3.580698376001063,0.7256015113930366,0.0620351116373393,0.00561027045302,3.6427334876384014,0.7256232000635144,exact hollow target point,4.344028620106476,0.8493958171938278,0.0248011761894552,0.0096858261439845,4.368829796295931,0.8494510400808644,exact massive target point,True,True,True,0.6173617889657006,-0.2094602542755214,-38.26382110342995,True,0.7489704517424959,-0.12553531567612264,-25.10295482575041,True,0.8242805674501511,-0.08392493859939883,0.23211462255121473,-17.571943254984888,-0.08392493859939876,False,False,,,,False,,,,True,2.501297162822261,0.39816529049398497,1.002703713460119,150.1297162822261,,,False,,,,False,,,,True,0.8338007332597065,-0.07893772728299522,0.23209690596405422,-16.619926674029358,,,Notebook 5 AP estimates use massive Notebook 3 conversion fields; simulation-to-measurement ratios are descriptive,not propagated as independent because cross-covariance is unavailable,OpenMC batch-statistical standard uncertainty; independent-run assumption
P1_x320_h85,P1,320.0,85.0,0.0,-364.25,44.0,0.0,-355.405,44.0,upper,Upper height interval (85–113 cm),Notebook 3 target point,original Notebook 3 geometry,1.979201331114809,0.9402920622031146,,,,,True,False,False,single measured height represents interval,unavailable,85.0,85.0,,,1.0,measurement SEM plus Notebook 3 MC factor uncertainty; component statistics combined as independent,theory-assisted AP component sum; not an independent direct total measurement,,2.2656510724705043,0.5847716068070047,0.0333282405108178,0.0040606179862215,2.2989793129813223,0.584785704977538,exact hollow target point,1.7286077808992346,0.5645728676244971,0.0092436769366531,0.0058845483725972,1.737851457835888,0.5646035341434708,exact massive target point,True,True,True,1.1447299659981278,0.058703051647126525,14.472996599812774,True,0.8733865290630012,-0.05879351083318311,-12.661347093699884,True,1.3106796680574329,0.11749656248030964,0.5456087187330811,31.06796680574328,9.045918605658787e-05,True,False,,,,False,,,,True,3.605517667830255,0.5569676280407195,2.3369404329226158,260.55176678302547,,,False,,,,False,,,,True,1.3228859708436738,0.12152241080303547,0.5458467477993275,32.288597084367375,,,Notebook 5 AP estimates use massive Notebook 3 conversion fields; simulation-to-measurement ratios are descriptive,not propagated as independent because cross-covariance is unavailable,OpenMC batch-statistical standard uncertainty; independent-run assumption
P1_x420_h85,P1,420.0,85.0,0.0,-464.25,44.0,0.0,-455.405,44.0,upper,Upper height interval (85–113 cm),Notebook 3 target point,original Notebook 3 geometry,0.9143094841930116,0.4733350535768688,,,,,True,False,False,single measured height represents interval,unavailable,85.0,85.0,,,1.0,measurement SEM plus Notebook 3 MC factor uncertainty; component statistics combined as independent,theory-assisted AP component sum; not an independent direct total measurement,,1.691729162643772,0.5437996017767183,0.01469516655238,0.0026333931669702,1.706424329196152,0.5438059779480998,exact hollow target point,1.097911965414604,0.3731549848162393,0.0099065843673515,0.0058806189186359,1.1078185497819557,0.3732013188241355,exact massive target point,True,True,True,1.8502806674229428,0.26723761114231026,85.02806674229429,True,1.2008099931104221,0.07947429343795785,20.080999311042213,True,1.540860484205512,0.18776331770435237,0.7208261489765009,54.08604842055121,-0.1877633177043524,False,False,,,,False,,,,True,1.4833736843558236,0.17125057018580114,0.9197903862077708,48.33736843558237,,,False,,,,False,,,,True,1.5403464128056132,0.1876184015193546,0.7143051754697938,54.03464128056132,,,Notebook 5 AP estimates use massive Notebook 3 conversion fields; simulation-to-measurement ratios are descriptive,not propagated as independent because cross-covariance is unavailable,OpenMC batch-statistical standard uncertainty; independent-run assumption
P2_x2_h55,P2,2.0,55.0,51.51561146012848,-42.51561146012848,14.0,45.261251980533466,-36.261251980533466,14.0,lower,Lower height interval (38–65 cm),Notebook 3 target point,original Notebook 3 geometry,42.26666666666666,4.766579830133871,10.327194914648246,1.6715535796064855,52.5938615813149,5.051175570749279,True,True,True,single measured height represents interval,single measured height represents interval,55.0,55.0,65.0,65.0,1.0,measurement SEM plus Notebook 3 MC factor uncertainty; component statistics combined as independent,theory-assisted AP component sum; not an independent direct total measurement,9.604116181770948,24.44134609607164,1.8140877956550536,0.0500076319229112,0.0039421882474542,24.49135372799455,1.8140920790281816,exact hollow target point,14.653920723709415,1.1414139609280256,0.0176002913972334,0.0024411032162362,14.67152101510665,1.1414165712772515,exact massive target point,True,True,True,0.5782652861846603,-0.23787287802487267,-42.173471381533965,True,0.3467015944095288,-0.4600441611077566,-65.32984055904713,True,1.667904894321326,0.22217128308288397,0.1794528027827431,66.7904894321326,0.22217128308288392,True,True,0.00484232478772911,-2.3149460846200154,-99.51576752122708,True,0.0017042664094844271,-2.7684625157163456,-99.82957335905155,True,2.841295680523331,0.4535164310963302,0.4532844522321915,184.1295680523331,0.4535164310963302,True,True,0.46566943349707624,-0.3319222681854173,-53.43305665029238,True,0.27895880952614865,-0.554459919006498,-72.10411904738514,True,1.669312520683904,0.2225376508210807,0.17931723983157155,66.93125206839038,0.22253765082108073,True,Notebook 5 AP estimates use massive Notebook 3 conversion fields; simulation-to-measurement ratios are descriptive,not propagated as independent because cross-covariance is unavailable,OpenMC batch-statistical standard uncertainty; independent-run assumption
P2_x57_h55,P2,57.0,55.0,90.40648442538858,-81.40648442538858,14.0,84.15212494579359,-75.15212494579359,14.0,lower,Lower height interval (38–65 cm),Notebook 3 target point,original Notebook 3 geometry,25.24043261231281,4.566809525164412,1.500187696074868,0.5285429474737647,26.74062030838768,4.597293430536782,True,True,True,single measured height represents interval,single measured height represents interval,55.0,55.0,65.0,65.0,1.0,measurement SEM plus Notebook 3 MC factor uncertainty; component statistics combined as independent,theory-assisted AP component sum; not an independent direct total measurement,17.192171974764392,10.404368533586908,1.1274468788073349,0.0417212855906029,0.0037903612782447,10.44608981917751,1.127453250193116,exact hollow target point,8.07485577954292,1.0207192218461822,0.0073312156841983,0.0021145398090496,8.082186995227119,1.0207214121026755,exact massive target point,True,True,True,0.41221038852208264,-0.38488106733370187,-58.77896114779174,True,0.3199174872939316,-0.49496201991062383,-68.00825127060683,True,1.2884897040447019,0.11008095257692198,0.21452971611367777,28.848970404470187,0.11008095257692196,True,True,0.0278107104196119,-1.5557879170194593,-97.21892895803882,True,0.0048868656258012864,-2.3109696026078703,-99.51131343741987,True,5.690909582776148,0.7551816855884113,1.720926694037886,469.0909582776148,0.755181685588411,True,True,0.39064500743465946,-0.4082177217382096,-60.93549925653405,True,0.30224381117636206,-0.5196425831039911,-69.77561888236379,True,1.2924830649608057,0.11142486136578159,0.2147190452678401,29.248306496080563,0.11142486136578156,True,Notebook 5 AP estimates use massive Notebook 3 conversion fields; simulation-to-measurement ratios are descriptive,not propagated as independent because cross-covariance is unavailable,OpenMC batch-statistical standard uncertainty; independent-run assumption
P2_x114_h55,P2,114.0,55.0,130.7115709530218,-121.7115709530218,14.0,124.4572114734268,-115.4572114734268,14.0,lower,Lower height interval (38–65 cm),Notebook 3 target point,original Notebook 3 geometry,13.566666666666666,3.358750151487759,0.6522348577994074,0.2902748249640319,14.218901524466071,3.371270095101688,True,True,True,single measured height represents interval,single measured height represents interval,55.0,55.0,65.0,65.0,1.0,measurement SEM plus Notebook 3 MC factor uncertainty; component statistics combined as independent,theory-assisted AP component sum; not an independent direct total measurement,23.709778770890534,4.535795918166616,0.7578588114134732,0.014536241666115,0.0021682263524079,4.550332159832731,0.7578619130438986,exact hollow target point,4.353936976916607,0.754920359276662,0.0034771013785193,0.0009802601138277,4.357414078295126,0.7549209957076933,exact massive target point,True,True,True,0.33433385146191275,-0.47581964865774307,-66.56661485380872,True,0.3209290154975386,-0.49359101615221457,-67.90709845024614,True,1.041768850172654,0.01777136749447141,0.2508488711094357,4.176885017265419,0.0177713674944715,True,True,0.022286821215227924,-1.651951870825903,-97.7713178784772,True,0.00533105726708748,-2.2731866521877535,-99.46689427329126,True,4.180563085078974,0.6212347813618505,1.3333761930741423,318.0563085078974,0.6212347813618506,True,True,0.32001995034589,-0.49482294650804604,-67.998004965411,True,0.3064522298573799,-0.5136372142164812,-69.354777014262,True,1.0442735250933703,0.018814267708435112,0.2509619495940633,4.427352509337042,0.018814267708435195,True,Notebook 5 AP estimates use massive Notebook 3 conversion fields; simulation-to-measurement ratios are descriptive,not propagated as independent because cross-covariance is unavailable,OpenMC batch-statistical standard uncertainty; independent-run assumption
P2_x176_h55,P2,176.0,55.0,174.55219138658774,-165.55219138658774,14.0,168.29783190699274,-159.29783190699274,14.0,lower,Lower height interval (38–65 cm),Notebook 3 target point,original Notebook 3 geometry,8.917637271214641,3.058734145596832,0.4219044891343184,0.3494148573427983,9.33954176034896,3.0786271804120537,True,True,True,single measured height represents interval,single measured height represents interval,55.0,55.0,65.0,65.0,1.0,measurement SEM plus Notebook 3 MC factor uncertainty; component statistics combined as independent,theory-assisted AP component sum; not an independent direct total measurement,32.96336436421721,2.038720980700318,0.4984808184704883,0.0149304155976333,0.0024589090363033,2.0536513962979512,0.4984868830938851,exact hollow target point,1.922929344075894,0.4623431471205043,0.0030802882460179,0.0016727893252716,1.926009632321912,0.4623461732440521,exact massive target point,True,True,True,0.2286167197314845,-0.6408920109416494,-77.13832802685155,True,0.21563215519910672,-0.66628647639688,-78.43678448008933,True,1.0602162721064876,0.02539446545523063,0.36356823251958387,6.021627210648764,0.025394465455230608,True,True,0.03538814111285747,-1.45114224961542,-96.46118588871425,True,0.0073009136554535526,-2.136622787729847,-99.26990863445464,True,4.8470839107135095,0.6854805381144271,2.750651550014441,384.7083910713509,0.6854805381144271,True,True,0.21988781130748103,-0.6577988435296711,-78.0112188692519,True,0.20622099903217836,-0.6856671135458978,-79.37790009678217,True,1.066272650891242,0.027868270016226725,0.36401102925662704,6.627265089124188,0.027868270016226715,True,Notebook 5 AP estimates use massive Notebook 3 conversion fields; simulation-to-measurement ratios are descriptive,not propagated as independent because cross-covariance is unavailable,OpenMC batch-statistical standard uncertainty; independent-run assumption
P2_x199_h55,P2,199.0,55.0,190.81564735387835,-181.81564735387835,14.0,184.56128787428327,-175.56128787428332,14.0,lower,Lower height interval (38–65 cm),Notebook 3 target point,original Notebook 3 geometry,7.50332778702163,2.778766074906733,0.0892181187835266,0.0453834968773162,7.592545905805155,2.77913665746062,True,True,True,single measured height represents interval,single measured height represents interval,55.0,55.0,65.0,65.0,1.0,measurement SEM plus Notebook 3 MC factor uncertainty; component statistics combined as independent,theory-assisted AP component sum; not an independent direct total measurement,36.6034883679232,2.6402614388883494,0.6656915122562479,0.0097823064133812,0.0019210428139682,2.6500437453017307,0.6656942841090822,exact hollow target point,2.086335296287209,0.5412330114566745,0.0010469951230897,0.0002559415884369,2.0873822914102997,0.5412330719722858,exact massive target point,True,True,True,0.35187872818979893,-0.4536069863873716,-64.81212718102012,True,0.2780546652774394,-0.5558698138140145,-72.19453347225605,True,1.265501975443206,0.1022628274266429,0.4578034747090738,26.550197544320593,0.10226282742664283,True,True,0.10964484060817727,-0.9600117994457951,-89.03551593918229,True,0.01173522976459597,-1.9305084029107822,-98.8264770235404,True,9.343220610725913,0.970496603464987,2.9296970075938322,834.3220610725913,0.9704966034649871,True,True,0.34903229801686736,-0.4571343833517419,-65.09677019831327,True,0.27492521182049307,-0.5607854316645267,-72.50747881795068,True,1.2695536204397324,0.10365104831278463,0.4583287349793969,26.95536204397325,0.10365104831278477,True,Notebook 5 AP estimates use massive Notebook 3 conversion fields; simulation-to-measurement ratios are descriptive,not propagated as independent because cross-covariance is unavailable,OpenMC batch-statistical standard uncertainty; independent-run assumption
P2_x321_h55,P2,321.0,55.0,277.0826746586372,-268.0826746586372,14.0,270.82831517904214,-261.82831517904214,14.0,lower,Lower height interval (38–65 cm),Notebook 3 target point,original Notebook 3 geometry,3.509983361064892,2.3697164970398625,0.0435168848257528,0.0363839101064223,3.553500245890645,2.369995794354393,True,True,True,interpolated between measured heights,single measured height represents interval,55.0,65.0,65.0,65.0,1.0,measurement SEM plus Notebook 3 MC factor uncertainty; component statistics combined as independent,theory-assisted AP component sum; not an independent direct total measurement,66.6946849685775,1.2195104449660756,0.5041088717061989,0.0070392489836309,0.0014910805332226,1.2265496939497065,0.5041110769007694,exact hollow target point,0.7589452616619261,0.3599011743639542,0.0006772237367433,0.0002907570788928,0.7596224853986695,0.3599012918123971,exact massive target point,True,True,True,0.3474405202297281,-0.4591195333674164,-65.25594797702719,True,0.21622474627106783,-0.6650946038426603,-78.37752537289322,True,1.6068490134527111,0.2059750704752439,1.010849734664032,60.68490134527111,0.20597507047524388,True,True,0.16175902783062157,-0.7911314718486804,-83.82409721693784,True,0.015562321141666984,-1.8079256268940642,-98.44376788583331,True,10.394273859156108,1.0167941550453838,4.976235380815943,939.4273859156108,1.0167941550453838,True,True,0.34516662700899453,-0.4619712013881413,-65.48333729910055,True,0.21376739350929147,-0.6700585381306418,-78.62326064907086,True,1.6146832374320534,0.20808733674250035,1.0127515306834944,61.46832374320536,0.20808733674250046,True,Notebook 5 AP estimates use massive Notebook 3 conversion fields; simulation-to-measurement ratios are descriptive,not propagated as independent because cross-covariance is unavailable,OpenMC batch-statistical standard uncertainty; independent-run assumption
P2_x420_h55,P2,420.0,55.0,347.0862459961053,-338.0862459961053,14.0,340.83188651651034,-331.83188651651034,14.0,lower,Lower height interval (38–65 cm),Notebook 3 target point,original Notebook 3 geometry,2.216666666666667,1.4864310870232789,,,,,True,False,False,single measured height represents interval,unavailable,55.0,55.0,,,1.0,measurement SEM plus Notebook 3 MC factor uncertainty; component statistics combined as independent,theory-assisted AP component sum; not an independent direct total measurement,,0.7180833198271585,0.2433834225288072,0.0033750857170863,0.001135386194721,0.7214584055442448,0.2433860708085963,exact hollow target point,0.3335048641520298,0.1561602224869963,0.0001964957960814,0.0001331968638103,0.3337013599481113,0.1561602792921193,exact massive target point,True,True,True,0.3239473623280414,-0.48952555185398494,-67.60526376719586,True,0.15045332217384802,-0.8225982181210381,-84.95466778261519,True,2.153141968867407,0.3330726662670531,1.244592841516141,115.31419688674069,0.3330726662670531,True,False,,,,False,,,,True,17.176376209535512,1.23493154376727,12.998127208243984,1617.6376209535508,,,False,,,,False,,,,True,2.16198820902746,0.33485332108432475,1.2472206758942652,116.19882090274598,,,Notebook 5 AP estimates use massive Notebook 3 conversion fields; simulation-to-measurement ratios are descriptive,not propagated as independent because cross-covariance is unavailable,OpenMC batch-statistical standard uncertainty; independent-run assumption
P2_x0_h85,P2,0.0,85.0,50.10139789775538,-41.10139789775538,44.0,43.84703841816037,-34.84703841816037,44.0,upper,Upper height interval (85–113 cm),Notebook 3 target point,original Notebook 3 geometry,25.83943427620632,4.558696093422816,,,,,True,False,False,single measured height represents interval,unavailable,85.0,85.0,,,1.0,measurement SEM plus Notebook 3 MC factor uncertainty; component statistics combined as independent,theory-assisted AP component sum; not an independent direct total measurement,,14.754937870799653,1.3733111143404928,0.0832613384817379,0.0057958999289918,14.83819920928139,1.3733233447470092,exact hollow target point,8.32512804391287,1.0275994497709675,0.0155133176011557,0.0016468319762636,8.340641361514026,1.0276007693774627,exact massive target point,True,True,True,0.5710240291284712,-0.24334561592521078,-42.89759708715289,True,0.3221869316070469,-0.4918920792055947,-67.78130683929531,True,1.7723376496999472,0.2485464632803839,0.2739894010172005,77.23376496999472,0.2485464632803839,True,False,,,,False,,,,True,5.367087854601466,0.7297387043715042,0.6813196677366393,436.70878546014666,,,False,,,,False,,,,True,1.7790237664154764,0.25018174996933884,0.274139068662519,77.90237664154765,,,Notebook 5 AP estimates use massive Notebook 3 conversion fields; simulation-to-measurement ratios are descriptive,not propagated as independent because cross-covariance is unavailable,OpenMC batch-statistical standard uncertainty; independent-run assumption
P2_x5_h85,P2,5.0,85.0,53.63693180368812,-44.63693180368812,44.0,47.38257232409311,-38.38257232409311,44.0,upper,Upper height interval (85–113 cm),Notebook 3 target point,original Notebook 3 geometry,25.11666666666667,3.802118288565584,,,,,True,False,False,single measured height represents interval,unavailable,85.0,85.0,,,1.0,measurement SEM plus Notebook 3 MC factor uncertainty; component statistics combined as independent,theory-assisted AP component sum; not an independent direct total measurement,,12.716839277495083,1.266054012817123,0.0755732030722031,0.0055042753020935,12.792412480567286,1.266065977908316,exact hollow target point,11.225120659808631,1.185523525666984,0.0119606898149816,0.0015234558042321,11.237081349623615,1.185524504524248,exact massive target point,True,True,True,0.5063107874251526,-0.2955828194642176,-49.36892125748474,True,0.4469192034429448,-0.3497709839609781,-55.30807965570552,True,1.132891098714647,0.05418816449676049,0.16442871517621285,13.289109871464696,0.054188164496760505,True,False,,,,False,,,,True,6.318465259214596,0.8006116019537551,0.9270794454617401,531.8465259214597,,,False,,,,False,,,,True,1.1384105963596824,0.056298929520993184,0.16467871008748092,13.841059635968254,,,Notebook 5 AP estimates use massive Notebook 3 conversion fields; simulation-to-measurement ratios are descriptive,not propagated as independent because cross-covariance is unavailable,OpenMC batch-statistical standard uncertainty; independent-run assumption
P2_x30_h85,P2,30.0,85.0,71.3146013333518,-62.3146013333518,44.0,65.06024185375679,-56.0602418537568,44.0,upper,Upper height interval (85–113 cm),Notebook 3 target point,original Notebook 3 geometry,23.643094841930125,4.122573402304298,,,,,True,False,False,single measured height represents interval,unavailable,85.0,85.0,,,1.0,measurement SEM plus Notebook 3 MC factor uncertainty; component statistics combined as independent,theory-assisted AP component sum; not an independent direct total measurement,,13.18603942476055,1.1675119909909124,0.0421052449465491,0.0035662971657701,13.2281446697071,1.1675174378068358,exact hollow target point,8.504392679414336,1.0358331445134006,0.0143494250914539,0.0030346715995705,8.51874210450579,1.0358375898297167,exact massive target point,True,True,True,0.5577120725064982,-0.25358995445732185,-44.22879274935018,True,0.35969879308406444,-0.4440610193897466,-64.03012069159355,True,1.5504974807523375,0.19047106493242472,0.23347623071704382,55.04974807523376,0.19047106493242477,True,False,,,,False,,,,True,2.9342809679271236,0.4675016967526946,0.6684716986987737,193.42809679271235,,,False,,,,False,,,,True,1.5528283997129555,0.1911234652743279,0.2333132954631676,55.28283997129555,,,Notebook 5 AP estimates use massive Notebook 3 conversion fields; simulation-to-measurement ratios are descriptive,not propagated as independent because cross-covariance is unavailable,OpenMC batch-statistical standard uncertainty; independent-run assumption
P2_x57_h85,P2,57.0,85.0,90.40648442538858,-81.40648442538858,44.0,84.15212494579359,-75.15212494579359,44.0,upper,Upper height interval (85–113 cm),Notebook 3 target point,original Notebook 3 geometry,19.633111480865225,3.72294198456647,,,,,True,False,False,single measured height represents interval,unavailable,85.0,85.0,,,1.0,measurement SEM plus Notebook 3 MC factor uncertainty; component statistics combined as independent,theory-assisted AP component sum; not an independent direct total measurement,,10.05425755355359,1.356309422281249,0.0296202486627805,0.0028600861538829,10.08387780221637,1.356312437848191,exact hollow target point,6.165006953331356,0.8163827189579324,0.0062812005445831,0.0014912733438734,6.171288153875939,0.8163840809994598,exact massive target point,True,True,True,0.5121071901085391,-0.2906391265234608,-48.789280989146086,True,0.3140106935846557,-0.5030555618448466,-68.59893064153442,True,1.6308590776399072,0.2124164353213858,0.30828558864032296,63.085907763990726,0.21241643532138577,True,False,,,,False,,,,True,4.715698607700874,0.6735460404444336,1.2086464691540368,371.5698607700875,,,False,,,,False,,,,True,1.633998859036114,0.21325174894395316,0.3082635212191078,63.3998859036114,,,Notebook 5 AP estimates use massive Notebook 3 conversion fields; simulation-to-measurement ratios are descriptive,not propagated as independent because cross-covariance is unavailable,OpenMC batch-statistical standard uncertainty; independent-run assumption
P2_x114_h85,P2,114.0,85.0,130.7115709530218,-121.7115709530218,44.0,124.4572114734268,-115.4572114734268,44.0,upper,Upper height interval (85–113 cm),Notebook 3 target point,original Notebook 3 geometry,12.949999999999998,3.59815895525218,,,,,True,False,False,single measured height represents interval,unavailable,85.0,85.0,,,1.0,measurement SEM plus Notebook 3 MC factor uncertainty; component statistics combined as independent,theory-assisted AP component sum; not an independent direct total measurement,,4.466033769853953,0.7574220645496278,0.0212855274455296,0.0026320275027795,4.487319297299483,0.7574266376589854,exact hollow target point,3.1645504754910427,0.6166796878622083,0.0044384321830748,0.002299951971508,3.168988907674118,0.6166839767667893,exact massive target point,True,True,True,0.3448674725755949,-0.4623477657575841,-65.51325274244051,True,0.24436683208425045,-0.6119577412294559,-75.56331679157496,True,1.4112695640163426,0.14960997547187185,0.3645821085627194,41.12695640163426,0.14960997547187183,True,False,,,,False,,,,True,4.795731142789183,0.6808548277887808,2.5548747230514883,379.57311427891835,,,False,,,,False,,,,True,1.4160097835725638,0.1510662540154022,0.3647702013370189,41.60097835725639,,,Notebook 5 AP estimates use massive Notebook 3 conversion fields; simulation-to-measurement ratios are descriptive,not propagated as independent because cross-covariance is unavailable,OpenMC batch-statistical standard uncertainty; independent-run assumption
P2_x156_h85,P2,156.0,85.0,160.4100557628568,-151.4100557628568,44.0,154.1556962832618,-145.1556962832618,44.0,upper,Upper height interval (85–113 cm),Notebook 3 target point,original Notebook 3 geometry,10.133333333333336,3.5263891260668974,,,,,True,False,False,single measured height represents interval,unavailable,85.0,85.0,,,1.0,measurement SEM plus Notebook 3 MC factor uncertainty; component statistics combined as independent,theory-assisted AP component sum; not an independent direct total measurement,,3.1222653985016167,0.5875168065583509,0.0098507619548908,0.001608689156635,3.1321161604565075,0.5875190089429664,exact hollow target point,1.79158716033213,0.4375327626403327,0.0030746740569474,0.0010404299491235,1.7946618343890774,0.4375339996824941,exact massive target point,True,True,True,0.3081182959047647,-0.5112825127360714,-69.18817040952354,True,0.17680136450646014,-0.7525143875393518,-82.31986354935398,True,1.7427370923571484,0.24123187480328045,0.5372861941474258,74.27370923571483,0.24123187480328045,True,False,,,,False,,,,True,3.203839422469008,0.5056707409692404,1.203785609978386,220.38394224690083,,,False,,,,False,,,,True,1.745240301230741,0.2418552331940155,0.5368509478102249,74.52403012307408,,,Notebook 5 AP estimates use massive Notebook 3 conversion fields; simulation-to-measurement ratios are descriptive,not propagated as independent because cross-covariance is unavailable,OpenMC batch-statistical standard uncertainty; independent-run assumption
P2_x176_h85,P2,176.0,85.0,174.55219138658774,-165.55219138658774,44.0,168.29783190699274,-159.29783190699274,44.0,upper,Upper height interval (85–113 cm),Notebook 3 target point,original Notebook 3 geometry,9.300332778702163,3.498477580118299,1.5477424820136023,1.1698447654119597,10.848075260715769,3.6888863026328353,True,True,True,single measured height represents interval,single measured height represents interval,85.0,85.0,85.0,85.0,1.0,measurement SEM plus Notebook 3 MC factor uncertainty; component statistics combined as independent,theory-assisted AP component sum; not an independent direct total measurement,34.00498442328689,1.418295851735202,0.3563511388408219,0.0093857925770418,0.0015573043054261,1.4276816443122438,0.3563545416433618,exact hollow target point,1.6213921723384952,0.4286753011396153,0.0055732626803908,0.0027033426041604,1.626965435018886,0.428683825060353,exact massive target point,True,True,True,0.15249947345788648,-0.8167316558236162,-84.75005265421136,True,0.17433700609632982,-0.7586104164609867,-82.566299390367,True,0.8747395453930358,-0.058121239362629536,0.3190445880797792,-12.526045460696423,-0.05812123936262947,False,True,0.006064182308177617,-2.217227750937117,-99.39358176918225,True,0.003600897917552811,-2.443589190339884,-99.63991020824471,True,1.6840750410105672,0.2263614394027669,0.8633392587975033,68.40750410105672,0.22636143940276687,True,True,0.1316069081381026,-0.8807213137044614,-86.83930918618974,True,0.14997733661662824,-0.8239743631174425,-85.00226633833717,True,0.877511970188642,-0.05674695058701887,0.31848637048634304,-12.248802981135796,-0.05674695058701884,False,Notebook 5 AP estimates use massive Notebook 3 conversion fields; simulation-to-measurement ratios are descriptive,not propagated as independent because cross-covariance is unavailable,OpenMC batch-statistical standard uncertainty; independent-run assumption
P2_x199_h85,P2,199.0,85.0,190.81564735387835,-181.81564735387835,44.0,184.56128787428327,-175.56128787428332,44.0,upper,Upper height interval (85–113 cm),Notebook 3 target point,original Notebook 3 geometry,7.519966722129783,2.6451989810677,0.3504277125487336,0.2286490882623527,7.870394434678516,2.655062721482264,True,True,True,single measured height represents interval,single measured height represents interval,85.0,85.0,85.0,85.0,1.0,measurement SEM plus Notebook 3 MC factor uncertainty; component statistics combined as independent,theory-assisted AP component sum; not an independent direct total measurement,33.734811431858255,1.5691311455812296,0.3629055549970637,0.010543027972075,0.0021528730970621,1.5796741735533046,0.3629119407105515,exact hollow target point,2.210895015725517,0.5442624381933991,0.0020099537197352,0.0008966726072871,2.2129049694452525,0.5442631768271562,exact massive target point,True,True,True,0.20866197997440405,-0.6805566759538629,-79.13380200255959,True,0.2940032978097214,-0.5316477981166461,-70.59967021902786,True,0.7097266647309849,-0.1489088778372168,0.2397265288185436,-29.027333526901515,-0.14890887783721685,False,True,0.030086170683800564,-1.521633084999219,-96.99138293161994,True,0.005735715663342915,-2.2414123860888453,-99.4264284336657,True,5.2454083238613,0.7197793010896263,2.573548582525375,424.54083238613,0.7197793010896263,True,True,0.20071092836122004,-0.6974289802889839,-79.928907163878,True,0.28116824230495424,-0.5510337340455091,-71.88317576950458,True,0.7138463672704884,-0.14639524624347464,0.24025039345001423,-28.615363272951157,-0.14639524624347477,False,Notebook 5 AP estimates use massive Notebook 3 conversion fields; simulation-to-measurement ratios are descriptive,not propagated as independent because cross-covariance is unavailable,OpenMC batch-statistical standard uncertainty; independent-run assumption
N5_P2_x200_h85,P2,200.0,85.0,191.5227541350648,-182.5227541350648,43.99999999999984,185.26839465546985,-176.26839465546982,43.99999999999984,upper,Upper height interval (85–113 cm),measured distance added to Notebook 3 target height,position-specific least-squares Notebook 3 coordinate plane,7.495444033732122,2.650711608655228,0.3285115220528288,0.2129831176554493,7.823955555784951,2.6592543768255457,True,True,True,single measured height represents interval,single measured height represents interval,85.0,85.0,85.0,85.0,1.0,measurement SEM plus Notebook 3 MC factor uncertainty; component statistics combined as independent,theory-assisted AP component sum; not an independent direct total measurement,33.98861813394787,1.5689803387050638,0.3643038400552727,0.010489062696643426,0.0021458707458901663,1.5794806877158376,0.36431020201864966,log-linear hollow interpolation within identical P and height,2.187837508498899,0.5415047846596733,0.001976510921109458,0.0008810592947884463,2.1898172333527794,0.5415055128589257,log-linear massive interpolation within identical P and height,True,True,True,0.2093245352302149,-0.6791798643961628,-79.0675464769785,True,0.2918889793123482,-0.5347823021143776,-70.81110206876518,True,0.7171375079777107,-0.14439756228178527,0.24337550828153767,-28.286249202228934,-0.14439756228178524,False,True,0.031929055733261776,-1.4958139250527185,-96.80709442667383,True,0.006016564986087795,-2.2206513880382297,-99.39834350139122,True,5.30685795085599,0.7248374629855111,2.6028506226562986,430.68579508559907,0.7248374629855112,True,True,0.20187751278162439,-0.6949120546014683,-79.81224872183756,True,0.27988620560780814,-0.5530185055211148,-72.01137943921918,True,0.7212842531600369,-0.14189354908035354,0.24390649854656454,-27.871574683996318,-0.14189354908035356,False,Notebook 5 AP estimates use massive Notebook 3 conversion fields; simulation-to-measurement ratios are descriptive,not propagated as independent because cross-covariance is unavailable,OpenMC batch-statistical standard uncertainty; independent-run assumption
P2_x300_h85,P2,300.0,85.0,262.2334322537196,-253.23343225371963,44.0,255.97907277412463,-246.97907277412463,44.0,upper,Upper height interval (85–113 cm),Notebook 3 target point,original Notebook 3 geometry,5.406821963394343,3.264192870344979,,,,,True,False,False,single measured height represents interval,unavailable,85.0,85.0,,,1.0,measurement SEM plus Notebook 3 MC factor uncertainty; component statistics combined as independent,theory-assisted AP component sum; not an independent direct total measurement,,1.553972613315569,0.5351518819799362,0.0062786885324832,0.0015492318076702,1.560251301848052,0.5351541244406713,exact hollow target point,0.766848138035467,0.3258335826986156,0.0003691605521876,0.0001520997837382,0.7672172985876546,0.325833618198859,exact massive target point,True,True,True,0.28740961397219783,-0.5414987086261451,-71.25903860278021,True,0.1418297371778168,-0.8482327018875164,-85.81702628221832,True,2.0264411377415343,0.3067339932613713,1.1083263607137797,102.64411377415342,0.3067339932613713,True,False,,,,False,,,,True,17.008015876226384,1.2306536525739942,8.168088332329694,1600.8015876226386,,,False,,,,False,,,,True,2.0336497948107635,0.30827616723175805,1.1101750510832642,103.36497948107633,,,Notebook 5 AP estimates use massive Notebook 3 conversion fields; simulation-to-measurement ratios are descriptive,not propagated as independent because cross-covariance is unavailable,OpenMC batch-statistical standard uncertainty; independent-run assumption
P2_x321_h85,P2,321.0,85.0,277.0826746586372,-268.0826746586372,44.0,270.82831517904214,-261.82831517904214,44.0,upper,Upper height interval (85–113 cm),Notebook 3 target point,original Notebook 3 geometry,3.8166666666666655,2.335747499020924,,,,,True,False,False,single measured height represents interval,unavailable,85.0,85.0,,,1.0,measurement SEM plus Notebook 3 MC factor uncertainty; component statistics combined as independent,theory-assisted AP component sum; not an independent direct total measurement,,1.4947793821082849,0.4770135266946282,0.0044921128230253,0.001272597596755,1.4992714949313102,0.4770152242374346,exact hollow target point,0.7660150711154594,0.3292314998435399,0.000511017620293,0.000222940255093,0.7665260887357525,0.3292315753259158,exact massive target point,True,True,True,0.3916452529541359,-0.4071071330772489,-60.83547470458641,True,0.20070263872020777,-0.6974469176266542,-79.92973612797923,True,1.9513707216381657,0.2903397845494054,1.0446003320725057,95.13707216381657,0.29033978454940534,True,False,,,,False,,,,True,8.790524327614529,0.9440147801702893,4.572642358232889,779.0524327614528,,,False,,,,False,,,,True,1.955930159407999,0.2913533433323417,1.0454783708301136,95.5930159407999,,,Notebook 5 AP estimates use massive Notebook 3 conversion fields; simulation-to-measurement ratios are descriptive,not propagated as independent because cross-covariance is unavailable,OpenMC batch-statistical standard uncertainty; independent-run assumption
N5_P2_x400_h85,P2,400.0,85.0,332.9441103723741,-323.9441103723741,43.99999999999967,326.6897508927792,-317.6897508927792,43.99999999999967,upper,Upper height interval (85–113 cm),measured distance added to Notebook 3 target height,position-specific least-squares Notebook 3 coordinate plane,,,,,,,False,False,False,unavailable,unavailable,,,,,1.0,measurement SEM plus Notebook 3 MC factor uncertainty; component statistics combined as independent,theory-assisted AP component sum; not an independent direct total measurement,,,,,,,,outside hollow distance support,,,,,,,outside massive distance support,False,False,False,,,,False,,,,False,,,,,,,False,,,,False,,,,False,,,,,,,False,,,,False,,,,False,,,,,,,Notebook 5 AP estimates use massive Notebook 3 conversion fields; simulation-to-measurement ratios are descriptive,not propagated as independent because cross-covariance is unavailable,OpenMC batch-statistical standard uncertainty; independent-run assumption
P3_x0_h45,P3,0.0,45.0,53.25,0.0,4.0,44.405,0.0,4.0,lower,Lower height interval (38–65 cm),Notebook 3 target point,original Notebook 3 geometry,130.20715474209652,7.932129290959225,,,,,True,False,False,single measured height represents interval,unavailable,45.0,45.0,,,1.0,measurement SEM plus Notebook 3 MC factor uncertainty; component statistics combined as independent,theory-assisted AP component sum; not an independent direct total measurement,,84.37062279463932,3.916014431853718,0.1579420398432907,0.0084186027231544,84.52856483448261,3.9160234809508494,exact hollow target point,58.0302826722592,2.4170139480192385,0.0411090585371057,0.0044227143887707,58.0713917307963,2.417017994414214,exact massive target point,True,True,True,0.6479722482359254,-0.18844359396905438,-35.202775176407464,True,0.4456766050007063,-0.3509801628305089,-55.43233949992936,True,1.4539068036449847,0.16253656886145454,0.09066945062305413,45.390680364498486,0.16253656886145454,True,False,,,,False,,,,True,3.8420252242149906,0.58456021182745,0.46129269219589303,284.20252242149905,,,False,,,,False,,,,True,1.455597365848141,0.16304126098492325,0.09065245866519053,45.5597365848141,,,Notebook 5 AP estimates use massive Notebook 3 conversion fields; simulation-to-measurement ratios are descriptive,not propagated as independent because cross-covariance is unavailable,OpenMC batch-statistical standard uncertainty; independent-run assumption
P3_x5_h45,P3,5.0,45.0,58.25,0.0,4.0,49.405,0.0,4.0,lower,Lower height interval (38–65 cm),Notebook 3 target point,original Notebook 3 geometry,100.84775374376038,7.509756587720255,5.50358610088788,0.7306847848321922,106.35133984464828,7.545219961113992,True,True,True,single measured height represents interval,single measured height represents interval,45.0,45.0,64.0,64.0,1.0,measurement SEM plus Notebook 3 MC factor uncertainty; component statistics combined as independent,theory-assisted AP component sum; not an independent direct total measurement,7.094616741204767,66.89667886796255,3.0539141415287765,0.1402703388964042,0.0079251941360826,67.03694920685895,3.053924424823172,exact hollow target point,51.18670209467823,2.5758832614532423,0.0364305985927589,0.0041398869595721,51.22313269327098,2.5758865882059,exact massive target point,True,True,True,0.6633432712635066,-0.17826167184376668,-33.66567287364935,True,0.5075641270576663,-0.2945090799804908,-49.24358729423337,True,1.3069151973148443,0.1162474081367242,0.08879780696988099,30.69151973148442,0.11624740813672413,True,True,0.02548707993752923,-1.593679918930977,-97.45129200624707,True,0.006619429209417046,-2.179179457975401,-99.3380570790583,True,3.850344060069464,0.5854995390444241,0.4886403211642114,285.03440600694637,0.5854995390444242,True,True,0.630334787552113,-0.20042872393100086,-36.966521244788694,True,0.4816406898878255,-0.3172768302068868,-51.835931011217454,True,1.3087241190085466,0.1168481062758859,0.08880224581199277,30.872411900854665,0.11684810627588593,True,Notebook 5 AP estimates use massive Notebook 3 conversion fields; simulation-to-measurement ratios are descriptive,not propagated as independent because cross-covariance is unavailable,OpenMC batch-statistical standard uncertainty; independent-run assumption
P3_x57_h45,P3,57.0,45.0,110.25,0.0,4.0,101.405,0.0,4.0,lower,Lower height interval (38–65 cm),Notebook 3 target point,original Notebook 3 geometry,23.992512479201327,3.824620891972637,1.1313402705936135,0.365767418686089,25.123852749794946,3.842071156535997,True,True,True,single measured height represents interval,single measured height represents interval,45.0,45.0,64.0,64.0,1.0,measurement SEM plus Notebook 3 MC factor uncertainty; component statistics combined as independent,theory-assisted AP component sum; not an independent direct total measurement,15.292523781279346,13.434125176951444,1.4705226944323464,0.0369532915966621,0.0042605271783294,13.471078468548107,1.4705288664056906,exact hollow target point,10.434414041700515,1.1611529479647065,0.0067530904825721,0.0015030319511412,10.44116713218309,1.1611539207496024,exact massive target point,True,True,True,0.5599299026559741,-0.2518663386994997,-44.007009734402594,True,0.43490293276895947,-0.36160766365891966,-56.50970672310405,True,1.2874824712976465,0.10974132495941999,0.20096835435967328,28.748247129764653,0.10974132495941996,True,True,0.032663286684980045,-1.4859401172927391,-96.733671331502,True,0.005969106428986884,-2.22409067758183,-99.40308935710131,True,5.472056341023203,0.7381505602890912,1.371621999930229,447.20563410232023,0.738150560289091,True,True,0.5361868103075097,-0.27068387345854816,-46.38131896924904,True,0.4155878175280385,-0.3813371917642697,-58.44121824719615,True,1.29018895091008,0.11065331830572156,0.20105355913035788,29.018895091007987,0.11065331830572156,True,Notebook 5 AP estimates use massive Notebook 3 conversion fields; simulation-to-measurement ratios are descriptive,not propagated as independent because cross-covariance is unavailable,OpenMC batch-statistical standard uncertainty; independent-run assumption
P3_x114_h45,P3,114.0,45.0,167.25,0.0,4.0,158.405,0.0,4.0,lower,Lower height interval (38–65 cm),Notebook 3 target point,original Notebook 3 geometry,12.694675540765388,2.8034712886117745,0.3274671110465416,0.1344306565801943,13.02214265181193,2.806692513885186,True,True,True,single measured height represents interval,single measured height represents interval,45.0,45.0,64.0,64.0,1.0,measurement SEM plus Notebook 3 MC factor uncertainty; component statistics combined as independent,theory-assisted AP component sum; not an independent direct total measurement,21.553231207267235,5.8356480983687335,0.9706609773036672,0.0140669330763127,0.0025139336395191,5.849715031445046,0.9706642327408868,exact hollow target point,3.75043461679999,0.5778815281988648,0.002463926754498,0.000691585393914,3.752898543554488,0.5778819420295226,exact massive target point,True,True,True,0.4596925758070135,-0.3375325101980984,-54.03074241929865,True,0.295433672546929,-0.52954000676305,-70.4566327453071,True,1.5559924901045001,0.19200749656495164,0.35279712202059976,55.59924901045002,0.19200749656495164,True,True,0.04295678131265348,-1.3669682671251202,-95.70432186873465,True,0.007524196083764308,-2.123539895074451,-99.24758039162356,True,5.709152291411638,0.7565716279493306,1.8997131732317782,470.9152291411639,0.7565716279493309,True,True,0.4492129435113433,-0.34754773857583643,-55.07870564886567,True,0.2881936286446917,-0.5403156247539489,-71.18063713553083,True,1.5587192042512819,0.19276788617811252,0.35285171643985647,55.87192042512819,0.19276788617811247,True,Notebook 5 AP estimates use massive Notebook 3 conversion fields; simulation-to-measurement ratios are descriptive,not propagated as independent because cross-covariance is unavailable,OpenMC batch-statistical standard uncertainty; independent-run assumption
P3_x176_h45,P3,176.0,45.0,229.25,0.0,4.0,220.405,0.0,4.0,lower,Lower height interval (38–65 cm),Notebook 3 target point,original Notebook 3 geometry,7.416666666666668,2.527045438104363,0.2148198780592428,0.1079764494143577,7.63148654472591,2.5293512132308167,True,True,True,single measured height represents interval,single measured height represents interval,45.0,45.0,45.0,45.0,1.0,measurement SEM plus Notebook 3 MC factor uncertainty; component statistics combined as independent,theory-assisted AP component sum; not an independent direct total measurement,33.14362409482123,2.7712747868336955,0.6813920308204562,0.0058007373341662,0.0017380532479099,2.777075524167862,0.6813942474769787,exact hollow target point,2.700983750599792,0.6434539595378229,0.0018030167067779,0.0004163197050094,2.702786767306569,0.6434540942188487,exact massive target point,True,True,True,0.373655027438251,-0.42752917004101987,-62.6344972561749,True,0.3641775843505337,-0.43868678916291837,-63.58224156494663,True,1.0260242351396207,0.011157619121898533,0.3512670968301792,2.602423513962067,0.011157619121898499,True,True,0.02700279595432262,-1.568591265297781,-97.29972040456775,True,0.008393155806003512,-2.0760747148042644,-99.16068441939964,True,3.217239924821589,0.5074834495064836,1.216999466915067,221.72399248215888,0.5074834495064835,True,True,0.3638970609319999,-0.43902145204269827,-63.61029390680001,True,0.3541625542371498,-0.45079735886549854,-64.58374457628501,True,1.0274859851172515,0.011775906822800311,0.3512756368846192,2.7485985117251586,0.011775906822800275,True,Notebook 5 AP estimates use massive Notebook 3 conversion fields; simulation-to-measurement ratios are descriptive,not propagated as independent because cross-covariance is unavailable,OpenMC batch-statistical standard uncertainty; independent-run assumption
P3_x199_h45,P3,199.0,45.0,252.25,0.0,4.0,243.405,0.0,4.0,lower,Lower height interval (38–65 cm),Notebook 3 target point,original Notebook 3 geometry,5.872712146422629,2.345622802360903,,,,,True,False,False,single measured height represents interval,unavailable,45.0,45.0,,,1.0,measurement SEM plus Notebook 3 MC factor uncertainty; component statistics combined as independent,theory-assisted AP component sum; not an independent direct total measurement,,2.0771795558918256,0.5655195100808171,0.0048459410071011,0.0016404164119359,2.0820254968989267,0.5655218892740156,exact hollow target point,1.4788339071343295,0.413583084970612,0.000406534010655,0.0002039398150783,1.4792404411449849,0.4135831352524625,exact massive target point,True,True,True,0.35370021620370795,-0.45136467471720026,-64.62997837962921,True,0.251814471791396,-0.5989193145834267,-74.8185528208604,True,1.404606390123259,0.1475546398662265,0.5482220297350155,40.46063901232591,0.14755463986622647,True,False,,,,False,,,,True,11.920136766154966,1.0762812383275118,7.213890224556759,1092.0136766154967,,,False,,,,False,,,,True,1.4074963332447594,0.14844727211759928,0.5486517768586842,40.74963332447595,,,Notebook 5 AP estimates use massive Notebook 3 conversion fields; simulation-to-measurement ratios are descriptive,not propagated as independent because cross-covariance is unavailable,OpenMC batch-statistical standard uncertainty; independent-run assumption
P3_x225_h45,P3,225.0,45.0,278.25,0.0,4.0,269.405,0.0,4.0,lower,Lower height interval (38–65 cm),Notebook 3 target point,original Notebook 3 geometry,5.406821963394343,2.631367510167235,,,,,True,False,False,single measured height represents interval,unavailable,45.0,45.0,,,1.0,measurement SEM plus Notebook 3 MC factor uncertainty; component statistics combined as independent,theory-assisted AP component sum; not an independent direct total measurement,,2.0119795357598944,0.5786895722117902,0.0038576188815257,0.001393727244042,2.01583715464142,0.5786912505492852,exact hollow target point,0.6396653227800286,0.2183323423794822,0.0005106475102503,0.0001870970149664,0.6401759702902791,0.2183324225446245,exact massive target point,True,True,True,0.3721186954890588,-0.4293185101887035,-62.788130451094126,True,0.11830708077882665,-0.9269892617022032,-88.16929192211734,True,3.1453628391417183,0.4976707515134997,1.4039303310856608,214.5362839141718,0.4976707515134997,True,False,,,,False,,,,True,7.554367355350154,0.8781980999675885,3.8871963853394442,655.4367355350155,,,False,,,,False,,,,True,3.1488797583691968,0.4981560771898086,1.4037298802155764,214.88797583691968,,,Notebook 5 AP estimates use massive Notebook 3 conversion fields; simulation-to-measurement ratios are descriptive,not propagated as independent because cross-covariance is unavailable,OpenMC batch-statistical standard uncertainty; independent-run assumption
P3_x300_h45,P3,300.0,45.0,353.25,0.0,4.0,344.405,0.0,4.0,lower,Lower height interval (38–65 cm),Notebook 3 target point,original Notebook 3 geometry,2.8111480865224623,1.9308620258442493,,,,,True,False,False,single measured height represents interval,unavailable,45.0,45.0,,,1.0,measurement SEM plus Notebook 3 MC factor uncertainty; component statistics combined as independent,theory-assisted AP component sum; not an independent direct total measurement,,1.0655649644190148,0.4005263874753479,0.0039025782644457,0.0013924986616056,1.0694675426834606,0.4005288080982129,exact hollow target point,0.3817072208829473,0.1838535330685317,0.0001502473643337,7.374957881195064e-05,0.381857468247281,0.1838535478601979,exact massive target point,True,True,True,0.3790497446675513,-0.4213037915702709,-62.09502553324487,True,0.13578339138837014,-0.8671533483876437,-86.42166086116299,True,2.7915766486004636,0.4458495568173728,1.70556997825241,179.15766486004634,0.44584955681737276,True,False,,,,False,,,,True,25.974354237443112,1.4145447591319573,15.762282046460623,2497.4354237443113,,,False,,,,False,,,,True,2.8006982489888115,0.4472663198701581,1.708367300594248,180.06982489888114,,,Notebook 5 AP estimates use massive Notebook 3 conversion fields; simulation-to-measurement ratios are descriptive,not propagated as independent because cross-covariance is unavailable,OpenMC batch-statistical standard uncertainty; independent-run assumption
N5_P3_x320_h45,P3,320.0,45.0,373.24999999999983,0.0,3.999999999999986,364.4049999999999,0.0,3.999999999999986,lower,Lower height interval (38–65 cm),measured distance added to Notebook 3 target height,position-specific least-squares Notebook 3 coordinate plane,,,,,,,False,False,False,unavailable,unavailable,,,,,1.0,measurement SEM plus Notebook 3 MC factor uncertainty; component statistics combined as independent,theory-assisted AP component sum; not an independent direct total measurement,,,,,,,,outside hollow distance support,,,,,,,outside massive distance support,False,False,False,,,,False,,,,False,,,,,,,False,,,,False,,,,False,,,,,,,False,,,,False,,,,False,,,,,,,Notebook 5 AP estimates use massive Notebook 3 conversion fields; simulation-to-measurement ratios are descriptive,not propagated as independent because cross-covariance is unavailable,OpenMC batch-statistical standard uncertainty; independent-run assumption
P3_x0_h85,P3,0.0,85.0,53.25,0.0,44.0,44.405,0.0,44.0,upper,Upper height interval (85–113 cm),Notebook 3 target point,original Notebook 3 geometry,37.08735440931782,3.9488126617606047,,,,,True,False,False,single measured height represents interval,unavailable,85.0,85.0,,,1.0,measurement SEM plus Notebook 3 MC factor uncertainty; component statistics combined as independent,theory-assisted AP component sum; not an independent direct total measurement,,33.933299644994804,2.117354464341706,0.1690485291706505,0.008631778511423,34.102348174165456,2.1173720587719163,exact hollow target point,22.009097120742467,1.6173725044475893,0.0369513963106757,0.0037044567016635,22.046048517053144,1.6173767468164373,exact massive target point,True,True,True,0.914956059428963,-0.03859976233328701,-8.504394057103706,True,0.5934393938655519,-0.22662362760029342,-40.656060613444815,True,1.5417851745046995,0.18802386526700646,0.14863421177429753,54.17851745046995,0.1880238652670064,True,False,,,,False,,,,True,4.574888801206421,0.6603805424222804,0.5147047359907649,357.488880120642,,,False,,,,False,,,,True,1.5468689614733668,0.1894535252575969,0.14867032640812936,54.68689614733669,,,Notebook 5 AP estimates use massive Notebook 3 conversion fields; simulation-to-measurement ratios are descriptive,not propagated as independent because cross-covariance is unavailable,OpenMC batch-statistical standard uncertainty; independent-run assumption
P3_x5_h85,P3,5.0,85.0,58.25,0.0,44.0,49.405,0.0,44.0,upper,Upper height interval (85–113 cm),Notebook 3 target point,original Notebook 3 geometry,34.50831946755408,3.830150289311757,,,,,True,False,False,single measured height represents interval,unavailable,85.0,85.0,,,1.0,measurement SEM plus Notebook 3 MC factor uncertainty; component statistics combined as independent,theory-assisted AP component sum; not an independent direct total measurement,,27.67163945140629,2.078858638560515,0.1172397205119194,0.0067437375209217,27.788879171918204,2.078869576744397,exact hollow target point,19.6582607677422,1.4985053148815364,0.0308712081101665,0.0028171355818625,19.68913197585237,1.498507962935499,exact massive target point,True,True,True,0.8018831365411498,-0.09588891956299725,-19.811686345885015,True,0.5696672880933995,-0.24437871824458895,-43.033271190660045,True,1.4076341634868061,0.14848979868159168,0.15065357544061633,40.76341634868061,0.1484897986815917,True,False,,,,False,,,,True,3.7977043235088046,0.5795211490088881,0.4096600843227732,279.77043235088047,,,False,,,,False,,,,True,1.4113816295202717,0.14964446037748477,0.15062115767381545,41.13816295202717,,,Notebook 5 AP estimates use massive Notebook 3 conversion fields; simulation-to-measurement ratios are descriptive,not propagated as independent because cross-covariance is unavailable,OpenMC batch-statistical standard uncertainty; independent-run assumption
P3_x57_h85,P3,57.0,85.0,110.25,0.0,44.0,101.405,0.0,44.0,upper,Upper height interval (85–113 cm),Notebook 3 target point,original Notebook 3 geometry,17.13727121464226,3.217903113193723,,,,,True,False,False,single measured height represents interval,unavailable,85.0,85.0,,,1.0,measurement SEM plus Notebook 3 MC factor uncertainty; component statistics combined as independent,theory-assisted AP component sum; not an independent direct total measurement,,9.09238596331897,1.0914195177460575,0.0227110262446062,0.0028400462326439,9.115096989563575,1.091423212864579,exact hollow target point,7.503068279911689,0.9833970197507012,0.0067120722894857,0.0015385525530023,7.509780352201175,0.9833982233045367,exact massive target point,True,True,True,0.530562062620001,-0.27526380709365994,-46.94379373799989,True,0.43782164534462115,-0.3587027712711689,-56.21783546553788,True,1.2118223670791366,0.08343896417750898,0.2153742419030572,21.182236707913667,0.08343896417750896,True,False,,,,False,,,,True,3.383608707579398,0.529380133928243,0.8835070950517796,238.3608707579398,,,False,,,,False,,,,True,1.2137634607238372,0.08413405929972265,0.21536973836514592,21.376346072383722,,,Notebook 5 AP estimates use massive Notebook 3 conversion fields; simulation-to-measurement ratios are descriptive,not propagated as independent because cross-covariance is unavailable,OpenMC batch-statistical standard uncertainty; independent-run assumption
P3_x100_h85,P3,100.0,85.0,153.25,0.0,44.0,144.405,0.0,44.0,upper,Upper height interval (85–113 cm),Notebook 3 target point,original Notebook 3 geometry,12.295341098169716,3.4092905135477105,,,,,True,False,False,single measured height represents interval,unavailable,85.0,85.0,,,1.0,measurement SEM plus Notebook 3 MC factor uncertainty; component statistics combined as independent,theory-assisted AP component sum; not an independent direct total measurement,,4.509943176578997,0.7034626445786316,0.0159337754101231,0.0025293265051171,4.52587695198912,0.7034671917084205,exact hollow target point,3.5483131922720985,0.6891622281328047,0.0038449988765789,0.0006471795288723,3.5521581911486777,0.6891625320099132,exact massive target point,True,True,True,0.36680098100331243,-0.4355695114868704,-63.319901899668764,True,0.28859005731856435,-0.5397186355643058,-71.14099426814356,True,1.2710104582654205,0.10414912407743539,0.31661239077369874,27.101045826542038,0.10414912407743537,True,False,,,,False,,,,True,4.144026024865897,0.6174224741551692,0.9587762366031627,314.4026024865897,,,False,,,,False,,,,True,1.2741203258533838,0.10521044400133396,0.3167412140682261,27.412032585338384,,,Notebook 5 AP estimates use massive Notebook 3 conversion fields; simulation-to-measurement ratios are descriptive,not propagated as independent because cross-covariance is unavailable,OpenMC batch-statistical standard uncertainty; independent-run assumption
P3_x114_h85,P3,114.0,85.0,167.25,0.0,44.0,158.405,0.0,44.0,upper,Upper height interval (85–113 cm),Notebook 3 target point,original Notebook 3 geometry,10.348585690515804,2.511925822819129,,,,,True,False,False,single measured height represents interval,unavailable,85.0,85.0,,,1.0,measurement SEM plus Notebook 3 MC factor uncertainty; component statistics combined as independent,theory-assisted AP component sum; not an independent direct total measurement,,5.1522545834475135,0.8327921404115423,0.0113354740281206,0.0020640882077361,5.163590057475634,0.8327946983448966,exact hollow target point,4.0617093748339546,0.6867476376625224,0.0051705815249769,0.0013510141475965,4.066879956358932,0.6867489665622236,exact massive target point,True,True,True,0.4978704083369976,-0.3028836858913783,-50.212959166300244,True,0.3924893213723301,-0.4061721547968441,-60.75106786276699,True,1.2684941506082377,0.1032884689054657,0.2967134273663207,26.849415060823773,0.10328846890546578,True,False,,,,False,,,,True,2.1923015764017455,0.34090029614367967,0.6982020774707158,119.23015764017455,,,False,,,,False,,,,True,1.2696686680908538,0.10369040253576683,0.2964803179363179,26.96686680908537,,,Notebook 5 AP estimates use massive Notebook 3 conversion fields; simulation-to-measurement ratios are descriptive,not propagated as independent because cross-covariance is unavailable,OpenMC batch-statistical standard uncertainty; independent-run assumption
P3_x176_h85,P3,176.0,85.0,229.25,0.0,44.0,220.405,0.0,44.0,upper,Upper height interval (85–113 cm),Notebook 3 target point,original Notebook 3 geometry,6.383333333333335,2.4786888871600827,0.2535697446460502,0.1590636735935641,6.636903077979385,2.4837874006420053,True,True,True,single measured height represents interval,single measured height represents interval,85.0,85.0,88.0,88.0,1.0,measurement SEM plus Notebook 3 MC factor uncertainty; component statistics combined as independent,theory-assisted AP component sum; not an independent direct total measurement,37.42389140626411,2.3477148326988964,0.5506795242797251,0.0093887722537753,0.0019693897615653,2.3571036049526715,0.5506830458230735,exact hollow target point,1.6339211482314075,0.4434291826713808,0.0021985701512777,0.0009132002720641,1.6361197183826852,0.4434301229949829,exact massive target point,True,True,True,0.36778822444369125,-0.4344021797770994,-63.221177555630874,True,0.25596675951405856,-0.5918164295980627,-74.40332404859414,True,1.436859321663175,0.15741424982096333,0.5154112872310018,43.68593216631751,0.1574142498209633,True,True,0.03702638998544871,-1.4314886289126476,-96.29736100145513,True,0.008670475077169056,-2.061957105783258,-99.13295249228308,True,4.270399217563748,0.6304684768706107,1.987108341072116,327.0399217563747,0.6304684768706106,True,True,0.355151126550773,-0.4495868033937047,-64.4848873449227,True,0.24651854926301023,-0.608150396713402,-75.34814507369897,True,1.4406669502661353,0.1585635933196972,0.5155019261426178,44.066695026613544,0.15856359331969727,True,Notebook 5 AP estimates use massive Notebook 3 conversion fields; simulation-to-measurement ratios are descriptive,not propagated as independent because cross-covariance is unavailable,OpenMC batch-statistical standard uncertainty; independent-run assumption
P3_x200_h85,P3,200.0,85.0,253.25,0.0,44.0,244.405,0.0,44.0,upper,Upper height interval (85–113 cm),Notebook 3 target point,original Notebook 3 geometry,4.65,1.871591649810146,,,,,True,False,False,single measured height represents interval,unavailable,85.0,85.0,,,1.0,measurement SEM plus Notebook 3 MC factor uncertainty; component statistics combined as independent,theory-assisted AP component sum; not an independent direct total measurement,,1.6630347210798382,0.4172034841985255,0.0061166624821391,0.0015861802250385,1.6691513835619771,0.417206499464109,exact hollow target point,1.428586413006994,0.4007875175381793,0.0029199451215966,0.0011232039718636,1.4315063581285907,0.4007890914203864,exact massive target point,True,True,True,0.35764187550104043,-0.4465516363126682,-64.23581244989596,True,0.30722288451763313,-0.5125464375677251,-69.27771154823668,True,1.1641120942620196,0.06599480125505693,0.4381185042677482,16.41120942620195,0.06599480125505691,True,False,,,,False,,,,True,2.094786794758171,0.32113982750664194,0.9717993626001791,109.47867947581709,,,False,,,,False,,,,True,1.166010457504401,0.0667024454625233,0.43762354229367817,16.60104575044011,,,Notebook 5 AP estimates use massive Notebook 3 conversion fields; simulation-to-measurement ratios are descriptive,not propagated as independent because cross-covariance is unavailable,OpenMC batch-statistical standard uncertainty; independent-run assumption
P3_x225_h85,P3,225.0,85.0,278.25,0.0,44.0,269.405,0.0,44.0,upper,Upper height interval (85–113 cm),Notebook 3 target point,original Notebook 3 geometry,3.4833333333333334,1.6167116001150756,,,,,True,False,False,single measured height represents interval,unavailable,85.0,85.0,,,1.0,measurement SEM plus Notebook 3 MC factor uncertainty; component statistics combined as independent,theory-assisted AP component sum; not an independent direct total measurement,,1.409396624777398,0.3709741160369594,0.0035287830283952,0.0011059139508638,1.4129254078057931,0.3709757644578283,exact hollow target point,0.7619025960245452,0.2465855064623224,0.0014569584085101,0.0007101575399863,0.7633595544330555,0.2465865290745049,exact massive target point,True,True,True,0.4046114712279611,-0.39296180861320684,-59.53885287720389,True,0.2187280179974771,-0.6600955823838071,-78.1271982002523,True,1.8498383285886497,0.2671337737706002,0.7716902762356117,84.98383285886497,0.2671337737706002,True,False,,,,False,,,,True,2.4220204281629205,0.3841778018132339,1.40352109787269,142.20204281629205,,,False,,,,False,,,,True,1.8509304031115035,0.26739008914032697,0.7704944200658381,85.09304031115036,,,Notebook 5 AP estimates use massive Notebook 3 conversion fields; simulation-to-measurement ratios are descriptive,not propagated as independent because cross-covariance is unavailable,OpenMC batch-statistical standard uncertainty; independent-run assumption
P3_x300_h85,P3,300.0,85.0,353.25,0.0,44.0,344.405,0.0,44.0,upper,Upper height interval (85–113 cm),Notebook 3 target point,original Notebook 3 geometry,2.079034941763727,1.2674227536101352,,,,,True,False,False,single measured height represents interval,unavailable,85.0,85.0,,,1.0,measurement SEM plus Notebook 3 MC factor uncertainty; component statistics combined as independent,theory-assisted AP component sum; not an independent direct total measurement,,1.8912974958225472,0.550046407787025,0.0056816422277046,0.0016883615899775,1.896979138050252,0.5500489989848801,exact hollow target point,0.6345009943373818,0.2690462480989261,0.0006697513802756,0.0002962398466065,0.6351707457176575,0.269046411189883,exact massive target point,True,True,True,0.9096997158778318,-0.041101940930328755,-9.030028412216812,True,0.3051901541390688,-0.5154294814381473,-69.48098458609311,True,2.980763643716044,0.47432754050781856,1.532651809540394,198.0763643716044,0.4743275405078185,True,False,,,,False,,,,True,8.483210927264722,0.9285602654701668,4.520409261353149,748.3210927264722,,,False,,,,False,,,,True,2.986565661028549,0.4751720673532738,1.5330660047253235,198.6565661028549,,,Notebook 5 AP estimates use massive Notebook 3 conversion fields; simulation-to-measurement ratios are descriptive,not propagated as independent because cross-covariance is unavailable,OpenMC batch-statistical standard uncertainty; independent-run assumption
P3_x400_h85,P3,400.0,85.0,453.25,0.0,44.0,444.405,0.0,44.0,upper,Upper height interval (85–113 cm),Notebook 3 target point,original Notebook 3 geometry,0.7666666666666666,0.6485274277536985,,,,,True,False,False,single measured height represents interval,unavailable,85.0,85.0,,,1.0,measurement SEM plus Notebook 3 MC factor uncertainty; component statistics combined as independent,theory-assisted AP component sum; not an independent direct total measurement,,0.2046247297709191,0.1354317313717146,0.0018370168560778,0.0009169925114859,0.2064617466269969,0.1354348357609902,exact hollow target point,0.485841610369534,0.2840260755271255,0.0003739251687849,0.000218453082987,0.486215535538319,0.2840261595365643,exact massive target point,True,True,True,0.2669018214403293,-0.5736484624103757,-73.30981785596707,True,0.6337064483080879,-0.1981118736695024,-36.629355169191214,True,0.42117580175004016,-0.3755365887408733,0.37192839973432185,-57.88241982499598,-0.3755365887408733,False,False,,,,False,,,,True,4.912792744193536,0.6913284429559721,3.7751347613665773,391.27927441935356,,,False,,,,False,,,,True,0.4246300900246029,-0.37198923421941643,0.3729860938458046,-57.53699099753971,,,Notebook 5 AP estimates use massive Notebook 3 conversion fields; simulation-to-measurement ratios are descriptive,not propagated as independent because cross-covariance is unavailable,OpenMC batch-statistical standard uncertainty; independent-run assumption
P4_x0_h42,P4,0.0,42.0,50.10139789775538,41.10139789775538,1.0,43.84703841816037,34.84703841816037,1.0,lower,Lower height interval (38–65 cm),Notebook 3 target point,original Notebook 3 geometry,43.14166666666667,5.130428085648809,2.935941378602709,0.8061332341125823,46.07760804526938,5.193374927073426,True,True,True,single measured height represents interval,single measured height represents interval,42.0,42.0,58.0,58.0,1.0,measurement SEM plus Notebook 3 MC factor uncertainty; component statistics combined as independent,theory-assisted AP component sum; not an independent direct total measurement,11.270929953592962,27.557171638416754,1.7985167313597483,0.0319806104123702,0.0036656808646,27.589152248829123,1.7985204669942332,exact hollow target point,17.701893173311774,1.4745276221812191,0.0058024312080461,0.0006322992986968,17.70769560451982,1.4745277577508682,exact massive target point,True,True,True,0.6387600147981476,-0.19466227771832378,-36.12399852018524,True,0.4103201044615439,-0.3868772033772163,-58.96798955384562,True,1.556735845630527,0.1922149256588926,0.16473489637844066,55.673584563052685,0.19221492565889253,True,True,0.010892795968423118,-1.9628606310060055,-98.91072040315768,True,0.001976344367886401,-2.7041373795650534,-99.80236556321135,True,5.511588033654482,0.7412767485590477,0.8716846721226802,451.1588033654482,0.7412767485590479,True,True,0.5987540026323394,-0.22275157033674944,-40.124599736766065,True,0.3843015372482601,-0.41532787830665985,-61.56984627517399,True,1.5580317656797251,0.1925763079699104,0.16476601295267482,55.803176567972514,0.1925763079699104,True,Notebook 5 AP estimates use massive Notebook 3 conversion fields; simulation-to-measurement ratios are descriptive,not propagated as independent because cross-covariance is unavailable,OpenMC batch-statistical standard uncertainty; independent-run assumption
P4_x20_h42,P4,20.0,42.0,64.24353352148633,55.243533521486334,1.0,57.98917404189133,48.98917404189133,1.0,lower,Lower height interval (38–65 cm),Notebook 3 target point,original Notebook 3 geometry,27.43333333333333,3.753133589733692,2.1342107284304856,0.5917528938416705,29.56754406176381,3.7994977601990105,True,True,True,single measured height represents interval,single measured height represents interval,42.0,42.0,58.0,58.0,1.0,measurement SEM plus Notebook 3 MC factor uncertainty; component statistics combined as independent,theory-assisted AP component sum; not an independent direct total measurement,12.850231159754822,17.695444010998063,1.5810702861452577,0.0231779942073238,0.0031008045119789,17.718622005205386,1.5810733268005213,exact hollow target point,12.650542755496488,1.2041698178835762,0.0051742136284267,0.0007721907455204,12.655716969124915,1.204170065472611,exact massive target point,True,True,True,0.6450344110934896,-0.19041711614088236,-35.49655889065104,True,0.46113764600837753,-0.3361694217269735,-53.88623539916225,True,1.3987893130758864,0.1457523055860912,0.18261487022360998,39.87893130758863,0.14575230558609115,True,True,0.010860218205523253,-1.9641614487340373,-98.91397817944768,True,0.002424415527248265,-2.615392943199956,-99.75755844727517,True,4.479520149687254,0.6512314944659184,0.8978031058426624,347.9520149687254,0.6512314944659185,True,True,0.5992591731052419,-0.22238530932017878,-40.074082689475816,True,0.4280273310048449,-0.36852849891762146,-57.1972668995155,True,1.4000488513161296,0.14614318959744266,0.18262779098743048,40.00488513161295,0.14614318959744269,True,Notebook 5 AP estimates use massive Notebook 3 conversion fields; simulation-to-measurement ratios are descriptive,not propagated as independent because cross-covariance is unavailable,OpenMC batch-statistical standard uncertainty; independent-run assumption
P4_x71_h42,P4,71.0,42.0,100.30597936200024,91.30597936200024,1.0,94.05161988240523,85.05161988240525,1.0,lower,Lower height interval (38–65 cm),Notebook 3 target point,original Notebook 3 geometry,71.89600665557404,15.38606506140286,0.9250738271217954,0.2690908070372506,72.82108048269583,15.388417980291338,True,True,True,single measured height represents interval,single measured height represents interval,42.0,42.0,58.0,58.0,1.0,measurement SEM plus Notebook 3 MC factor uncertainty; component statistics combined as independent,theory-assisted AP component sum; not an independent direct total measurement,21.131817707577166,6.267532982046007,0.8856012775076274,0.0123061439503434,0.0023555887502409,6.279839125996351,0.8856044102879693,exact hollow target point,5.230060516129014,0.7766678391108236,0.0025359693844018,0.0004710264750707,5.232596485513416,0.7766679819427451,exact massive target point,True,True,True,0.08717498055311101,-1.0596081408338616,-91.2825019446889,True,0.07274479848629439,-1.1381980548432353,-92.72552015137056,True,1.1983672010519812,0.07858991400937365,0.2456451302262356,19.83672010519813,0.07858991400937376,True,True,0.013302877661809764,-1.8760544028327222,-98.66971223381904,True,0.0027413697264487774,-2.562032387544032,-99.72586302735513,True,4.852639005043135,0.6859779847113098,1.2942876035457156,385.2639005043135,0.6859779847113097,True,True,0.08623655518938095,-1.0643086001643352,-91.3763444810619,True,0.07185551835854476,-1.143539873310743,-92.81444816414553,True,1.2001382379440597,0.07923127314640777,0.24571702072746227,20.013823794405976,0.07923127314640777,True,Notebook 5 AP estimates use massive Notebook 3 conversion fields; simulation-to-measurement ratios are descriptive,not propagated as independent because cross-covariance is unavailable,OpenMC batch-statistical standard uncertainty; independent-run assumption
N5_P4_x85_h42,P4,85.0,42.0,110.20547429861185,101.20547429861186,0.9999999999999788,103.95111481901688,94.95111481901688,0.9999999999999788,lower,Lower height interval (38–65 cm),measured distance added to Notebook 3 target height,position-specific least-squares Notebook 3 coordinate plane,12.922148209825146,2.96306732507107,,,,,True,False,False,single measured height represents interval,unavailable,45.0,45.0,,,1.0,measurement SEM plus Notebook 3 MC factor uncertainty; component statistics combined as independent,theory-assisted AP component sum; not an independent direct total measurement,,,,,,,,outside hollow distance support,,,,,,,outside massive distance support,False,False,False,,,,False,,,,False,,,,,,,False,,,,False,,,,False,,,,,,,False,,,,False,,,,False,,,,,,,Notebook 5 AP estimates use massive Notebook 3 conversion fields; simulation-to-measurement ratios are descriptive,not propagated as independent because cross-covariance is unavailable,OpenMC batch-statistical standard uncertainty; independent-run assumption
N5_P4_x0_h45,P4,0.0,45.0,50.10139789775533,41.10139789775533,3.9999999999999782,43.84703841816031,34.84703841816035,3.9999999999999782,lower,Lower height interval (38–65 cm),measured distance added to Notebook 3 target height,position-specific least-squares Notebook 3 coordinate plane,43.14166666666667,5.130428085648809,2.935941378602709,0.8061332341125823,46.07760804526938,5.193374927073426,True,True,True,single measured height represents interval,single measured height represents interval,42.0,42.0,58.0,58.0,1.0,measurement SEM plus Notebook 3 MC factor uncertainty; component statistics combined as independent,theory-assisted AP component sum; not an independent direct total measurement,11.270929953592962,,,,,,,outside hollow distance support,,,,,,,outside massive distance support,False,False,False,,,,False,,,,False,,,,,,,False,,,,False,,,,False,,,,,,,False,,,,False,,,,False,,,,,,,Notebook 5 AP estimates use massive Notebook 3 conversion fields; simulation-to-measurement ratios are descriptive,not propagated as independent because cross-covariance is unavailable,OpenMC batch-statistical standard uncertainty; independent-run assumption
N5_P4_x20_h45,P4,20.0,45.0,64.24353352148628,55.243533521486285,3.9999999999999782,57.98917404189127,48.9891740418913,3.9999999999999782,lower,Lower height interval (38–65 cm),measured distance added to Notebook 3 target height,position-specific least-squares Notebook 3 coordinate plane,27.43333333333333,3.753133589733692,2.1342107284304856,0.5917528938416705,29.56754406176381,3.7994977601990105,True,True,True,single measured height represents interval,single measured height represents interval,42.0,42.0,58.0,58.0,1.0,measurement SEM plus Notebook 3 MC factor uncertainty; component statistics combined as independent,theory-assisted AP component sum; not an independent direct total measurement,12.850231159754822,,,,,,,outside hollow distance support,,,,,,,outside massive distance support,False,False,False,,,,False,,,,False,,,,,,,False,,,,False,,,,False,,,,,,,False,,,,False,,,,False,,,,,,,Notebook 5 AP estimates use massive Notebook 3 conversion fields; simulation-to-measurement ratios are descriptive,not propagated as independent because cross-covariance is unavailable,OpenMC batch-statistical standard uncertainty; independent-run assumption
N5_P4_x71_h45,P4,71.0,45.0,100.3059793620002,91.3059793620002,3.9999999999999782,94.0516198824052,85.05161988240522,3.9999999999999782,lower,Lower height interval (38–65 cm),measured distance added to Notebook 3 target height,position-specific least-squares Notebook 3 coordinate plane,71.89600665557404,15.38606506140286,0.9250738271217954,0.2690908070372506,72.82108048269583,15.388417980291338,True,True,True,single measured height represents interval,single measured height represents interval,42.0,42.0,58.0,58.0,1.0,measurement SEM plus Notebook 3 MC factor uncertainty; component statistics combined as independent,theory-assisted AP component sum; not an independent direct total measurement,21.131817707577166,,,,,,,outside hollow distance support,,,,,,,outside massive distance support,False,False,False,,,,False,,,,False,,,,,,,False,,,,False,,,,False,,,,,,,False,,,,False,,,,False,,,,,,,Notebook 5 AP estimates use massive Notebook 3 conversion fields; simulation-to-measurement ratios are descriptive,not propagated as independent because cross-covariance is unavailable,OpenMC batch-statistical standard uncertainty; independent-run assumption
P4_x85_h45,P4,85.0,45.0,110.20547429861192,101.20547429861192,4.0,103.95111481901692,94.95111481901692,4.0,lower,Lower height interval (38–65 cm),Notebook 3 target point,original Notebook 3 geometry,12.922148209825146,2.96306732507107,,,,,True,False,False,single measured height represents interval,unavailable,45.0,45.0,,,1.0,measurement SEM plus Notebook 3 MC factor uncertainty; component statistics combined as independent,theory-assisted AP component sum; not an independent direct total measurement,,6.307294279818494,0.9885341999119344,0.0064114920297881,0.0014147874355194,6.313705771848283,0.9885352123313648,exact hollow target point,4.247037163702468,0.6541284611997993,0.0024430912515458,0.0004407145542657,4.249480254954014,0.6541286096639832,exact massive target point,True,True,True,0.4880995154523027,-0.31149162347745873,-51.19004845476973,True,0.32866339982645476,-0.4832486565463875,-67.13366001735452,True,1.485104565065765,0.17175703306892884,0.32633813350070895,48.5104565065765,0.17175703306892875,True,False,,,,False,,,,True,2.624335880099199,0.41901941818018473,0.7479775018823317,162.43358800991993,,,False,,,,False,,,,True,1.485759526588648,0.17194852360574234,0.3262213967075218,48.57595265886481,,,Notebook 5 AP estimates use massive Notebook 3 conversion fields; simulation-to-measurement ratios are descriptive,not propagated as independent because cross-covariance is unavailable,OpenMC batch-statistical standard uncertainty; independent-run assumption
N5_P4_x138_h113,P4,138.0,113.0,147.6821337014988,138.68213370149886,71.99999999999997,141.42777422190383,132.42777422190383,71.99999999999997,upper,Upper height interval (85–113 cm),measured distance added to Notebook 3 target height,position-specific least-squares Notebook 3 coordinate plane,,,,,,,False,False,False,unavailable,unavailable,,,,,1.0,measurement SEM plus Notebook 3 MC factor uncertainty; component statistics combined as independent,theory-assisted AP component sum; not an independent direct total measurement,,,,,,,,outside hollow distance support,,,,,,,outside massive distance support,False,False,False,,,,False,,,,False,,,,,,,False,,,,False,,,,False,,,,,,,False,,,,False,,,,False,,,,,,,Notebook 5 AP estimates use massive Notebook 3 conversion fields; simulation-to-measurement ratios are descriptive,not propagated as independent because cross-covariance is unavailable,OpenMC batch-statistical standard uncertainty; independent-run assumption
P4_x152_h113,P4,152.0,113.0,157.5816286381106,148.5816286381106,72.0,151.3272691585156,142.3272691585156,72.0,upper,Upper height interval (85–113 cm),Notebook 3 target point,original Notebook 3 geometry,4.487510407993339,1.3722526890169302,,,,,True,False,False,single measured height represents interval,unavailable,113.0,113.0,,,1.0,measurement SEM plus Notebook 3 MC factor uncertainty; component statistics combined as independent,theory-assisted AP component sum; not an independent direct total measurement,,3.355486940763043,0.7090731813281008,0.005493000217265,0.0011152848762168,3.3609799409803083,0.7090740584305062,exact hollow target point,2.916472851025909,0.6219148112493235,0.0011838276001011,0.0004608733961559,2.91765667862601,0.6219149820156843,exact massive target point,True,True,True,0.7477390882004665,-0.12624991593476206,-25.226091179953347,True,0.6499088772765779,-0.18714753084966768,-35.009112272342215,True,1.1505291193033753,0.06089761491490562,0.3454027345421463,15.052911930337523,0.06089761491490561,True,False,,,,False,,,,True,4.640033917773072,0.6665211551772614,2.037312184437664,364.0033917773071,,,False,,,,False,,,,True,1.1519449720050918,0.06143173349228212,0.34547728127979205,15.19449720050918,,,Notebook 5 AP estimates use massive Notebook 3 conversion fields; simulation-to-measurement ratios are descriptive,not propagated as independent because cross-covariance is unavailable,OpenMC batch-statistical standard uncertainty; independent-run assumption
P5_x0_h45,P5,0.0,45.0,0.0,44.25,4.0,0.0,35.405,4.0,lower,Lower height interval (38–65 cm),Notebook 3 target point,original Notebook 3 geometry,250.8745892661556,24.561680514635324,15.038246705548511,1.4631574609398048,265.9128359717041,24.605222605343776,True,True,True,single measured height represents interval,single measured height represents interval,45.0,45.0,40.0,40.0,1.0,measurement SEM plus Notebook 3 MC factor uncertainty; component statistics combined as independent,theory-assisted AP component sum; not an independent direct total measurement,9.253115787145388,129.52962322426177,4.323085672776985,0.3177031501573266,0.0117817288659612,129.84732637441908,4.323101727152012,exact hollow target point,93.40929036249908,3.521472073005034,0.0947547921841554,0.0084144361102932,93.50404515468324,3.521482125993177,exact massive target point,True,True,True,0.5163122482956709,-0.2870875722138128,-48.36877517043291,True,0.37233460206446073,-0.42906660174195255,-62.766539793553925,True,1.386688869186227,0.14197902952813965,0.06982018315234778,38.66888691862269,0.14197902952813973,True,True,0.021126342477152397,-1.6751756841820764,-97.88736575228477,True,0.006300920183015396,-2.2005960217807674,-99.36990798169847,True,3.352897967839688,0.5254203375986908,0.32266419168911464,235.2897967839688,0.525420337598691,True,True,0.4883078543385404,-0.3113062901159307,-51.16921456614596,True,0.3516341917568547,-0.45390890217233587,-64.83658082431452,True,1.388681379074171,0.14260261205640518,0.06980585812661867,38.86813790741711,0.14260261205640518,True,Notebook 5 AP estimates use massive Notebook 3 conversion fields; simulation-to-measurement ratios are descriptive,not propagated as independent because cross-covariance is unavailable,OpenMC batch-statistical standard uncertainty; independent-run assumption
P5_x6_h45,P5,6.0,45.0,0.0,50.25,4.0,0.0,41.405,4.0,lower,Lower height interval (38–65 cm),Notebook 3 target point,original Notebook 3 geometry,193.56666666666663,11.185854298950954,12.418098370247066,1.4805769454285564,205.9847650369137,11.283414575769788,True,True,True,single measured height represents interval,interpolated between measured heights,45.0,45.0,40.0,60.0,1.0,measurement SEM plus Notebook 3 MC factor uncertainty; component statistics combined as independent,theory-assisted AP component sum; not an independent direct total measurement,5.477790832612175,103.08263063674076,3.9710270466675066,0.2316669684325352,0.0098997350601823,103.31429760517332,3.971039386624001,exact hollow target point,76.73256730359041,3.072980826900084,0.0837308829406217,0.0090154606781545,76.81629818653104,3.0729940515768592,exact massive target point,True,True,True,0.5325432958674399,-0.273645078232985,-46.745670413256015,True,0.39641415862023643,-0.4018508423279645,-60.35858413797636,True,1.3434012995928704,0.12820576409497947,0.07465057278238532,34.34012995928705,0.12820576409497947,True,True,0.018655591341391994,-1.7291909802209455,-98.1344408658608,True,0.006742649352918262,-2.1711694249373807,-99.32573506470818,True,2.766804317551785,0.4419784447164353,0.32051141404522826,176.6804317551785,0.4419784447164352,True,True,0.5015628101751058,-0.2996746730037224,-49.84371898248942,True,0.37292223127649804,-0.4283817259631223,-62.707776872350195,True,1.34495282959741,0.12870705295939985,0.07461422535602091,34.495282959741004,0.12870705295939988,True,Notebook 5 AP estimates use massive Notebook 3 conversion fields; simulation-to-measurement ratios are descriptive,not propagated as independent because cross-covariance is unavailable,OpenMC batch-statistical standard uncertainty; independent-run assumption
P5_x0_h85,P5,0.0,85.0,0.0,44.25,44.0,0.0,35.405,44.0,upper,Upper height interval (85–113 cm),Notebook 3 target point,original Notebook 3 geometry,51.51338538761853,4.7285273441513365,,,,,True,False,False,single measured height represents interval,unavailable,85.0,85.0,,,1.0,measurement SEM plus Notebook 3 MC factor uncertainty; component statistics combined as independent,theory-assisted AP component sum; not an independent direct total measurement,,47.14856103464216,2.455974562766684,0.4339006430832772,0.0141888132553705,47.58246167772543,2.4560155486842103,exact hollow target point,33.10702053839006,2.12522867193718,0.1001638670651971,0.0064844589000948,33.20718440545526,2.125238564545424,exact massive target point,True,True,True,0.9152681517603097,-0.03845164935583506,-8.473184823969024,True,0.6426877264864732,-0.19199999380376667,-35.73122735135268,True,1.4241257675232322,0.1535483444479316,0.11773035671181681,42.41257675232322,0.1535483444479316,True,False,,,,False,,,,True,4.331907860554638,0.6366792106314341,0.31418737956455284,333.1907860554639,,,False,,,,False,,,,True,1.4328966014326892,0.1562148526113149,0.11781275398581523,43.28966014326891,,,Notebook 5 AP estimates use massive Notebook 3 conversion fields; simulation-to-measurement ratios are descriptive,not propagated as independent because cross-covariance is unavailable,OpenMC batch-statistical standard uncertainty; independent-run assumption
P5_x6_h85,P5,6.0,85.0,0.0,50.25,44.0,0.0,41.405,44.0,upper,Upper height interval (85–113 cm),Notebook 3 target point,original Notebook 3 geometry,44.66666666666666,4.62379622715073,12.912692835266954,0.9092158016323224,57.57935950193362,4.712341766484179,True,True,True,single measured height represents interval,single measured height represents interval,85.0,85.0,85.0,85.0,1.0,measurement SEM plus Notebook 3 MC factor uncertainty; component statistics combined as independent,theory-assisted AP component sum; not an independent direct total measurement,8.184081600153837,41.47182514764208,2.278500536622854,0.3440145794602819,0.0125396476500673,41.81583972710236,2.278535042116715,exact hollow target point,29.903527880843477,2.14569324531484,0.0792814113200763,0.0048065154279442,29.982809292163548,2.1456986287874376,exact massive target point,True,True,True,0.9284736973352706,-0.03223039484714306,-7.152630266472938,True,0.6694819674815705,-0.17426111623034057,-33.05180325184295,True,1.3868539295060693,0.1420307213831975,0.12533293268369564,38.68539295060693,0.1420307213831975,True,True,0.026641583118953656,-1.5744399717165423,-97.33584168810464,True,0.006139804634982417,-2.2118454476371636,-99.38601953650175,True,4.339158117044867,0.6374054759206211,0.3069531089429919,333.91581170448677,0.6374054759206214,True,True,0.7262296782877223,-0.1389260070711276,-27.377032171227768,True,0.520721479910812,-0.28339450718251596,-47.9278520089188,True,1.3946604976082595,0.14446850011138837,0.12544645401496188,39.46604976082594,0.14446850011138837,True,Notebook 5 AP estimates use massive Notebook 3 conversion fields; simulation-to-measurement ratios are descriptive,not propagated as independent because cross-covariance is unavailable,OpenMC batch-statistical standard uncertainty; independent-run assumption
